song_name,artist_name,genre,danceability,energy,loudness,speechiness,acousticness,instrumentalness,liveness,valence,tempo
Shape of You,Ed Sheeran,Pop,0.825,0.652,-3.183,0.0802,0.581,0.0,0.0931,0.931,95.977
Blinding Lights,The Weeknd,Synthpop,0.514,0.73,-5.934,0.0598,0.00146,9.5e-05,0.0897,0.334,171.005
Bohemian Rhapsody,Queen,Classic Rock,0.414,0.404,-9.928,0.0499,0.271,0.0,0.3,0.224,71.105
Billie Jean,Michael Jackson,Pop / Funk,0.92,0.654,-3.051,0.0401,0.0236,0.0158,0.0402,0.847,117.046
Rolling in the Deep,Adele,Soul / Pop,0.729,0.756,-5.119,0.0294,0.131,0.0,0.0527,0.522,104.945
Gia Pia Ellada,Afroditi Manou,14 Megala Tragoudia - Afroditi Manou,0.576,0.315,-9.918,0.0363,0.691,9.41e-06,0.13,0.308,118.93
Nychterini Ekpompi,Afroditi Manou,Nychterini Ekpompi,0.766,0.844,-9.164,0.0276,0.037,0.0119,0.273,0.968,132.134
San Ti Mousiki,Afroditi Manou,Nychterini Ekpompi,0.474,0.516,-8.839,0.0287,0.534,4.56e-06,0.123,0.28,64.272
Skini Zilotypias,Afroditi Manou,Nychterini Ekpompi,0.799,0.707,-9.558,0.0321,0.387,0.0,0.0492,0.769,126.919
S.A.S. - Skotadi pano ap' tin Athina,Afroditi Manou,Nychterini Ekpompi,0.776,0.682,-8.294,0.0301,0.245,0.0,0.101,0.912,127.357
Gkazi - Tavros,Afroditi Manou,Nychterini Ekpompi,0.587,0.532,-9.55,0.0241,0.49,1.76e-06,0.108,0.55,96.56
O Alafroiskiotos,Afroditi Manou,Nychterini Ekpompi,0.482,0.453,-9.783,0.0294,0.474,0.0,0.163,0.318,105.91
Aspromavri Zoi,Afroditi Manou,Nychterini Ekpompi,0.738,0.646,-8.995,0.0807,0.298,7.14e-06,0.0757,0.945,112.121
Ston Kathrefti,Afroditi Manou,Nychterini Ekpompi,0.643,0.67,-8.805,0.0248,0.357,0.000729,0.13,0.912,140.434
Ma Poios Eisai Telos Panton,Afroditi Manou,Nychterini Ekpompi,0.608,0.621,-6.909,0.035,0.562,0.0,0.152,0.877,200.958
Alkool Kai Giasemi,Afroditi Manou,Nychterini Ekpompi,0.471,0.579,-8.424,0.0264,0.532,0.00486,0.157,0.156,90.316
Kai Pou 'Sai Akoma,Afroditi Manou,Nychterini Ekpompi,0.538,0.6,-9.798,0.0316,0.457,0.000952,0.167,0.812,140.031
Vavel,Afroditi Manou,Pou Pas Karavaki Me Tetion Kero,0.763,0.439,-10.725,0.0421,0.244,0.0,0.218,0.731,139.924
Mesanihta Stin Porta Sou,Afroditi Manou,Pou Pas Karavaki Me Tetion Kero,0.476,0.329,-12.304,0.0342,0.315,0.0,0.271,0.454,115.03
Mou To 'Pan Magi Dekatris,Afroditi Manou,Pou Pas Karavaki Me Tetion Kero,0.733,0.352,-12.73,0.0406,0.473,0.0,0.186,0.821,143.723
Superman,Afroditi Manou,Pou Pas Karavaki Me Tetion Kero,0.34,0.25,-13.994,0.0309,0.258,0.0,0.136,0.0718,140.266
Treli Ti Kathese Ke Les,Afroditi Manou,Pou Pas Karavaki Me Tetion Kero,0.662,0.28,-13.272,0.033,0.482,0.0,0.278,0.532,105.032
Aristera Stin Edem,Afroditi Manou,Pou Pas Karavaki Me Tetion Kero,0.516,0.372,-12.398,0.0337,0.347,0.0,0.119,0.619,133.501
Ipirotiko Tragoudi,Afroditi Manou,Pou Pas Karavaki Me Tetion Kero,0.569,0.447,-12.535,0.0364,0.219,0.0,0.0781,0.622,113.864
Fthinoporinos Skilos,Afroditi Manou,Pou Pas Karavaki Me Tetion Kero,0.334,0.147,-15.153,0.0415,0.684,0.000981,0.104,0.082,118.362
Pou Pas Karavaki Me Tetion Kero,Afroditi Manou,Pou Pas Karavaki Me Tetion Kero,0.253,0.206,-15.634,0.0379,0.598,0.0,0.106,0.243,171.81
San Afroditi,Afroditi Manou,San Afroditi,0.354,0.235,-15.131,0.0331,0.938,1.7e-05,0.044,0.257,101.093
San Ti Soragia,Afroditi Manou,San Afroditi,0.398,0.382,-14.145,0.0376,0.00845,3.49e-05,0.12,0.544,105.381
Ta Lefta Sou I Ti Zoi Sou,Afroditi Manou,San Afroditi,0.71,0.459,-13.27,0.0313,0.631,0.000222,0.0796,0.896,133.773
Mou To 'Han Pi Apo Mikri,Afroditi Manou,San Afroditi,0.684,0.373,-14.043,0.0434,0.681,0.000172,0.0914,0.851,100.979
To Kalathaki,Afroditi Manou,San Afroditi,0.467,0.229,-13.907,0.0394,0.879,0.00238,0.188,0.502,128.534
I Nihta,Afroditi Manou,San Afroditi,0.397,0.301,-12.826,0.0347,0.643,1.81e-05,0.146,0.305,123.074
O Vasilias Ki Ego,Afroditi Manou,San Afroditi,0.239,0.0777,-18.509,0.037,0.791,0.000648,0.232,0.158,99.461
O Petros,Afroditi Manou,San Afroditi,0.681,0.467,-12.203,0.062,0.275,0.0,0.137,0.753,136.01
Mama,Afroditi Manou,San Afroditi,0.554,0.395,-13.554,0.0578,0.459,0.0,0.265,0.419,134.83
Anthropino Kreas Mirizi,Afroditi Manou,San Afroditi,0.521,0.33,-12.985,0.0781,0.573,0.0,0.239,0.402,136.289
Kratao Maheri,Afroditi Manou,San Afroditi,0.512,0.427,-12.906,0.0442,0.2,0.000534,0.0506,0.823,107.717
O Kosmos Pia Me Diohni,Afroditi Manou,San Afroditi,0.696,0.432,-13.076,0.378,0.966,0.011,0.445,0.717,146.167
I Podilatissa,Afroditi Manou,I Podilatissa,0.621,0.448,-7.09,0.0278,0.696,0.0,0.28,0.868,112.075
Tou Sotiros,Afroditi Manou,I Podilatissa,0.588,0.543,-6.488,0.0282,0.612,0.0,0.339,0.69,142.074
Ta Koritsia Tou Ispahan,Afroditi Manou,I Podilatissa,0.535,0.311,-9.126,0.03,0.771,7.69e-06,0.428,0.325,108.097
I Panagia Ton Koimitirion,Afroditi Manou,I Podilatissa,0.392,0.295,-8.905,0.0419,0.736,0.0,0.102,0.342,117.382
To Kohyli,Afroditi Manou,I Podilatissa,0.451,0.295,-11.723,0.0285,0.827,7.41e-06,0.276,0.521,95.974
Tyhi,Afroditi Manou,I Podilatissa,0.253,0.198,-13.688,0.0359,0.979,0.0489,0.0947,0.178,86.766
O Glaros,Afroditi Manou,I Podilatissa,0.528,0.601,-6.448,0.0277,0.508,0.0,0.0761,0.857,182.068
Sou To 'Pa Gia Ta Synnefa,Afroditi Manou,I Podilatissa,0.339,0.31,-10.659,0.0329,0.875,4.89e-05,0.273,0.415,116.235
Stin Xylini Paragka,Afroditi Manou,I Podilatissa,0.513,0.444,-8.99,0.0251,0.693,0.0,0.362,0.502,104.233
O Avgoustos,Afroditi Manou,I Podilatissa,0.492,0.357,-10.353,0.0299,0.624,0.000118,0.137,0.779,135.049
O Chameleon,Afroditi Manou,I Podilatissa,0.37,0.416,-7.634,0.0308,0.658,1.02e-06,0.0785,0.385,136.882
Louloudaki,Afroditi Manou,Keros Gia Dio,0.49,0.213,-14.36,0.0433,0.952,0.0,0.104,0.462,111.301
Keros Gia Dio,Afroditi Manou,Keros Gia Dio,0.768,0.432,-13.147,0.0371,0.586,5.73e-05,0.151,0.864,117.924
Gis Madiam,Afroditi Manou,Keros Gia Dio,0.462,0.362,-12.585,0.0397,0.311,0.0,0.101,0.387,103.551
Me To Kalokeri Malosa,Afroditi Manou,Keros Gia Dio,0.309,0.164,-14.109,0.0434,0.926,0.0,0.118,0.362,70.931
Ston Psihanaliti,Afroditi Manou,Keros Gia Dio,0.706,0.563,-11.18,0.0284,0.0548,0.0,0.0963,0.9,97.026
Karavi Kokkino,Afroditi Manou,Keros Gia Dio,0.37,0.285,-15.022,0.0351,0.534,0.0,0.133,0.49,150.391
Mia Paliokatina,Afroditi Manou,Keros Gia Dio,0.723,0.414,-11.632,0.0429,0.398,0.0,0.275,0.517,121.299
Amore Mio,Afroditi Manou,Keros Gia Dio,0.525,0.493,-12.295,0.0471,0.219,0.0,0.334,0.662,111.688
O Hronos Ine Krima,Afroditi Manou,Keros Gia Dio,0.468,0.417,-11.287,0.05,0.376,0.0,0.346,0.459,170.677
Arseniko,Afroditi Manou,Keros Gia Dio,0.719,0.651,-10.916,0.0446,0.325,0.000132,0.0987,0.934,94.629
To Milo,Afroditi Manou,Keros Gia Dio,0.353,0.128,-15.978,0.04,0.842,0.0,0.122,0.0954,88.589
Piso Apo Ta Kathimerina,Afroditi Manou,Apopeira,0.567,0.539,-9.516,0.036,0.301,1.93e-05,0.0745,0.421,76.618
Me Mathimatiki Akriveia,Afroditi Manou,Apopeira,0.556,0.584,-8.908,0.0298,0.225,0.00166,0.309,0.753,90.956
Mesimeri Me Yposheseis,Afroditi Manou,Apopeira,0.465,0.27,-12.714,0.0364,0.813,0.000892,0.113,0.254,122.061
Mas Listepsan,Afroditi Manou,Apopeira,0.642,0.442,-9.265,0.0368,0.517,0.0,0.346,0.797,86.724
Apopeira,Afroditi Manou,Apopeira,0.638,0.565,-8.448,0.0244,0.219,0.287,0.106,0.645,123.353
Stegni Anoixi,Afroditi Manou,Apopeira,0.426,0.315,-13.623,0.0326,0.688,0.0059,0.226,0.203,104.31
O Isovitis,Afroditi Manou,Apopeira,0.434,0.31,-9.378,0.0399,0.923,0.00278,0.153,0.15,97.1
Hamilose,Afroditi Manou,Apopeira,0.592,0.554,-7.594,0.0327,0.487,0.00047,0.127,0.437,123.48
Meres Sto Iodio,Afroditi Manou,Apopeira,0.231,0.0666,-16.684,0.0385,0.283,0.00224,0.0886,0.166,99.001
O Trelos,Manolis Mitsias,Paron,0.607,0.54,-7.973,0.0332,0.784,0.0,0.0943,0.752,144.007
Se Mathane,Manolis Mitsias,Paron,0.568,0.39,-9.286,0.0326,0.791,0.0,0.104,0.707,121.993
Ama Perasi Touto Do,Manolis Mitsias,Paron,0.632,0.608,-6.918,0.0334,0.721,0.0,0.0834,0.703,81.132
Kinonia,Manolis Mitsias,Paron,0.583,0.406,-8.209,0.0352,0.686,0.0,0.243,0.484,118.184
Farmaki,Manolis Mitsias,Paron,0.582,0.468,-8.801,0.0316,0.765,1.17e-06,0.0883,0.818,148.403
To Idio Kani,Manolis Mitsias,Paron,0.446,0.611,-6.664,0.0397,0.763,0.0,0.104,0.576,112.423
I Zoi Mou Oli,Giorgos Marinis,Megaloi Dimiourgoi,0.612,0.59,-6.896,0.0528,0.311,1.66e-05,0.377,0.521,144.084
Kai Ti Den Kano,Giorgos Marinis,Megaloi Dimiourgoi,0.382,0.645,-5.768,0.0353,0.124,2.69e-05,0.298,0.453,86.663
Ante Na Perasei Mera,Giorgos Marinis,Megaloi Dimiourgoi,0.571,0.653,-5.751,0.0369,0.633,0.0,0.106,0.537,145.938
Sto Stathmo Tou Monachou,Giorgos Marinis,Megaloi Dimiourgoi,0.635,0.651,-6.224,0.0289,0.521,5.85e-05,0.437,0.725,146.115
Oi Misoi Kaloi,Giorgos Marinis,Megaloi Dimiourgoi,0.617,0.668,-5.691,0.0453,0.368,0.0,0.457,0.894,145.141
Eida Ta Matia Sou Klamena,Giorgos Marinis,Megaloi Dimiourgoi,0.683,0.742,-5.754,0.03,0.211,2.52e-06,0.258,0.87,125.957
Misos,Giorgos Marinis,Megaloi Dimiourgoi,0.607,0.625,-5.324,0.0276,0.414,0.0,0.592,0.502,96.057
Itan Pseftika,Giorgos Marinis,Megaloi Dimiourgoi,0.62,0.648,-5.996,0.03,0.223,0.0,0.38,0.721,142.667
Ta Oneira Chtizontai,Giorgos Marinis,Megaloi Dimiourgoi,0.406,0.759,-4.759,0.0352,0.295,0.0,0.393,0.555,141.931
To Tholomeno Mou Mialo,Giorgos Marinis,Megaloi Dimiourgoi,0.624,0.532,-6.162,0.0489,0.712,6.13e-05,0.0927,0.803,143.82
Den Thelo Ti Simponia Kanenos,Giorgos Marinis,Megaloi Dimiourgoi,0.649,0.822,-6.003,0.0294,0.161,0.000664,0.132,0.631,89.88
Otan Simani I Ora,Akis Panou,I Megaliteres Epitihies Tou,0.466,0.238,-13.279,0.0309,0.817,0.0,0.12,0.406,100.307
Pira Ap' To Heri Sou Nero,Akis Panou,I Megaliteres Epitihies Tou,0.665,0.577,-11.873,0.033,0.757,4.83e-05,0.388,0.908,88.453
Den Kleo Gia Tora,Akis Panou,I Megaliteres Epitihies Tou,0.408,0.358,-13.189,0.0357,0.804,0.0,0.138,0.604,84.254
Mira Mou Giati M' Afinis,Akis Panou,I Megaliteres Epitihies Tou,0.555,0.331,-10.531,0.0339,0.74,3.52e-06,0.102,0.573,121.473
I Pio Megali Ora,Akis Panou,I Megaliteres Epitihies Tou,0.679,0.317,-11.407,0.057,0.896,2.85e-06,0.278,0.749,79.503
Tha Kliso Ta Matia,Akis Panou,I Megaliteres Epitihies Tou,0.741,0.324,-10.667,0.0403,0.685,0.0,0.221,0.751,118.268
I Proti Diskoli Stigmi,Akis Panou,I Megaliteres Epitihies Tou,0.522,0.434,-12.499,0.0505,0.72,0.0,0.179,0.67,126.84
Tou Kosmou To Perigelo,Akis Panou,I Megaliteres Epitihies Tou,0.767,0.333,-11.202,0.0391,0.621,0.0,0.0831,0.884,135.914
Roloi Koboloi,Akis Panou,I Megaliteres Epitihies Tou,0.768,0.3,-11.258,0.0388,0.724,0.0,0.259,0.841,73.79
Giati Kale Gitonissa,Akis Panou,I Megaliteres Epitihies Tou,0.748,0.455,-11.312,0.0418,0.632,0.000202,0.0677,0.768,115.617
Pes Mou Pappou,Akis Panou,I Megaliteres Epitihies Tou,0.719,0.44,-10.956,0.0389,0.707,0.0,0.0897,0.774,125.436
Thelo Na Ta Po,George Dalaras,Ta Hromata Tou Hronou II,0.369,0.419,-10.058,0.0347,0.68,0.000146,0.428,0.323,145.216
Ipia Ta Hili Sou Ke Hanome,Dimitris Mitropanos,Krifa,0.551,0.666,-6.253,0.0297,0.327,0.0,0.103,0.521,136.663
Prin Tora Pada,Various Artists,O Kosmos O Dikos Mou - Akis Panou,0.667,0.573,-6.013,0.039,0.892,7.85e-05,0.148,0.949,177.468
Thalassa Ti Mou 'His Kani,Various Artists,O Kosmos O Dikos Mou - Akis Panou,0.432,0.489,-6.048,0.0597,0.777,1.11e-06,0.153,0.934,89.731
Afou Tha Figis,Panos Gavalas,Apo Tous Thisavrous Ton 45 Strofon,0.589,0.363,-13.727,0.0362,0.97,0.00146,0.144,0.774,123.527
Ego Kala Sou Ta 'Lega,Stratos Dionisiou,Aftos ine o Stratos,0.632,0.774,-4.641,0.038,0.589,9.58e-05,0.0921,0.719,146.14
Giati Den Irthes Tote,Various Artists,O Kosmos O Dikos Mou - Akis Panou,0.681,0.64,-3.786,0.0424,0.789,0.000144,0.194,0.809,132.359
Toutos O Tafos - Remastered,Various Artists,O Kosmos O Dikos Mou - Akis Panou,0.591,0.596,-7.524,0.0387,0.834,0.0,0.304,0.496,116.268
Harokopou 1942 - 1953 (Stis Parages) - Remastered,Various Artists,O Kosmos O Dikos Mou - Akis Panou,0.702,0.569,-6.256,0.0388,0.69,1.76e-06,0.176,0.722,123.117
Mia Gineka,Various Artists,O Kosmos O Dikos Mou - Akis Panou,0.76,0.681,-4.692,0.0346,0.603,1.09e-06,0.0675,0.896,80.785
Pligomeno Pouli,Various Artists,O Kosmos O Dikos Mou - Akis Panou,0.606,0.445,-6.796,0.0356,0.814,3.2e-06,0.268,0.711,119.012
Eho Mia Varka Me Koupia,Various Artists,O Kosmos O Dikos Mou - Akis Panou,0.635,0.711,-5.985,0.0388,0.716,0.0,0.275,0.881,129.293
I Zoi Pikrothalassa,Various Artists,O Kosmos O Dikos Mou - Akis Panou,0.662,0.528,-5.636,0.0328,0.795,2.04e-05,0.337,0.875,140.915
Me Filia Meroni Mono,Various Artists,O Kosmos O Dikos Mou - Akis Panou,0.66,0.598,-4.641,0.0333,0.777,0.0207,0.081,0.756,135.741
Ora Trelli,Various Artists,O Kosmos O Dikos Mou - Akis Panou,0.517,0.607,-8.312,0.0372,0.395,3.48e-06,0.173,0.769,109.508
Tha Perasi Ki Afto,Various Artists,O Kosmos O Dikos Mou - Akis Panou,0.424,0.41,-5.248,0.0352,0.823,3.74e-06,0.2,0.496,154.31
San Zevgarosoun Dio Kaimi,Various Artists,O Kosmos O Dikos Mou - Akis Panou,0.8,0.588,-6.037,0.0342,0.566,1.56e-05,0.108,0.691,127.889
Tha Klapso Avrio,Various Artists,O Kosmos O Dikos Mou - Akis Panou,0.678,0.548,-8.767,0.0295,0.563,0.0,0.293,0.962,97.26
Kardia Mou Gennithikes Poulaki,Various Artists,O Kosmos O Dikos Mou - Akis Panou,0.682,0.552,-6.01,0.0298,0.822,6.9e-06,0.589,0.477,122.767
Giati;,Various Artists,O Kosmos O Dikos Mou - Akis Panou,0.597,0.492,-7.849,0.0296,0.54,2.85e-05,0.243,0.914,109.711
Tipota,Various Artists,O Kosmos O Dikos Mou - Akis Panou,0.716,0.781,-4.103,0.0298,0.774,6.13e-05,0.485,0.939,148.127
Olokliri Zoi,Various Artists,O Kosmos O Dikos Mou - Akis Panou,0.676,0.608,-8.475,0.0272,0.268,3.65e-06,0.568,0.904,98.329
Trava Me Ta Nera Mou,Various Artists,O Kosmos O Dikos Mou - Akis Panou,0.567,0.712,-5.497,0.0327,0.512,0.0,0.147,0.815,170.506
Tou Horismou I Ora,Various Artists,O Kosmos O Dikos Mou - Akis Panou,0.442,0.714,-4.61,0.066,0.788,4.85e-06,0.481,0.606,98.149
Mia Vradia Katarameni,Various Artists,O Kosmos O Dikos Mou - Akis Panou,0.587,0.521,-5.548,0.0344,0.976,0.00354,0.12,0.711,122.312
To Pedi Mou Apopse Pini,Various Artists,O Kosmos O Dikos Mou - Akis Panou,0.569,0.767,-5.415,0.0558,0.801,5.46e-06,0.421,0.939,136.017
O Dromos Ine Dromos - Remastered,Various Artists,O Kosmos O Dikos Mou - Akis Panou,0.721,0.634,-5.642,0.0502,0.794,0.0,0.154,0.769,111.954
Dos Mou Na Pio,Various Artists,O Kosmos O Dikos Mou - Akis Panou,0.741,0.578,-8.149,0.0354,0.732,0.000163,0.295,0.861,73.793
Na Iha To Kouragio,Various Artists,O Kosmos O Dikos Mou - Akis Panou,0.763,0.722,-5.254,0.0312,0.666,3.33e-05,0.149,0.878,92.246
Piretos - Live,Various Artists,O Kosmos O Dikos Mou - Akis Panou,0.411,0.645,-6.747,0.0604,0.658,0.0,0.48,0.549,100.375
Den In' O Kosmos Filos Mou - Remastered 2005,Various Artists,O Kosmos O Dikos Mou - Akis Panou,0.575,0.639,-6.167,0.0322,0.807,0.000122,0.0549,0.689,132.484
Kardia Mou Min Paraponiese - Remastered,Various Artists,O Kosmos O Dikos Mou - Akis Panou,0.724,0.515,-6.811,0.0262,0.508,0.0,0.133,0.687,89.275
Anixe Petro - Remastered,Various Artists,O Kosmos O Dikos Mou - Akis Panou,0.61,0.686,-4.756,0.0392,0.765,0.0,0.0704,0.772,155.322
Ke Tote S' Agapo,Various Artists,O Kosmos O Dikos Mou - Akis Panou,0.631,0.685,-5.181,0.0329,0.897,0.000135,0.335,0.541,101.879
Horis Aftin,Various Artists,O Kosmos O Dikos Mou - Akis Panou,0.5,0.641,-5.823,0.03,0.704,1.15e-05,0.285,0.697,129.906
Paranomi Agapi,Various Artists,O Kosmos O Dikos Mou - Akis Panou,0.602,0.442,-5.048,0.0324,0.726,0.0,0.321,0.677,78.824
Oute Ah Den Tha Po,Various Artists,O Kosmos O Dikos Mou - Akis Panou,0.564,0.746,-5.313,0.0292,0.809,0.0,0.101,0.877,152.937
Xanagennithika,Various Artists,O Kosmos O Dikos Mou - Akis Panou,0.706,0.666,-8.149,0.0375,0.637,1.95e-06,0.0535,0.911,148.562
Dio Alithies,Various Artists,O Kosmos O Dikos Mou - Akis Panou,0.518,0.553,-4.829,0.0268,0.393,0.0,0.154,0.6,102.33
Ximerose Kali Mou,Various Artists,O Kosmos O Dikos Mou - Akis Panou,0.735,0.725,-4.967,0.0298,0.779,0.0,0.106,0.964,100.779
Aharistia,Various Artists,O Kosmos O Dikos Mou - Akis Panou,0.593,0.531,-5.336,0.032,0.663,0.0,0.356,0.657,117.564
To Metro Tis Agapis,Various Artists,O Kosmos O Dikos Mou - Akis Panou,0.736,0.545,-6.109,0.0356,0.837,0.0,0.0742,0.888,119.39
Oute Spitha Oute Lexi,Various Artists,O Kosmos O Dikos Mou - Akis Panou,0.677,0.623,-6.121,0.0368,0.659,1.09e-06,0.133,0.909,154.132
Kita Me Sta Matia,Various Artists,O Kosmos O Dikos Mou - Akis Panou,0.667,0.624,-5.918,0.0553,0.583,0.0,0.0982,0.697,103.84
Mi Katevis Sto Limani,Various Artists,O Kosmos O Dikos Mou - Akis Panou,0.664,0.592,-5.087,0.0305,0.691,1.09e-05,0.117,0.744,94.211
Kati Paliodanika,Various Artists,O Kosmos O Dikos Mou - Akis Panou,0.77,0.789,-8.365,0.0411,0.455,2.94e-06,0.239,0.886,80.793
Rimagmeni Gitonia,Various Artists,O Kosmos O Dikos Mou - Akis Panou,0.577,0.53,-6.933,0.033,0.708,4.64e-05,0.37,0.682,120.515
Se Mia Xeni Kinonia,Various Artists,O Kosmos O Dikos Mou - Akis Panou,0.639,0.512,-8.074,0.0264,0.487,7.2e-06,0.0792,0.784,87.772
O Roubis,Various Artists,O Kosmos O Dikos Mou - Akis Panou,0.781,0.796,-6.92,0.0326,0.397,0.0,0.317,0.971,97.235
Ti Maistros Ti Vardaris,Various Artists,O Kosmos O Dikos Mou - Akis Panou,0.601,0.807,-5.447,0.0368,0.713,2.22e-05,0.153,0.903,122.157
Den Iparhi Kanis,Various Artists,O Kosmos O Dikos Mou - Akis Panou,0.653,0.444,-7.088,0.0348,0.877,0.000115,0.15,0.633,87.374
Ta Heria Tis Dropis,Various Artists,O Kosmos O Dikos Mou - Akis Panou,0.633,0.482,-4.614,0.0416,0.851,0.0,0.118,0.746,74.773
To Giataki Mou,Various Artists,O Kosmos O Dikos Mou - Akis Panou,0.68,0.789,-2.967,0.0472,0.771,6.69e-06,0.129,0.958,168.606
I Kikitsa,Various Artists,O Kosmos O Dikos Mou - Akis Panou,0.747,0.749,-5.387,0.0334,0.728,0.0,0.0588,0.861,126.048
Ekina Pou Den Legode,Various Artists,O Kosmos O Dikos Mou - Akis Panou,0.751,0.49,-5.293,0.034,0.836,3.36e-05,0.0837,0.907,123.062
Erotas Ston Akalipto,Alexandros Emmanouilidis,Fisai Allios Edo O Aeras,0.73,0.322,-14.073,0.0288,0.739,1.07e-05,0.103,0.494,106.025
Efiges,Alexandros Emmanouilidis,Fisai Allios Edo O Aeras,0.597,0.336,-13.057,0.0447,0.873,0.0,0.113,0.338,126.018
"Nero, Fotia Ke Sinnefo",Alexandros Emmanouilidis,Fisai Allios Edo O Aeras,0.599,0.469,-11.71,0.027,0.179,4.04e-06,0.104,0.499,112.033
Fisai Allios Edo O Aeras,Alexandros Emmanouilidis,Fisai Allios Edo O Aeras,0.317,0.336,-13.211,0.0405,0.858,0.000421,0.0993,0.266,52.85
Xenos Kaimos,Alexandros Emmanouilidis,Fisai Allios Edo O Aeras,0.538,0.331,-14.655,0.025,0.755,0.000302,0.207,0.406,79.971
"Matia Glika Mou, Hili Orea",Alexandros Emmanouilidis,Fisai Allios Edo O Aeras,0.473,0.323,-13.588,0.099,0.747,0.0,0.109,0.634,108.357
Potami Mavro,Alexandros Emmanouilidis,Fisai Allios Edo O Aeras,0.672,0.611,-10.093,0.0351,0.291,0.0,0.339,0.663,119.994
Horismenos Sta Dio,Alexandros Emmanouilidis,Fisai Allios Edo O Aeras,0.565,0.213,-13.903,0.0428,0.848,0.0,0.108,0.0909,114.771
Eparhia,Alexandros Emmanouilidis,Fisai Allios Edo O Aeras,0.601,0.19,-14.534,0.0294,0.767,0.0,0.088,0.203,135.012
Antidoto,Alexandros Emmanouilidis,Fisai Allios Edo O Aeras,0.657,0.448,-11.315,0.043,0.763,0.0,0.149,0.456,95.03
Danio,Alexandros Emmanouilidis,Fisai Allios Edo O Aeras,0.58,0.446,-13.594,0.0278,0.242,5.83e-06,0.134,0.293,136.037
Oplo Mistiko,Alexandros Emmanouilidis,Fisai Allios Edo O Aeras,0.222,0.256,-13.616,0.0346,0.735,5.47e-05,0.106,0.249,60.349
Lefko Skotadi,Alexandros Emmanouilidis,Fisai Allios Edo O Aeras,0.585,0.0866,-15.297,0.0365,0.974,6.33e-06,0.105,0.349,86.254
Edgar Allan Poe,Alkinoos Ioannidis,"O Dromos, O Chronos Kai O Ponos",0.512,0.26,-13.012,0.0484,0.807,0.0,0.145,0.198,114.903
Sto Telos Tou Mai,Alkinoos Ioannidis,"O Dromos, O Chronos Kai O Ponos",0.362,0.111,-22.016,0.0397,0.826,0.000408,0.126,0.281,100.072
Kathreftis,Alkinoos Ioannidis,"O Dromos, O Chronos Kai O Ponos",0.489,0.365,-13.477,0.0526,0.463,0.000186,0.0826,0.275,120.196
Miso Fengari,Alkinoos Ioannidis,"O Dromos, O Chronos Kai O Ponos",0.217,0.123,-15.811,0.0535,0.777,0.00726,0.071,0.21,82.21
Echo Mia Lexi,Alkinoos Ioannidis,"O Dromos, O Chronos Kai O Ponos",0.659,0.591,-12.343,0.0876,0.0109,2.18e-05,0.263,0.48,102.373
Osa I Agapi Oneirevetai,Alkinoos Ioannidis,"O Dromos, O Chronos Kai O Ponos",0.562,0.338,-11.983,0.0638,0.722,0.0,0.161,0.538,111.324
"O Dromos, O Chronos Kai O Ponos",Alkinoos Ioannidis,"O Dromos, O Chronos Kai O Ponos",0.524,0.134,-15.134,0.0351,0.473,2.09e-05,0.101,0.0754,76.54
Vythos,Alkinoos Ioannidis,"O Dromos, O Chronos Kai O Ponos",0.519,0.0984,-15.806,0.0978,0.919,0.0,0.163,0.148,119.169
Stagones - Aftoschediasmos,Alkinoos Ioannidis,"O Dromos, O Chronos Kai O Ponos",0.132,0.103,-18.634,0.0427,0.973,0.885,0.0934,0.249,74.485
Fos,Alkinoos Ioannidis,"O Dromos, O Chronos Kai O Ponos",0.38,0.164,-14.837,0.0374,0.896,0.00631,0.115,0.371,107.98
Stagones Sto Gialo,Alkinoos Ioannidis,"O Dromos, O Chronos Kai O Ponos",0.458,0.48,-12.613,0.0818,0.657,1.54e-05,0.0756,0.378,157.912
Mavri Petalouda,Alkinoos Ioannidis,"O Dromos, O Chronos Kai O Ponos",0.549,0.232,-12.692,0.0413,0.738,0.00129,0.0914,0.232,121.78
Isychia,Alkinoos Ioannidis,"O Dromos, O Chronos Kai O Ponos",0.471,0.176,-16.952,0.0433,0.6,0.00193,0.184,0.0955,116.812
O Dromos Sou Eisai Esy,Alkinoos Ioannidis,Neroponti,0.408,0.209,-14.381,0.0368,0.72,0.00245,0.108,0.0461,123.197
Patrida,Alkinoos Ioannidis,Neroponti,0.538,0.381,-12.341,0.177,0.529,0.000182,0.299,0.337,89.959
Mi Me Kleidoneis,Alkinoos Ioannidis,Neroponti,0.644,0.206,-10.486,0.0336,0.727,0.000199,0.15,0.148,119.595
Mia Nychta,Alkinoos Ioannidis,Neroponti,0.702,0.271,-11.396,0.0602,0.494,0.000204,0.0932,0.135,127.786
Apopse,Alkinoos Ioannidis,Neroponti,0.337,0.37,-10.246,0.0319,0.517,1.03e-05,0.123,0.198,126.445
Itan Anagki?,Alkinoos Ioannidis,Neroponti,0.863,0.535,-9.365,0.0372,0.343,0.0,0.117,0.806,108.061
Paidi,Alkinoos Ioannidis,Neroponti,0.465,0.161,-13.649,0.0301,0.891,5.24e-05,0.0869,0.0716,153.831
Perasma,Alkinoos Ioannidis,Neroponti,0.453,0.166,-12.707,0.0295,0.871,0.00372,0.0892,0.147,89.898
Epitychia!,Alkinoos Ioannidis,Neroponti,0.272,0.271,-10.332,0.029,0.928,0.0,0.124,0.327,84.649
Ela Konta,Alkinoos Ioannidis,Neroponti,0.83,0.722,-7.408,0.0389,0.409,2.21e-05,0.123,0.841,114.007
Eis Mnimin,Alkinoos Ioannidis,Neroponti,0.224,0.135,-14.232,0.0446,0.93,0.00158,0.212,0.141,173.331
Spora,Alkinoos Ioannidis,Neroponti,0.303,0.23,-11.279,0.0283,0.814,0.000117,0.177,0.171,92.176
Eipa Na Ziso,Alkinoos Ioannidis,Neroponti,0.599,0.558,-9.26,0.0317,0.402,0.00544,0.0929,0.43,111.981
San Michalis,Alkinoos Ioannidis,Neroponti,0.284,0.375,-15.999,0.0587,0.859,0.652,0.125,0.0968,94.733
Avrio,Alkinoos Ioannidis,Neroponti,0.427,0.0887,-15.14,0.0373,0.937,6.34e-05,0.114,0.207,79.798
Pes Mou,Alkinoos Ioannidis,Ektos Topou Kai Chronou,0.582,0.818,-6.363,0.117,0.265,0.00159,0.959,0.47,108.282
Synantisi,Alkinoos Ioannidis,Ektos Topou Kai Chronou,0.372,0.332,-11.823,0.0438,0.754,5.29e-06,0.864,0.158,131.187
Aretousa,Alkinoos Ioannidis,Ektos Topou Kai Chronou,0.537,0.491,-9.134,0.0388,0.266,0.0,0.535,0.247,122.853
Ypogeio,Alkinoos Ioannidis,Ektos Topou Kai Chronou,0.542,0.653,-9.256,0.155,0.373,7.54e-06,0.652,0.237,104.851
Tou Erota Simadi,Alkinoos Ioannidis,Ektos Topou Kai Chronou,0.425,0.531,-9.702,0.0586,0.291,6.07e-05,0.968,0.312,141.392
Yperastiko,Alkinoos Ioannidis,Ektos Topou Kai Chronou,0.371,0.309,-12.53,0.0332,0.853,0.000308,0.97,0.296,156.496
Kokkin' Acheili,Alkinoos Ioannidis,Ektos Topou Kai Chronou,0.355,0.45,-8.45,0.0411,0.548,0.0,0.903,0.51,138.291
Sevach O Thalassinos,Alkinoos Ioannidis,Ektos Topou Kai Chronou,0.399,0.83,-5.525,0.0779,0.333,0.0,0.596,0.317,104.039
Kemal,Alkinoos Ioannidis,Ektos Topou Kai Chronou,0.407,0.237,-13.465,0.0498,0.822,3.02e-06,0.718,0.328,138.048
Ektos Topou Kai Chronou,Alkinoos Ioannidis,Ektos Topou Kai Chronou,0.366,0.38,-10.035,0.031,0.662,0.0,0.597,0.185,145.041
Come Together,Alkinoos Ioannidis,Ektos Topou Kai Chronou,0.4,0.632,-8.953,0.059,0.0344,0.0222,0.355,0.0694,105.381
Kagkela Pantou,Alkinoos Ioannidis,Ektos Topou Kai Chronou,0.551,0.452,-9.227,0.128,0.209,0.0,0.683,0.408,77.385
Gia Tin Kypro,Alkinoos Ioannidis,Ektos Topou Kai Chronou,0.683,0.912,-4.535,0.0599,0.0816,5.15e-06,0.718,0.572,127.802
Zilevei I Nychta,Alkinoos Ioannidis,Ektos Topou Kai Chronou,0.474,0.747,-8.766,0.0814,0.0352,0.00149,0.981,0.497,170.278
Aorato Dichty,Alkinoos Ioannidis,Opos Mystika Kai Isycha...,0.604,0.204,-15.83,0.0338,0.663,9.03e-05,0.12,0.249,112.152
O Ntopios,Alkinoos Ioannidis,Opos Mystika Kai Isycha...,0.71,0.285,-14.657,0.0413,0.204,2.56e-06,0.0866,0.525,122.072
Den Boro,Alkinoos Ioannidis,Opos Mystika Kai Isycha...,0.578,0.287,-11.614,0.0274,0.665,0.0,0.182,0.172,108.153
Rixe Floga,Alkinoos Ioannidis,Opos Mystika Kai Isycha...,0.608,0.35,-10.798,0.0342,0.52,1.39e-05,0.158,0.571,117.818
Irthe Enas Magos,Alkinoos Ioannidis,Opos Mystika Kai Isycha...,0.618,0.252,-17.385,0.0413,0.555,0.0472,0.193,0.287,136.057
Vosporos,Alkinoos Ioannidis,Opos Mystika Kai Isycha...,0.43,0.297,-11.107,0.0415,0.755,0.0,0.0908,0.307,97.382
Tis Kyriakis Ta Oneira,Alkinoos Ioannidis,Opos Mystika Kai Isycha...,0.645,0.399,-11.637,0.0315,0.431,0.0,0.0714,0.701,112.084
Ilios Tou Alonari,Alkinoos Ioannidis,Opos Mystika Kai Isycha...,0.513,0.309,-12.931,0.0614,0.267,0.0,0.192,0.408,132.142
Perasa Chthes,Alkinoos Ioannidis,Opos Mystika Kai Isycha...,0.514,0.305,-12.398,0.0283,0.299,1.51e-05,0.342,0.106,107.311
Fysaei Theos,Alkinoos Ioannidis,Opos Mystika Kai Isycha...,0.551,0.192,-13.961,0.0301,0.709,0.0518,0.11,0.0386,107.901
Mystika Kai Isycha,Alkinoos Ioannidis,Opos Mystika Kai Isycha...,0.368,0.136,-18.671,0.043,0.838,0.000652,0.114,0.103,107.079
Zinonos,Alkinoos Ioannidis,Stin Agora Tou Kosmou,0.582,0.245,-13.334,0.0389,0.657,0.0,0.0577,0.209,109.937
Stin Agora Tou Al Chalili,Alkinoos Ioannidis,Stin Agora Tou Kosmou,0.713,0.349,-13.359,0.0379,0.81,1.63e-06,0.294,0.73,107.977
To Oneiro,Alkinoos Ioannidis,Stin Agora Tou Kosmou,0.559,0.364,-13.395,0.0363,0.82,0.000408,0.13,0.0839,128.053
Pothoi Adiexodoi,Alkinoos Ioannidis,Stin Agora Tou Kosmou,0.722,0.257,-14.926,0.0357,0.785,1.83e-05,0.199,0.272,111.965
Kathos Perna I Ora,Alkinoos Ioannidis,Stin Agora Tou Kosmou,0.307,0.154,-16.68,0.0495,0.861,1.94e-06,0.15,0.375,99.872
Dyskoloi Kairoi,Alkinoos Ioannidis,Stin Agora Tou Kosmou,0.734,0.296,-15.34,0.0344,0.338,0.0,0.0845,0.428,105.066
Ta Filia Mou Tha Sta 'dina,Alkinoos Ioannidis,Stin Agora Tou Kosmou,0.4,0.362,-14.775,0.0729,0.845,2.4e-05,0.105,0.233,83.113
I Balanta Tou Misthoforou,Alkinoos Ioannidis,Stin Agora Tou Kosmou,0.652,0.357,-15.143,0.031,0.762,0.000156,0.0634,0.326,135.07
Ochi Min Klais,Alkinoos Ioannidis,Stin Agora Tou Kosmou,0.43,0.201,-15.055,0.0312,0.572,0.000794,0.124,0.345,84.372
To Kouti Tis Pandoras,Alkinoos Ioannidis,Stin Agora Tou Kosmou,0.642,0.448,-12.613,0.0407,0.23,0.000939,0.0935,0.222,99.932
Defte Teleftaies Eispnoes,Alkinoos Ioannidis,Stin Agora Tou Kosmou,0.504,0.256,-14.217,0.0437,0.701,0.0,0.206,0.339,115.104
Paraklisi,Alkinoos Ioannidis,Anemodeiktis,0.391,0.211,-17.585,0.0553,0.809,4.28e-05,0.184,0.0771,91.978
Me Tosa Psemata,Alkinoos Ioannidis,Anemodeiktis,0.722,0.3,-15.323,0.047,0.214,9.9e-06,0.0712,0.628,136.715
Stin Agora Tou Kosmou,Alkinoos Ioannidis,Anemodeiktis,0.567,0.179,-16.298,0.0388,0.848,0.000268,0.118,0.185,123.217
Tha 'mai Konta Sou - Otan Me Thes,Alkinoos Ioannidis,Anemodeiktis,0.606,0.298,-16.072,0.0431,0.781,0.00011,0.0927,0.343,149.036
Kosmos Paei Ki Erchetai,Alkinoos Ioannidis,Anemodeiktis,0.459,0.214,-16.155,0.0326,0.469,0.00382,0.0977,0.0506,149.913
Oneiro Itane,Alkinoos Ioannidis,Anemodeiktis,0.585,0.287,-14.372,0.0371,0.739,2.99e-06,0.103,0.185,120.153
Adiexodo,Alkinoos Ioannidis,Anemodeiktis,0.48,0.37,-13.089,0.079,0.545,6.57e-05,0.0551,0.278,121.181
Spasmeno,Alkinoos Ioannidis,Anemodeiktis,0.741,0.344,-17.323,0.0694,0.493,0.846,0.118,0.319,100.113
Taxidi,Alkinoos Ioannidis,Anemodeiktis,0.266,0.0744,-17.428,0.0562,0.903,2e-06,0.1,0.388,61.441
Requiem,Alkinoos Ioannidis,Anemodeiktis,0.644,0.419,-13.341,0.0457,0.105,8.52e-06,0.182,0.562,134.907
Mikro Mou Tragoudaki,Alkinoos Ioannidis,Anemodeiktis,0.319,0.14,-21.849,0.0434,0.834,0.032,0.138,0.168,182.294
O Proskynitis,Alkinoos Ioannidis,Oi Peripeteies Enos Proskyniti,0.456,0.366,-7.259,0.0303,0.7,0.0,0.101,0.161,145.688
Apogevma Sto Dentro,Alkinoos Ioannidis,Oi Peripeteies Enos Proskyniti,0.451,0.319,-9.291,0.0313,0.368,0.0,0.168,0.622,185.919
To Adeio Parathyro,Alkinoos Ioannidis,Oi Peripeteies Enos Proskyniti,0.519,0.535,-6.637,0.0387,0.151,1.74e-06,0.0832,0.5,99.54
"O,ti Den Einai Pia Edo",Alkinoos Ioannidis,Oi Peripeteies Enos Proskyniti,0.533,0.418,-10.896,0.0319,0.364,4.05e-05,0.106,0.188,132.025
Giati Den Erchesai Pote - Otan Se Thelo,Alkinoos Ioannidis,Oi Peripeteies Enos Proskyniti,0.461,0.404,-7.099,0.0528,0.198,1.77e-06,0.0786,0.292,108.096
Den Einai Fos,Alkinoos Ioannidis,Oi Peripeteies Enos Proskyniti,0.382,0.0637,-15.286,0.0611,0.957,0.00012,0.0963,0.114,174.446
Ela Na Zisoume Xana,Alkinoos Ioannidis,Oi Peripeteies Enos Proskyniti,0.429,0.299,-8.892,0.0358,0.693,4.78e-05,0.119,0.109,99.61
Mesa Ston Idio Ourano,Alkinoos Ioannidis,Oi Peripeteies Enos Proskyniti,0.726,0.713,-7.063,0.0309,0.124,0.00347,0.0415,0.499,119.89
O Kosmos Pou Allazei,Alkinoos Ioannidis,Oi Peripeteies Enos Proskyniti,0.648,0.543,-6.335,0.0301,0.124,9.65e-05,0.455,0.336,110.798
Mikri Ptitiki Theologia,Alkinoos Ioannidis,Oi Peripeteies Enos Proskyniti,0.772,0.553,-7.567,0.058,0.225,2.44e-05,0.0901,0.67,105.072
Ta Vradia Pou Xechnas,Alkinoos Ioannidis,Oi Peripeteies Enos Proskyniti,0.648,0.308,-8.066,0.0338,0.644,0.00096,0.158,0.61,129.381
Gyrismos,Alkinoos Ioannidis,Oi Peripeteies Enos Proskyniti,0.552,0.0962,-14.352,0.0341,0.937,0.238,0.0837,0.166,113.234
O Flegomenos Podilatis,Alkinoos Ioannidis,Oi Peripeteies Enos Proskyniti,0.201,0.17,-12.04,0.0358,0.888,0.429,0.28,0.124,84.919
Sy Mou Haraxes Poreia,Eleni Tsaligopoulou,I Eleni Tsaligopoulou Sti Lyra,0.444,0.373,-6.713,0.0297,0.393,0.0,0.0584,0.266,106.47
"Ego Kai Si Mazi - Apo to ""I Istoria ton Pehnidion""",Various Artists,Disney's Greatest Hits (Ta Tragoudia Tis Disney Sta Ellinika),0.685,0.329,-13.092,0.0356,0.852,0.0,0.218,0.505,115.094
Mesanychta Savvatou,Alkinoos Ioannidis,Anemodeiktis,0.307,0.231,-17.764,0.0465,0.589,0.00253,0.111,0.135,86.456
Oi Trovadouroi,Alkis Alkaios,Oi Trovadouroi Tis Kardias Mou,0.501,0.444,-10.821,0.0332,0.697,2.05e-05,0.331,0.276,93.137
Plateia Asomaton,Alkis Alkaios,Oi Trovadouroi Tis Kardias Mou,0.643,0.695,-8.51,0.0264,0.148,0.000316,0.0851,0.697,135.856
Ta Enydria Tou Erota,Alkis Alkaios,Oi Trovadouroi Tis Kardias Mou,0.506,0.399,-12.781,0.0327,0.562,0.00057,0.073,0.225,153.957
Kati Perimeno,Alkis Alkaios,Oi Trovadouroi Tis Kardias Mou,0.836,0.728,-10.58,0.0313,0.478,0.00385,0.209,0.963,109.031
Enaeria Trena,Alkis Alkaios,Oi Trovadouroi Tis Kardias Mou,0.686,0.265,-12.724,0.0378,0.408,0.0095,0.18,0.185,144.037
Ntomino,Alkis Alkaios,Oi Trovadouroi Tis Kardias Mou,0.773,0.492,-9.994,0.0438,0.271,0.00427,0.18,0.717,119.909
To Taxi,Alkis Alkaios,Oi Trovadouroi Tis Kardias Mou,0.637,0.387,-11.824,0.0298,0.83,3.9e-06,0.173,0.216,136.04
Mi Me Fovasai - Vradia Mpaletou,Alkis Alkaios,Oi Trovadouroi Tis Kardias Mou,0.534,0.129,-13.903,0.0295,0.966,1.76e-05,0.124,0.158,92.89
Echemytheia,Alkis Alkaios,Oi Trovadouroi Tis Kardias Mou,0.658,0.203,-13.23,0.0381,0.844,0.000568,0.0831,0.414,82.065
Nostos,Alkis Alkaios,Oi Trovadouroi Tis Kardias Mou,0.594,0.334,-14.853,0.0362,0.665,0.0233,0.119,0.351,77.014
Pio Pera Apo Ta Matia - To Parko Tis Zyrichis,Alkis Alkaios,Oi Trovadouroi Tis Kardias Mou,0.513,0.365,-12.271,0.0296,0.673,6.5e-05,0.11,0.247,80.048
Eleftheri Ptosi,Alkis Alkaios,Oi Trovadouroi Tis Kardias Mou,0.583,0.504,-9.267,0.0365,0.458,4.4e-06,0.131,0.477,130.001
To Filtro,Alkis Alkaios,Oi Trovadouroi Tis Kardias Mou,0.71,0.484,-11.548,0.0381,0.476,1.84e-05,0.242,0.818,123.934
Dervisis,Alkistis Protopsalti,Anthropon Erga,0.419,0.52,-9.082,0.0513,0.163,0.0,0.103,0.0694,129.458
Anthropon Erga,Alkistis Protopsalti,Anthropon Erga,0.483,0.301,-14.799,0.0526,0.781,0.0,0.112,0.243,118.249
Kastro,Alkistis Protopsalti,Anthropon Erga,0.435,0.282,-12.211,0.0335,0.591,3.2e-05,0.0895,0.234,105.803
Ta Laika,Alkistis Protopsalti,Anthropon Erga,0.535,0.593,-8.907,0.0574,0.395,0.0,0.12,0.573,99.818
Yperokeanio,Alkistis Protopsalti,Anthropon Erga,0.352,0.284,-12.551,0.0468,0.6,0.0,0.108,0.0661,124.231
Gatos,Alkistis Protopsalti,Anthropon Erga,0.549,0.335,-12.922,0.0495,0.145,0.0,0.0789,0.248,106.791
Ta 2 Palta,Alkistis Protopsalti,Anthropon Erga,0.75,0.524,-11.594,0.191,0.251,0.0,0.275,0.155,111.969
I Douleia,Alkistis Protopsalti,Anthropon Erga,0.397,0.325,-10.889,0.0364,0.545,1.94e-06,0.127,0.115,130.566
To Sidero,Alkistis Protopsalti,Anthropon Erga,0.439,0.365,-11.365,0.0422,0.555,0.0,0.167,0.245,120.718
Vrachos,Alkistis Protopsalti,Anthropon Erga,0.602,0.547,-9.389,0.0578,0.278,0.0,0.409,0.597,136.983
Arachni,Alkistis Protopsalti,Anthropon Erga,0.367,0.48,-10.551,0.0619,0.235,0.0,0.107,0.318,145.732
Na 'Maste Mazi,Apostolos Rizos,Enas Kiknos Klei,0.692,0.676,-10.972,0.0412,0.0572,1.71e-06,0.165,0.321,109.848
Enas Kiknos Klei,Apostolos Rizos,Enas Kiknos Klei,0.646,0.526,-9.984,0.03,0.0975,0.0116,0.148,0.359,126.783
Ti Na Thimitho,Apostolos Rizos,Enas Kiknos Klei,0.63,0.268,-13.373,0.0299,0.896,5.1e-06,0.115,0.415,103.929
Alla Topia,Apostolos Rizos,Enas Kiknos Klei,0.68,0.419,-8.915,0.0321,0.468,0.0,0.0401,0.13,121.839
Ekini Ti Mera,Apostolos Rizos,Enas Kiknos Klei,0.694,0.517,-10.296,0.0266,0.459,3.1e-06,0.0972,0.284,117.868
I Thisavri Ton Skoupidion,Apostolos Rizos,Enas Kiknos Klei,0.641,0.816,-7.205,0.0309,0.0572,0.000205,0.0267,0.686,92.958
Otan Sigovrehi Ise Edo,Apostolos Rizos,Enas Kiknos Klei,0.723,0.528,-9.809,0.0304,0.0578,1.41e-06,0.302,0.693,117.88
Petalouda,Apostolos Rizos,Enas Kiknos Klei,0.401,0.475,-10.771,0.0512,0.284,0.0,0.122,0.285,115.576
Orini Grammi,Apostolos Rizos,Enas Kiknos Klei,0.768,0.257,-11.164,0.041,0.0144,3.55e-05,0.0713,0.443,104.006
Glop,Apostolos Rizos,Enas Kiknos Klei,0.617,0.45,-11.142,0.0445,0.719,3.52e-06,0.105,0.544,74.955
Daskalos,Apostolos Rizos,Enas Kiknos Klei,0.447,0.643,-10.089,0.0472,0.409,0.000508,0.0722,0.584,172.033
Ta Dika Mou Onira,Apostolos Rizos,Enas Kiknos Klei,0.292,0.329,-11.176,0.0327,0.635,9.11e-05,0.113,0.0924,108.764
To Fos Tou Savvatovradou,Apostolos Rizos,Fisalida,0.715,0.341,-8.953,0.0302,0.731,0.000183,0.124,0.17,119.515
Fisalida,Apostolos Rizos,Fisalida,0.713,0.332,-9.974,0.0294,0.674,0.0,0.0949,0.36,116.134
Ap' To Proto Vlemma Sou - Se Thelo,Apostolos Rizos,Ti Eides Pou Den Eida Ego?,0.59,0.782,-6.62,0.0317,0.0125,0.000212,0.0824,0.7,143.883
Heilia Skalopatia,Apostolos Rizos,Ti Eides Pou Den Eida Ego?,0.73,0.438,-8.825,0.0301,0.298,2.59e-05,0.0723,0.428,112.025
Gynaika Ton Gkremon,Apostolos Rizos,Ti Eides Pou Den Eida Ego?,0.531,0.555,-10.086,0.0408,0.237,0.000711,0.106,0.57,97.355
Vavylona,Apostolos Rizos,Ti Eides Pou Den Eida Ego?,0.31,0.34,-9.188,0.0289,0.228,0.0,0.167,0.126,49.988
Ton Okeanon Agapimeno,Apostolos Rizos,Ti Eides Pou Den Eida Ego?,0.539,0.245,-11.439,0.031,0.881,0.0153,0.106,0.139,119.963
Mi Fygeis,Apostolos Rizos,Ti Eides Pou Den Eida Ego?,0.789,0.481,-8.848,0.0295,0.122,0.000676,0.132,0.797,108.059
Pote Den Einai Arga,Apostolos Rizos,Ti Eides Pou Den Eida Ego?,0.632,0.492,-10.807,0.0318,0.0924,0.152,0.141,0.173,112.002
Polychromo Mpaloni,Apostolos Rizos,Ti Eides Pou Den Eida Ego?,0.607,0.421,-8.641,0.0282,0.164,2.53e-05,0.1,0.379,115.954
Septemvris,Apostolos Rizos,Ti Eides Pou Den Eida Ego?,0.635,0.36,-12.666,0.0285,0.66,5.38e-05,0.118,0.343,106.016
Min Kaneis Piso,Apostolos Rizos,Ti Eides Pou Den Eida Ego?,0.549,0.124,-15.249,0.0287,0.834,0.0726,0.111,0.0573,89.819
Tou Notou Oi Zygoi,Apostolos Rizos,Ti Eides Pou Den Eida Ego?,0.782,0.704,-7.803,0.0344,0.315,0.0,0.339,0.928,109.961
Lexi Lexi,Apostolos Rizos,Ti Eides Pou Den Eida Ego?,0.662,0.357,-14.128,0.0253,0.49,0.0115,0.0834,0.321,103.957
Kokkina Triantafylla,Apostolos Rizos,Ti Eides Pou Den Eida Ego?,0.473,0.107,-12.188,0.0334,0.942,0.0,0.1,0.146,93.52
Perasan Chronia,Apostolos Rizos,Ti Eides Pou Den Eida Ego?,0.781,0.307,-13.005,0.0414,0.174,0.175,0.104,0.659,96.007
Agapao Ti Vrohi,Arleta,Kai Pali Hairete!,0.703,0.326,-12.31,0.0344,0.7,3.54e-05,0.0725,0.338,131.967
Aggelos - Ihos Krystallinos,Arleta,Kai Pali Hairete!,0.602,0.202,-13.657,0.0491,0.86,1.43e-06,0.119,0.357,87.441
Chilia Kommatia,Arleta,Kai Pali Hairete!,0.734,0.344,-10.627,0.049,0.324,3.71e-06,0.12,0.567,112.029
Me Simadepses,Arleta,Kai Pali Hairete!,0.616,0.186,-15.048,0.0368,0.924,0.0529,0.136,0.192,115.896
Rapsyristiko,Arleta,Kai Pali Hairete!,0.481,0.378,-12.761,0.0373,0.562,0.00187,0.314,0.558,102.182
Exarcheia - Telos Epohis,Arleta,Kai Pali Hairete!,0.627,0.0957,-12.721,0.0397,0.943,0.0382,0.179,0.118,95.196
"Ah, Oraia Mou Patrida",Arleta,Kai Pali Hairete!,0.525,0.403,-10.055,0.0692,0.725,7.85e-06,0.057,0.712,101.626
"Ah, Kill Billy",Arleta,Kai Pali Hairete!,0.612,0.378,-11.133,0.121,0.538,0.000435,0.0609,0.617,75.821
Ego Den Eho Filous,Arleta,Kai Pali Hairete!,0.686,0.226,-13.02,0.0473,0.852,0.000245,0.121,0.446,123.532
Fthinoporo - Instrumental,Arleta,Kai Pali Hairete!,0.13,0.0394,-21.093,0.0426,0.966,0.812,0.101,0.0398,88.465
Mpar To Navagio,Arleta,Kai Pali Hairete!,0.801,0.632,-9.873,0.0328,0.059,0.00102,0.0682,0.876,116.013
Touti I Epohi,Arleta,Kai Pali Hairete!,0.589,0.291,-12.891,0.0371,0.734,0.000363,0.0798,0.557,144.121
Chorepse Mou,Arleta,Kai Pali Hairete!,0.852,0.353,-12.369,0.0854,0.65,0.0298,0.285,0.855,134.095
Batida De Coco,Arleta,Kai Pali Hairete!,0.816,0.571,-10.118,0.0369,0.409,0.00242,0.0655,0.968,139.942
Shizofreneia,Arleta,Kai Pali Hairete!,0.817,0.455,-10.556,0.0351,0.0479,0.00263,0.373,0.926,135.921
Mpempa,Arleta,Kai Pali Hairete!,0.869,0.42,-12.262,0.114,0.218,0.000804,0.0902,0.721,98.011
Tsifteteli Xidato,Arleta,Kai Pali Hairete!,0.868,0.309,-11.402,0.0623,0.455,0.00019,0.0747,0.771,128.015
Tsimentoupoli,Arleta,Kai Pali Hairete!,0.775,0.515,-12.118,0.0343,0.415,0.0128,0.209,0.659,118.974
Ta Isiha Vradia - To Tragoudi Tis Erimou,Arleta,Kai Pali Hairete!,0.633,0.16,-16.054,0.0406,0.862,0.02,0.0615,0.311,103.999
Klais,Arleta,Kai Pali Hairete!,0.751,0.288,-14.196,0.0475,0.832,0.00267,0.104,0.371,110.115
O Voutichtis - Nanourisma,Arleta,Kai Pali Hairete!,0.392,0.159,-17.458,0.0403,0.9,0.352,0.119,0.149,113.738
Stis Pikrodafnis Ton Antho,Arleta,Kai Pali Hairete!,0.744,0.201,-15.162,0.0385,0.909,0.0312,0.0858,0.347,111.991
Plaisir D' Amour,Arleta,Kai Pali Hairete!,0.465,0.169,-15.459,0.0327,0.969,0.193,0.106,0.325,132.268
Kontoula Lemonia,Arleta,Kai Pali Hairete!,0.441,0.339,-12.162,0.0332,0.886,0.00158,0.106,0.565,185.946
Ta Isiha Vradia - Instrumental,Arleta,Kai Pali Hairete!,0.755,0.247,-20.01,0.0601,0.8,0.853,0.109,0.334,104.077
Beba,Arleta,Ase Ta Krifa Krimmena,0.746,0.18,-22.125,0.0628,0.663,0.00808,0.114,0.721,95.781
Krivete,Arleta,Ase Ta Krifa Krimmena,0.59,0.171,-19.261,0.0344,0.832,0.000256,0.169,0.27,111.835
Ase Ta Krifa Krimena,Arleta,Ase Ta Krifa Krimmena,0.658,0.169,-15.282,0.0522,0.74,0.00196,0.134,0.266,121.77
Salomi,Arleta,Ase Ta Krifa Krimmena,0.624,0.267,-19.185,0.0531,0.638,0.0519,0.079,0.448,123.211
Aspromavra Tragoudia,Arleta,Ase Ta Krifa Krimmena,0.374,0.127,-19.059,0.041,0.863,1.32e-05,0.216,0.311,109.382
Galatsi,Arleta,Ase Ta Krifa Krimmena,0.555,0.159,-17.507,0.0353,0.797,1.42e-05,0.147,0.276,102.769
Nisi Mesa Stin Poli,Arleta,Ase Ta Krifa Krimmena,0.5,0.134,-19.841,0.041,0.899,0.0232,0.0972,0.449,138.201
Bar To Navagio,Arleta,Ase Ta Krifa Krimmena,0.838,0.263,-16.991,0.052,0.21,0.000607,0.136,0.458,113.587
Ego Ki Esi,Arleta,Ase Ta Krifa Krimmena,0.533,0.166,-21.302,0.0515,0.741,0.391,0.105,0.58,111.361
Ekdromi,Arleta,Ase Ta Krifa Krimmena,0.551,0.127,-20.22,0.0305,0.775,0.000432,0.467,0.322,108.435
Galatsi - Neapoli,Arleta,Ase Ta Krifa Krimmena,0.483,0.229,-17.336,0.0411,0.908,0.824,0.238,0.218,98.558
William George Allum,Arleta,I Serenata,0.496,0.183,-13.095,0.0414,0.948,0.000151,0.104,0.254,122.926
Sto Grafeio,Arleta,I Serenata,0.598,0.437,-12.483,0.0588,0.418,0.000687,0.17,0.336,116.92
Imerologio,Arleta,I Serenata,0.551,0.117,-17.303,0.0411,0.957,0.0212,0.102,0.0834,99.746
Black and White,Arleta,I Serenata,0.576,0.487,-10.229,0.0962,0.713,0.000146,0.125,0.264,137.507
Ora Selinis,Arleta,I Serenata,0.628,0.383,-9.981,0.0977,0.74,0.000126,0.171,0.595,92.184
Tragoudaki,Arleta,I Serenata,0.426,0.0618,-21.743,0.0519,0.961,6.95e-05,0.0849,0.161,87.809
Artesiano Frear,Arleta,I Serenata,0.534,0.337,-10.835,0.0539,0.379,0.00165,0.122,0.438,79.166
Erhetai Kryo,Arleta,I Serenata,0.592,0.37,-11.233,0.0339,0.722,0.585,0.115,0.639,81.578
I Serenata,Arleta,I Serenata,0.855,0.398,-10.072,0.0583,0.594,4.33e-06,0.136,0.888,116.139
Plateia Amerikis,Arleta,I Serenata,0.582,0.137,-17.365,0.052,0.782,0.483,0.119,0.334,108.413
Adeio Kyma,Arleta,I Serenata,0.495,0.0754,-14.388,0.0597,0.936,0.00191,0.106,0.108,203.216
O Gatos,Arleta,Ena Kapelo Me Tragoudia,0.485,0.262,-11.679,0.0319,0.891,0.00071,0.172,0.381,79.157
Paraskinio,Arleta,Ena Kapelo Me Tragoudia,0.432,0.294,-10.248,0.0386,0.839,7.59e-06,0.246,0.215,96.835
To Kalokairi,Arleta,Ena Kapelo Me Tragoudia,0.518,0.35,-10.52,0.0311,0.836,0.000321,0.108,0.395,153.429
Pos Toutos O Kairos,Arleta,Ena Kapelo Me Tragoudia,0.602,0.172,-14.015,0.103,0.883,3.17e-06,0.113,0.225,80.316
To Kafeneio,Arleta,Ena Kapelo Me Tragoudia,0.679,0.308,-9.258,0.0544,0.838,4.24e-06,0.0908,0.609,116.673
To Tragoudi Tis Drahmis,Arleta,Ena Kapelo Me Tragoudia,0.573,0.283,-11.047,0.035,0.882,2.4e-05,0.15,0.497,106.187
I Mpalanta Tou Parkou,Arleta,Ena Kapelo Me Tragoudia,0.549,0.31,-12.32,0.0308,0.839,5.18e-06,0.14,0.226,128.963
Kavourina,Arleta,Ena Kapelo Me Tragoudia,0.563,0.223,-13.086,0.0312,0.901,0.0666,0.101,0.223,110.105
O Lykos,Arleta,Ena Kapelo Me Tragoudia,0.594,0.386,-12.311,0.0351,0.811,0.00212,0.0961,0.684,89.942
Ena Ektrohiasmeno Treno,Arleta,Ena Kapelo Me Tragoudia,0.512,0.304,-13.152,0.0331,0.37,0.00523,0.181,0.243,122.503
Tsai Giasemiou,Arleta Nikoleta Tsapra,Tsai Giasemiou,0.782,0.373,-14.554,0.0576,0.811,5.17e-05,0.193,0.881,140.371
Aftomatos Tilefonitis,Arleta Nikoleta Tsapra,Tsai Giasemiou,0.46,0.086,-21.144,0.0504,0.938,0.00137,0.122,0.323,98.504
To Stragali,Arleta Nikoleta Tsapra,Tsai Giasemiou,0.639,0.428,-14.872,0.124,0.866,0.0142,0.156,0.843,114.589
San Alithia San Psemma,Arleta Nikoleta Tsapra,Tsai Giasemiou,0.59,0.0836,-22.793,0.188,0.748,5.79e-06,0.125,0.341,74.002
To Bar Tis Tetis Ke Tis Katerinas,Arleta Nikoleta Tsapra,Tsai Giasemiou,0.58,0.267,-16.014,0.0686,0.861,0.000337,0.101,0.249,136.834
To Trifero Sou Roz,Arleta Nikoleta Tsapra,Tsai Giasemiou,0.592,0.335,-15.856,0.0514,0.905,0.00462,0.0978,0.889,164.748
Onira Zaharota,Arleta Nikoleta Tsapra,Tsai Giasemiou,0.363,0.145,-17.32,0.0428,0.947,6.26e-06,0.138,0.362,99.078
O Takis,Arleta Nikoleta Tsapra,Tsai Giasemiou,0.787,0.306,-13.947,0.104,0.866,2.01e-05,0.121,0.865,92.806
Ta Isiha Vradia,Arleta Nikoleta Tsapra,Tsai Giasemiou,0.408,0.148,-19.362,0.0365,0.822,1.08e-05,0.0501,0.199,98.224
O Pinoklis,Aman Amerika Orchestra,Cafe Aman Amerika,0.75,0.412,-9.436,0.055,0.782,2.36e-05,0.156,0.77,149.973
Esagogi,Aman Amerika Orchestra,Cafe Aman Amerika,0.609,0.333,-14.999,0.244,0.773,0.000158,0.351,0.633,121.471
Giati Glyko Mou Sweet Heart,Aman Amerika Orchestra,Cafe Aman Amerika,0.742,0.619,-10.404,0.0339,0.313,0.00858,0.338,0.933,140.201
E Barbounara,Aman Amerika Orchestra,Cafe Aman Amerika,0.605,0.255,-12.557,0.0435,0.819,3.19e-06,0.255,0.574,143.193
O Koumartzis,Aman Amerika Orchestra,Cafe Aman Amerika,0.8,0.422,-9.63,0.0411,0.709,9.83e-05,0.0669,0.685,126.268
Plenty Money Tora O Giannos,Aman Amerika Orchestra,Cafe Aman Amerika,0.848,0.345,-9.199,0.0363,0.812,2.59e-06,0.0829,0.941,106.116
Imouna Mortis Mia Fora,Aman Amerika Orchestra,Cafe Aman Amerika,0.622,0.408,-10.937,0.0418,0.774,0.0,0.119,0.835,141.943
Pio Ein' to Giatriko,Aman Amerika Orchestra,Cafe Aman Amerika,0.503,0.31,-10.082,0.0418,0.841,0.0,0.148,0.45,107.019
E Amerikana,Aman Amerika Orchestra,Cafe Aman Amerika,0.351,0.0462,-17.076,0.0413,0.978,2.57e-06,0.0847,0.186,106.607
To West,Aman Amerika Orchestra,Cafe Aman Amerika,0.712,0.274,-13.462,0.0818,0.813,1.3e-05,0.0285,0.703,146.95
To Misteki,Aman Amerika Orchestra,Cafe Aman Amerika,0.754,0.4,-12.966,0.0406,0.722,0.000164,0.18,0.93,136.178
Alogata,Aman Amerika Orchestra,Cafe Aman Amerika,0.591,0.22,-14.647,0.0791,0.885,4.17e-06,0.334,0.511,115.994
To Sigaretto,Aman Amerika Orchestra,Cafe Aman Amerika,0.787,0.403,-12.591,0.0656,0.765,5.09e-06,0.0785,0.965,126.288
Pyjames,Aman Amerika Orchestra,Cafe Aman Amerika,0.797,0.512,-11.882,0.041,0.625,5.12e-05,0.123,0.968,116.198
Tora Ine Dikos Sou Aftos O Dromos,Tania Tsanaklidou,Proti Praxi - Ihografisis 1974-1978... & Liges Katopines,0.446,0.303,-9.718,0.043,0.877,0.0,0.129,0.333,112.633
Afta Ta Kokkina Simadia,Nikos Xilouris,Best,0.481,0.356,-11.06,0.0405,0.821,0.0,0.189,0.406,112.486
Xeroume,Tania Tsanaklidou,Proti Praxi - Ihografisis 1974-1978... & Liges Katopines,0.367,0.266,-11.572,0.0368,0.965,2.04e-06,0.104,0.15,117.43
Toutes Tis Meres,Nikos Xilouris,14 Hrises Epitihies,0.394,0.388,-11.456,0.0395,0.872,0.0,0.14,0.336,119.751
Paramithi,Manolis Mitsias,Ah Erota,0.676,0.361,-11.635,0.0322,0.519,0.0,0.063,0.782,106.802
Mera Gemati Thlipsi,Manolis Mitsias,Ah Erota,0.302,0.441,-12.172,0.0431,0.653,0.0,0.0502,0.406,201.64
Avastahto Na S' Agapo,Manolis Mitsias,Ah Erota,0.341,0.253,-13.233,0.0287,0.86,1.02e-05,0.102,0.379,97.807
O Paradisos Mou,Manolis Mitsias,Ah Erota,0.494,0.535,-9.513,0.0311,0.431,0.0,0.116,0.8,121.755
Stou Veloniou Tin Akri,Manolis Mitsias,Ah Erota,0.561,0.385,-11.294,0.0278,0.83,2.24e-06,0.106,0.593,101.352
Tragoudi Ton Kondrampatzidon,Manolis Mitsias,Ah Erota,0.554,0.467,-11.344,0.0316,0.707,0.0,0.122,0.549,105.832
Louzete I Agapi Mou,Manolis Mitsias,Ah Erota,0.371,0.274,-13.341,0.0308,0.904,0.0,0.221,0.466,97.799
O Haros Stin Taverna,Manolis Mitsias,Ah Erota,0.409,0.49,-10.571,0.0256,0.522,4.22e-05,0.338,0.725,99.768
To Feggari,Manolis Mitsias,Ah Erota,0.452,0.448,-11.033,0.0294,0.707,0.0,0.119,0.648,106.229
Nanourisma,Manolis Mitsias,Ah Erota,0.228,0.145,-15.916,0.0342,0.917,0.000446,0.113,0.245,79.702
Tesseris Levedes,Manolis Mitsias,Ah Erota,0.651,0.369,-13.327,0.0395,0.728,1e-06,0.0846,0.614,123.287
Ah Erota,Manolis Mitsias,Ah Erota,0.496,0.454,-11.32,0.0319,0.741,0.0,0.147,0.623,108.353
To Nero,Christos Thivaios,Petrinoi Kipoi,0.618,0.329,-12.738,0.0339,0.818,0.000296,0.15,0.111,107.962
An Hatheis,Christos Thivaios,Petrinoi Kipoi,0.574,0.343,-12.525,0.0319,0.804,0.002,0.0942,0.291,95.876
Petrinoi Kipoi,Christos Thivaios,Petrinoi Kipoi,0.471,0.342,-10.564,0.0365,0.657,8.44e-06,0.137,0.363,176.054
Esy I Poli Mou,Christos Thivaios,Petrinoi Kipoi,0.406,0.575,-10.027,0.0593,0.741,0.000225,0.115,0.698,75.826
Ta Dentra,Christos Thivaios,Petrinoi Kipoi,0.581,0.253,-11.423,0.0375,0.966,0.000141,0.104,0.471,79.54
Kaneis Den Erhetai - Forget Her,Christos Thivaios,Petrinoi Kipoi,0.299,0.625,-8.783,0.0496,0.0674,0.0,0.0875,0.334,188.787
Stis Agkalias Sou Ti Fotia,Christos Thivaios,Petrinoi Kipoi,0.487,0.296,-11.564,0.0364,0.663,7.65e-06,0.116,0.355,75.539
Meine - Day After Day,Christos Thivaios,Petrinoi Kipoi,0.507,0.179,-15.442,0.0462,0.952,3.01e-06,0.0978,0.238,129.606
Ta Ihni Sou Zito,Christos Thivaios,Petrinoi Kipoi,0.692,0.563,-9.979,0.0538,0.392,0.000218,0.137,0.528,93.964
Gia Mas Tous Dyo,Christos Thivaios,Petrinoi Kipoi,0.389,0.229,-11.291,0.0311,0.857,1.25e-05,0.0998,0.184,96.346
Ki An Tyhei,Christos Thivaios,Petrinoi Kipoi,0.587,0.28,-11.518,0.0377,0.732,1.78e-06,0.113,0.413,88.151
O Amlet Tis Selinis,Christos Thivaios,O Amlet Tis Selinis,0.351,0.421,-9.178,0.0301,0.634,0.000856,0.107,0.428,136.221
I Gates,Christos Thivaios,O Amlet Tis Selinis,0.681,0.807,-8.335,0.0539,0.452,0.000128,0.275,0.607,91.325
Thelo Ti Mera Pou Tha Figis,Christos Thivaios,O Amlet Tis Selinis,0.52,0.24,-12.958,0.0301,0.849,0.000341,0.106,0.126,97.685
Den Ime Allos,Christos Thivaios,O Amlet Tis Selinis,0.319,0.478,-9.751,0.0478,0.432,1.14e-05,0.0599,0.41,189.404
Song-Blues,Christos Thivaios,O Amlet Tis Selinis,0.291,0.303,-9.797,0.0341,0.77,0.000146,0.0347,0.214,170.541
Ta Hronia Pou Mou Epianan Ton Kolo,Christos Thivaios,O Amlet Tis Selinis,0.445,0.601,-7.343,0.0402,0.248,0.0,0.0827,0.49,87.732
Kodrol,Christos Thivaios,O Amlet Tis Selinis,0.733,0.738,-8.111,0.0375,0.237,1.24e-05,0.0657,0.926,126.841
O Topos Ehi Allaxi,Christos Thivaios,O Amlet Tis Selinis,0.371,0.221,-11.959,0.0293,0.942,0.269,0.125,0.116,82.028
I Kadada Tis Kolasis,Christos Thivaios,O Amlet Tis Selinis,0.574,0.328,-9.766,0.0294,0.416,0.0,0.0753,0.178,110.797
O Diavolos,Christos Thivaios,O Amlet Tis Selinis,0.619,0.279,-10.101,0.0428,0.667,0.00787,0.0804,0.505,114.986
Kostas Kariotakis,Christos Thivaios,O Amlet Tis Selinis,0.525,0.0365,-16.385,0.0709,0.916,1.38e-05,0.123,0.455,91.502
Fix Carre,Christos Thivaios,O Amlet Tis Selinis,0.659,0.291,-11.04,0.0563,0.656,0.0,0.123,0.238,104.397
O Amlet Tis Vrohis,Christos Thivaios,O Amlet Tis Selinis,0.399,0.357,-10.47,0.0361,0.528,5.35e-05,0.0931,0.126,121.297
Meres Adespotes,Synitheis Ypoptoi,Meres Adespotes,0.529,0.525,-7.715,0.0368,0.582,0.0,0.107,0.583,138.948
Imerologio,Synitheis Ypoptoi,Meres Adespotes,0.413,0.344,-10.759,0.0321,0.867,0.0,0.101,0.284,109.467
Vrohi Mou,Synitheis Ypoptoi,Meres Adespotes,0.369,0.446,-10.246,0.03,0.858,0.000135,0.152,0.275,152.054
Perikopes Enos Apokryfou Evaggeliou,Synitheis Ypoptoi,Meres Adespotes,0.41,0.647,-7.812,0.041,0.291,1.93e-06,0.553,0.689,144.321
"Korona, Grammata",Synitheis Ypoptoi,Meres Adespotes,0.449,0.455,-9.463,0.0305,0.796,0.0,0.137,0.428,128.301
Ti Ti Ha,Synitheis Ypoptoi,Meres Adespotes,0.682,0.56,-8.656,0.0566,0.616,0.0,0.0883,0.722,97.799
O Gorilas,Synitheis Ypoptoi,Meres Adespotes,0.711,0.482,-9.212,0.0386,0.852,1.26e-06,0.113,0.785,114.019
Zoi,Synitheis Ypoptoi,Meres Adespotes,0.416,0.417,-9.48,0.0361,0.922,0.000141,0.117,0.303,154.148
Ap' Ton Paradeiso,Synitheis Ypoptoi,Meres Adespotes,0.357,0.349,-9.506,0.0322,0.828,0.00211,0.13,0.495,169.6
Kokkino Tholo Feggari,Synitheis Ypoptoi,Meres Adespotes,0.608,0.461,-8.855,0.0349,0.779,0.0,0.0733,0.545,127.249
Thelo Na Pio Mazi Sou Ena Tsigaro,Synitheis Ypoptoi,Meres Adespotes,0.476,0.599,-7.953,0.0356,0.455,0.0,0.358,0.61,112.324
Kali Sou Nychta,Synitheis Ypoptoi,Meres Adespotes,0.553,0.167,-11.828,0.0387,0.916,4.95e-05,0.119,0.339,100.053
Tha' Thela Na' Souna Edo,Synitheis Ypoptoi,Eimai Afto Pou Kynigao,0.478,0.42,-9.78,0.0279,0.667,0.000276,0.125,0.321,135.903
Ximeroma Stin Ethniki,Synitheis Ypoptoi,Eimai Afto Pou Kynigao,0.319,0.542,-7.219,0.0354,0.504,0.000382,0.206,0.493,93.976
Gynaika,Synitheis Ypoptoi,Eimai Afto Pou Kynigao,0.415,0.547,-7.73,0.0308,0.304,0.0,0.333,0.509,69.808
Eimai Afto Pou Kynigao,Synitheis Ypoptoi,Eimai Afto Pou Kynigao,0.462,0.474,-8.393,0.0378,0.215,3.47e-06,0.111,0.321,123.178
Karnavali,Synitheis Ypoptoi,Eimai Afto Pou Kynigao,0.259,0.375,-11.234,0.0283,0.812,0.00645,0.135,0.166,92.623
Mia Haramada Panikou,Synitheis Ypoptoi,Eimai Afto Pou Kynigao,0.44,0.547,-7.382,0.033,0.633,1.84e-06,0.184,0.578,136.204
Ksenazo,Synitheis Ypoptoi,Eimai Afto Pou Kynigao,0.265,0.269,-11.0,0.0522,0.836,0.0225,0.0987,0.306,62.651
Horevo,Synitheis Ypoptoi,Eimai Afto Pou Kynigao,0.392,0.48,-7.534,0.0359,0.634,0.0,0.232,0.458,99.593
Allothi,Synitheis Ypoptoi,Eimai Afto Pou Kynigao,0.549,0.332,-8.191,0.0292,0.636,4.55e-06,0.15,0.188,111.592
Ela Konta Mou,Synitheis Ypoptoi,Eimai Afto Pou Kynigao,0.445,0.484,-9.921,0.0608,0.586,0.00368,0.0871,0.254,81.03
Poses Fores,Synitheis Ypoptoi,Eimai Afto Pou Kynigao,0.241,0.544,-7.66,0.0323,0.333,0.0,0.135,0.242,65.155
Den Xero,Synitheis Ypoptoi,Eimai Afto Pou Kynigao,0.692,0.481,-7.684,0.0296,0.358,0.000571,0.096,0.518,124.935
Fantasma,Synitheis Ypoptoi,Eimai Afto Pou Kynigao,0.371,0.259,-11.91,0.0376,0.852,0.0771,0.152,0.232,62.248
Proti Ora,Christos Thivaios,Mono Nero Sti Riza,0.55,0.208,-14.446,0.0414,0.795,2.54e-05,0.119,0.292,125.992
Krasi Sto Homa,Christos Thivaios,Mono Nero Sti Riza,0.585,0.536,-8.535,0.0285,0.608,0.000201,0.156,0.374,108.322
To Doro - Shay,Christos Thivaios,Mono Nero Sti Riza,0.5,0.23,-12.354,0.0316,0.824,0.0396,0.1,0.326,113.143
Nisos Tapeini,Christos Thivaios,Mono Nero Sti Riza,0.572,0.683,-8.961,0.0503,0.196,0.00425,0.302,0.7,107.951
Mavro Margaritari - Dolcenera,Christos Thivaios,Mono Nero Sti Riza,0.54,0.487,-10.205,0.0437,0.731,0.000856,0.178,0.613,104.06
Ena Mesimeri Tou Iouli,Christos Thivaios,Mono Nero Sti Riza,0.262,0.317,-11.18,0.0347,0.533,4.67e-05,0.209,0.294,180.257
Gine Antilalos Hara Mou,Christos Thivaios,Mono Nero Sti Riza,0.551,0.473,-10.685,0.0476,0.786,0.000198,0.0627,0.603,122.735
Me Lene Aera,Christos Thivaios,Mono Nero Sti Riza,0.532,0.738,-9.57,0.106,0.446,7.43e-06,0.146,0.771,95.95
I Trapoula,Christos Thivaios,Mono Nero Sti Riza,0.426,0.37,-12.416,0.0544,0.476,7.06e-05,0.12,0.252,140.751
Echthra - Disamistade,Christos Thivaios,Mono Nero Sti Riza,0.575,0.523,-10.553,0.03,0.563,0.00043,0.113,0.285,121.999
Efhi Tis Nychtas,Christos Thivaios,Mono Nero Sti Riza,0.424,0.334,-11.684,0.0355,0.633,1.1e-05,0.22,0.293,131.332
Avato - Live,Christos Thivaios,Pio Pera Apo Ta Matia (Zontani Ihografisi),0.486,0.722,-8.317,0.151,0.797,3.07e-05,0.969,0.49,80.451
O Ponos Nikise Pali - Live,Christos Thivaios,"Christos Thivaios Live, Vol. 2",0.481,0.407,-9.603,0.112,0.845,2.98e-06,0.831,0.272,99.6
En Garde,Danai Panagiotopoulou,Ikos Andohis,0.535,0.26,-14.498,0.0607,0.971,0.922,0.112,0.49,87.198
Lithi,Danai Panagiotopoulou,Ikos Andohis,0.628,0.181,-13.734,0.0399,0.946,4.56e-05,0.109,0.25,141.913
Tou Odyssea,Danai Panagiotopoulou,Ikos Andohis,0.688,0.213,-12.195,0.0343,0.956,0.00169,0.135,0.401,112.254
Lavrio,Danai Panagiotopoulou,Ikos Andohis,0.666,0.253,-13.796,0.0358,0.954,0.0105,0.106,0.68,145.991
Pote Mikre Megaloses,Danai Panagiotopoulou,Ikos Andohis,0.66,0.276,-12.6,0.0393,0.834,5.46e-05,0.128,0.5,144.937
Eksartimena Antanaklastika,Danai Panagiotopoulou,Ikos Andohis,0.618,0.259,-11.363,0.0359,0.877,0.000335,0.0845,0.445,147.452
King Size,Danai Panagiotopoulou,Ikos Andohis,0.79,0.181,-13.474,0.0419,0.885,1.92e-06,0.102,0.634,120.06
I En Polles Amarties Peripesousa,Danai Panagiotopoulou,Ikos Andohis,0.531,0.267,-11.999,0.0297,0.914,3.72e-06,0.129,0.675,99.095
To Party,Danai Panagiotopoulou,Ikos Andohis,0.725,0.434,-11.377,0.0413,0.921,0.00179,0.105,0.34,113.136
Pes Mou Pos,Danai Panagiotopoulou,Ikos Andohis,0.569,0.0628,-18.889,0.0463,0.967,0.000227,0.11,0.31,137.672
Molotof,Danai Panagiotopoulou,Homo Logotypus,0.758,0.416,-10.535,0.0481,0.537,0.000375,0.0852,0.459,130.368
Piso Ap' ta Asthenofora,Danai Panagiotopoulou,Homo Logotypus,0.609,0.2,-12.379,0.0437,0.96,0.0,0.0986,0.214,110.03
Iliggos,Danai Panagiotopoulou,Homo Logotypus,0.756,0.136,-13.755,0.0493,0.976,0.00154,0.0993,0.64,125.74
M'ena Karotsi,Danai Panagiotopoulou,Homo Logotypus,0.695,0.438,-9.602,0.102,0.584,3.1e-06,0.103,0.673,118.665
Sigouria,Danai Panagiotopoulou,Homo Logotypus,0.689,0.333,-10.853,0.076,0.639,1.44e-05,0.0984,0.597,129.885
Den Ehis Na Plirosis,Danai Panagiotopoulou,Homo Logotypus,0.72,0.356,-10.328,0.143,0.582,0.0,0.133,0.451,121.106
Prin to Thavma,Danai Panagiotopoulou,Homo Logotypus,0.551,0.114,-13.323,0.0466,0.983,0.000128,0.0607,0.199,139.12
Lola,Danai Panagiotopoulou,Homo Logotypus,0.693,0.354,-10.235,0.139,0.625,0.0,0.0679,0.569,125.387
Blues,Danai Panagiotopoulou,Homo Logotypus,0.593,0.435,-9.221,0.0766,0.633,0.0,0.206,0.597,94.267
Psifidoto,Danai Panagiotopoulou,Homo Logotypus,0.454,0.196,-12.828,0.0364,0.957,0.000126,0.0825,0.232,101.346
Untitled (Hidden Track),Danai Panagiotopoulou,Homo Logotypus,0.768,0.126,-15.671,0.441,0.727,0.0,0.0739,0.57,92.54
Meres Argias,Diafana Krina,Egine I Apolia Synithia Mas,0.627,0.701,-7.845,0.0414,0.389,0.0,0.347,0.638,76.752
I Gineka Pou Diavaze Poiimata,Diafana Krina,Egine I Apolia Synithia Mas,0.251,0.869,-5.242,0.0403,0.00156,0.421,0.123,0.533,128.382
"Clown Tin Tetarti, Tin Kyriaki Nekros",Diafana Krina,Egine I Apolia Synithia Mas,0.246,0.828,-9.09,0.0417,0.000549,0.00204,0.0767,0.619,171.023
Rikste Tis Kardies Sas Sta Skylia,Diafana Krina,Egine I Apolia Synithia Mas,0.283,0.718,-8.279,0.0496,0.165,0.519,0.0872,0.113,145.2
I Giorti,Diafana Krina,Egine I Apolia Synithia Mas,0.383,0.932,-4.96,0.0498,0.0175,0.565,0.36,0.3,133.475
Mizero Fos,Diafana Krina,Egine I Apolia Synithia Mas,0.237,0.831,-5.251,0.0306,0.016,0.0018,0.199,0.278,99.263
Opos Ta Hionia,Diafana Krina,Egine I Apolia Synithia Mas,0.428,0.974,-4.062,0.0921,0.00257,0.198,0.126,0.458,121.236
D.,Diafana Krina,Egine I Apolia Synithia Mas,0.671,0.153,-16.537,0.0464,0.976,0.633,0.285,0.0757,35.044
Aperanti Thlimeni Antarktiki,Diafana Krina,Egine I Apolia Synithia Mas,0.32,0.899,-4.448,0.0504,0.000253,0.435,0.0709,0.833,165.455
Egine I Apolia Synithia Mas,Diafana Krina,Egine I Apolia Synithia Mas,0.536,0.637,-9.222,0.0324,0.353,0.593,0.166,0.268,100.029
Dipla Sou San.... Panta,Diafana Krina,Egine I Apolia Synithia Mas,0.294,0.248,-14.778,0.0339,0.878,0.00196,0.0647,0.0723,86.478
Afto To Tragoudi Den Ine Gia Sena,Diafana Krina,Egine I Apolia Synithia Mas,0.36,0.85,-5.445,0.0436,0.00305,0.000437,0.145,0.737,162.285
Farmakomeni,Diafana Krina,Egine I Apolia Synithia Mas,0.389,0.705,-5.964,0.0278,0.224,0.802,0.131,0.168,109.812
Teleftea Mera,Diafana Krina,Egine I Apolia Synithia Mas,0.326,0.686,-9.158,0.0336,0.0152,0.747,0.117,0.138,127.559
Justelene,Diafana Krina,Kati Saravales Kardies,0.255,0.458,-9.999,0.0303,0.783,0.058,0.0915,0.319,171.536
Ble Himonas,Diafana Krina,Kati Saravales Kardies,0.312,0.822,-5.679,0.127,0.474,0.0329,0.1,0.414,147.779
Ola Afta Pou Den Tha Do,Diafana Krina,Kati Saravales Kardies,0.229,0.78,-8.477,0.0463,0.596,0.891,0.118,0.515,162.209
Valte Na Pioume,Diafana Krina,Kati Saravales Kardies,0.219,0.522,-9.707,0.0472,0.653,0.000446,0.0914,0.31,181.083
Agrio Meli,Diafana Krina,Kati Saravales Kardies,0.339,0.429,-12.005,0.0307,0.76,0.283,0.108,0.157,97.409
To Vlemma Sou Sakatepse Ti Mira,Diafana Krina,Kati Saravales Kardies,0.326,0.247,-15.57,0.0294,0.971,0.000585,0.0887,0.209,88.994
Kyriaki Ton Vaion,Diafana Krina,Kati Saravales Kardies,0.271,0.743,-8.759,0.0428,0.126,0.897,0.112,0.335,126.298
Ta Hronia Mou Navagisan Stis Kseres Sou,Diafana Krina,Kati Saravales Kardies,0.431,0.804,-7.792,0.0452,0.703,0.323,0.109,0.477,147.681
Kati Saravales Kardies,Diafana Krina,Kati Saravales Kardies,0.3,0.665,-9.518,0.0578,0.746,0.571,0.112,0.34,132.15
Themethlo,Diafana Krina,Kati Saravales Kardies,0.303,0.222,-15.475,0.0298,0.858,0.674,0.115,0.248,169.526
Katarhin,Diafana Krina,Kati Saravales Kardies,0.319,0.418,-12.159,0.0293,0.335,0.0824,0.145,0.319,74.73
Mikres Alitheies,Diafana Krina,Evodiazoun Agriokerasa Oi Siopes,0.386,0.482,-9.845,0.031,0.00239,0.0239,0.16,0.265,119.211
Nychta,Diafana Krina,Evodiazoun Agriokerasa Oi Siopes,0.31,0.742,-9.316,0.0681,0.0944,0.06,0.0692,0.459,176.902
I Agapi Einai Enas Skylos Ap' Tin Kolasi,Diafana Krina,Evodiazoun Agriokerasa Oi Siopes,0.407,0.637,-10.309,0.0355,0.141,0.00121,0.166,0.142,127.014
Ta Glyka Apelpismena Sou Antio,Diafana Krina,Evodiazoun Agriokerasa Oi Siopes,0.37,0.621,-10.181,0.0465,0.0807,0.267,0.606,0.0731,122.201
To Soma Ayto Einai Deilo,Diafana Krina,Evodiazoun Agriokerasa Oi Siopes,0.292,0.52,-10.913,0.0425,0.0719,0.544,0.0955,0.31,117.306
Sto Plai Sou,Diafana Krina,Evodiazoun Agriokerasa Oi Siopes,0.265,0.856,-9.24,0.0482,0.000903,0.00366,0.37,0.459,173.955
S' Ena Oneiro Apo Hioni,Diafana Krina,Evodiazoun Agriokerasa Oi Siopes,0.625,0.464,-14.368,0.0286,0.533,0.0124,0.214,0.216,111.783
Ap' To Apeiro Se Sena,Diafana Krina,Evodiazoun Agriokerasa Oi Siopes,0.317,0.515,-11.076,0.0333,0.0151,0.566,0.106,0.114,89.622
Stigmes,Diafana Krina,Evodiazoun Agriokerasa Oi Siopes,0.417,0.557,-12.686,0.0322,0.0471,0.401,0.179,0.137,125.744
Tha Pethano Ena Penthimo Tou Fthinoporou Deili,Diafana Krina,Evodiazoun Agriokerasa Oi Siopes,0.437,0.452,-11.051,0.027,0.295,6.06e-06,0.207,0.376,150.701
Mnimes Tou Nerou,Diafana Krina,"O, Ti Apomeine Ap' Tin Eftihia",0.386,0.335,-9.998,0.0315,0.261,0.0812,0.11,0.118,124.225
Diafana Krina,Diafana Krina,"O, Ti Apomeine Ap' Tin Eftihia",0.358,0.705,-8.069,0.0517,0.0308,0.00156,0.124,0.169,144.164
Dis Julia,Diafana Krina,"O, Ti Apomeine Ap' Tin Eftihia",0.633,0.368,-10.08,0.0594,0.0275,0.176,0.118,0.39,109.924
El Hombre Solo,Diafana Krina,"O, Ti Apomeine Ap' Tin Eftihia",0.456,0.434,-12.083,0.138,0.816,0.689,0.102,0.155,122.45
Skismenos Hartaetos,Diafana Krina,"O, Ti Apomeine Ap' Tin Eftihia",0.48,0.489,-9.971,0.0367,0.453,0.302,0.333,0.429,133.693
Karma,Diafana Krina,"O, Ti Apomeine Ap' Tin Eftihia",0.378,0.593,-8.071,0.027,0.0333,0.375,0.122,0.111,139.834
"O, Ti Apomeine Ap' Tin Eftihia",Diafana Krina,"O, Ti Apomeine Ap' Tin Eftihia",0.364,0.771,-5.989,0.0649,0.00409,0.000479,0.181,0.25,77.042
Kathe Ti Pou Anasainei,Diafana Krina,"O, Ti Apomeine Ap' Tin Eftihia",0.322,0.373,-10.727,0.0344,0.239,0.508,0.18,0.177,123.426
Teleftaio Poto Me Ton Diaolo,Diafana Krina,"O, Ti Apomeine Ap' Tin Eftihia",0.421,0.2,-14.991,0.0347,0.478,0.417,0.113,0.0572,106.723
Ena Meros Pou Mporeis Na Kryfteis,Diafana Krina,"O, Ti Apomeine Ap' Tin Eftihia",0.556,0.491,-9.228,0.0298,0.732,0.635,0.124,0.0975,97.42
Paradeisos,Diafana Krina,"O, Ti Apomeine Ap' Tin Eftihia",0.362,0.481,-10.218,0.0406,0.191,0.0234,0.356,0.117,93.492
To Tragoudi Tis Valias Kai Tou Lykou,Diafana Krina,"O, Ti Apomeine Ap' Tin Eftihia",0.631,0.3,-12.587,0.0375,0.769,0.732,0.12,0.265,129.308
Dipsa,Dimitra Galani,Meta,0.36,0.438,-6.998,0.0519,0.162,4.24e-05,0.0901,0.217,179.665
Kokkino Kochyli,Dimitra Galani,Meta,0.495,0.737,-8.576,0.0435,0.371,0.0853,0.119,0.202,155.236
I Mera Ekeini De Th' Argisei,Dimitra Galani,Meta,0.588,0.716,-9.287,0.0334,0.115,0.000505,0.236,0.202,100.089
Mikri Zoi,Dimitra Galani,Meta,0.607,0.234,-14.231,0.0296,0.527,0.00194,0.099,0.383,110.117
Alitaki - Alaniariki Zoi,Dimitra Galani,Meta,0.772,0.711,-9.006,0.0418,0.0953,0.0,0.0557,0.635,113.048
Ta Traina,Dimitra Galani,Meta,0.636,0.404,-8.967,0.0347,0.0823,9.64e-06,0.102,0.196,119.957
Stella,Dimitra Galani,Meta,0.773,0.635,-9.371,0.0944,0.0424,0.00414,0.0737,0.761,110.015
Pes Mou Mia Lexi,Dimitra Galani,Meta,0.313,0.619,-10.626,0.309,0.281,6.14e-06,0.11,0.334,179.727
Dromoi,Dimitra Galani,Meta,0.567,0.952,-7.882,0.119,0.126,0.0029,0.526,0.571,122.141
Mia Efchi,Dimitra Galani,Meta,0.377,0.227,-14.125,0.0335,0.859,4.1e-05,0.13,0.247,128.84
O Logos Tis Siopis - I Ora Tou Stuff,Dimitra Galani,Meta,0.514,0.485,-11.804,0.0505,0.305,0.00252,0.111,0.166,84.933
Demo,Dimitris Karras,Demo,0.327,0.428,-12.735,0.033,0.93,0.798,0.102,0.0374,86.823
Ola Ta Farmaka Ehoun Vgei,Dimitris Karras,Demo,0.827,0.499,-9.991,0.0425,0.896,0.000783,0.104,0.652,140.208
San Kalos Ithopios,Dimitris Karras,Demo,0.604,0.42,-10.143,0.0314,0.2,4.97e-05,0.389,0.558,131.291
Tragoudaki Gia Tainia,Dimitris Karras,Demo,0.787,0.533,-9.137,0.0394,0.517,0.000165,0.095,0.95,139.967
To Trohospito,Dimitris Karras,Demo,0.578,0.54,-8.552,0.035,0.542,0.0,0.0931,0.731,111.919
Protohoreftis,Dimitris Karras,Demo,0.525,0.59,-7.904,0.0377,0.591,0.000232,0.223,0.484,107.104
Lipamai,Dimitris Karras,Demo,0.518,0.49,-7.88,0.0314,0.65,0.0,0.107,0.369,152.008
Ta Hronia Pou Ehasa,Dimitris Karras,Demo,0.551,0.295,-11.261,0.0451,0.894,0.00512,0.155,0.239,134.782
Vrohi,Dimitris Karras,Demo,0.65,0.615,-9.031,0.0285,0.342,0.000215,0.191,0.203,120.005
H Kaliteri,Dimitris Karras,Demo,0.528,0.275,-12.905,0.0908,0.914,3.3e-06,0.143,0.575,148.704
Ola Ta Farmaka Ehoun Vgei - Remix,Dimitris Karras,Demo,0.767,0.626,-7.796,0.0317,0.518,0.0144,0.113,0.738,140.009
O Ilios O Iliatoras,Dimitris Lagios,O Ilios O Iliatoras,0.631,0.174,-8.304,0.0417,0.954,0.0,0.118,0.318,129.292
Kabi Tis Salonikis,Dimitris Lagios,O Ilios O Iliatoras,0.606,0.459,-6.881,0.0462,0.817,4.4e-06,0.0826,0.689,98.354
Anathema Tin Ora,Dimitris Lagios,O Ilios O Iliatoras,0.554,0.478,-7.188,0.0341,0.79,9.65e-06,0.0856,0.461,122.433
Gia Sou Kirie Menexe,Dimitris Lagios,O Ilios O Iliatoras,0.54,0.276,-8.09,0.0383,0.945,0.0,0.193,0.439,119.862
Polla De Theli O Anthropos,Dimitris Lagios,O Ilios O Iliatoras,0.357,0.437,-6.845,0.0281,0.898,0.0,0.116,0.382,105.42
Ti Na Sas Po Ginekes,Dimitris Lagios,O Ilios O Iliatoras,0.686,0.467,-6.443,0.0312,0.844,0.0,0.0969,0.662,111.567
Ilie Mou Kai Trisilie Mou,Dimitris Lagios,O Ilios O Iliatoras,0.554,0.421,-6.799,0.0293,0.825,2.13e-05,0.0765,0.3,114.314
Thelo Karavia Sprohno,Dimitris Lagios,O Ilios O Iliatoras,0.308,0.384,-7.343,0.0307,0.718,0.00929,0.172,0.138,91.133
Dromi Perpatimeni,Dimitris Lagios,O Ilios O Iliatoras,0.428,0.412,-6.875,0.0284,0.881,0.0,0.107,0.315,79.509
S' Evlogimeni Mera,Dimitris Lagios,O Ilios O Iliatoras,0.506,0.397,-7.77,0.0277,0.852,5.96e-06,0.129,0.256,104.336
To Trelovaporo,Dimitris Lagios,O Ilios O Iliatoras,0.281,0.576,-6.001,0.0353,0.719,0.0,0.136,0.577,176.93
Paralagi I,Dimitris Lagios,Rogmes,0.8,0.161,-16.467,0.0797,0.8,0.664,0.0973,0.572,117.122
Thema,Dimitris Lagios,Rogmes,0.702,0.317,-15.021,0.0632,0.764,0.573,0.123,0.508,120.629
Paralagi II,Dimitris Lagios,Rogmes,0.593,0.208,-16.608,0.0424,0.552,0.143,0.101,0.359,134.802
Paralagi III,Dimitris Lagios,Rogmes,0.564,0.211,-16.892,0.0668,0.609,0.726,0.0849,0.667,166.171
Odiporiko I,Dimitris Lagios,Rogmes,0.682,0.151,-18.249,0.147,0.804,0.891,0.0917,0.64,120.289
Odiporiko II,Dimitris Lagios,Rogmes,0.573,0.106,-18.924,0.0474,0.913,0.885,0.102,0.378,115.431
Periplanisi,Dimitris Lagios,Rogmes,0.532,0.111,-18.625,0.0386,0.873,0.128,0.124,0.421,120.514
Epilogos,Dimitris Lagios,Rogmes,0.48,0.15,-17.108,0.0379,0.847,0.904,0.101,0.462,153.078
Anavasi,Dimitris Lagios,Rogmes,0.505,0.362,-14.515,0.0314,0.686,0.856,0.218,0.644,98.825
Eoroumenes Fterouges,Dimitris Lagios,Rogmes,0.36,0.156,-19.064,0.0364,0.866,0.949,0.114,0.212,95.701
Diasparto Fos,Dimitris Lagios,Rogmes,0.355,0.221,-19.124,0.0401,0.48,0.725,0.147,0.553,126.516
Odi Odinis,Dimitris Lagios,Rogmes,0.202,0.107,-21.219,0.0361,0.721,0.888,0.107,0.198,176.785
Eshato Isterografo,Dimitris Lagios,Rogmes,0.399,0.137,-20.946,0.0428,0.963,0.882,0.156,0.137,114.822
Ston Tarsana Ton Agelon,Dimitris Lagios,Rogmes,0.504,0.143,-20.268,0.0375,0.774,0.961,0.13,0.536,87.109
Here,Dimitris Lagios,Rogmes,0.397,0.154,-20.472,0.0329,0.846,0.909,0.0903,0.245,144.438
Thisia,Dimitris Lagios,Rogmes,0.508,0.0402,-24.371,0.0465,0.913,0.0752,0.263,0.246,133.152
Exagnismos,Dimitris Lagios,Rogmes,0.568,0.198,-16.765,0.0411,0.707,0.682,0.0788,0.132,138.768
Imeneos,Dimitris Lagios,Rogmes,0.51,0.157,-21.876,0.0374,0.516,0.842,0.103,0.553,126.916
Ouranides,Dimitris Lagios,Rogmes,0.362,0.145,-18.677,0.0362,0.77,0.964,0.108,0.37,99.957
Anaparastasi Apousias,Dimitris Lagios,Rogmes,0.402,0.115,-20.377,0.0355,0.71,0.953,0.113,0.15,91.565
Enigma,Dimitris Lagios,Rogmes,0.46,0.24,-13.394,0.0347,0.723,6.99e-06,0.0838,0.364,128.552
To Nero,Dimitris Lagios,Rogmes,0.238,0.131,-15.289,0.039,0.861,4.38e-05,0.0861,0.111,137.36
Kathreftis,Dimitris Lagios,Rogmes,0.355,0.165,-16.038,0.0412,0.82,0.042,0.125,0.492,101.596
Sakatemeni Mou Genia,Sotiria Bellou,O Ai Laos (Remastered),0.578,0.449,-7.372,0.0262,0.548,3.02e-05,0.1,0.449,101.89
Tha Me Dikasei,Sotiria Bellou,O Ai Laos (Remastered),0.351,0.433,-7.649,0.0315,0.894,0.0,0.0684,0.182,115.136
Agapi Apagorevmeni,Sotiria Bellou,O Ai Laos (Remastered),0.644,0.761,-6.299,0.0326,0.422,0.0,0.136,0.824,109.968
Dekemvris Glykoharama,Sotiria Bellou,O Ai Laos (Remastered),0.64,0.47,-6.588,0.0315,0.492,7.27e-06,0.0887,0.432,122.248
O Ai Laos,Sotiria Bellou,O Ai Laos (Remastered),0.486,0.393,-7.312,0.0259,0.864,0.0,0.109,0.444,89.577
Chronia Perifronimena,Sotiria Bellou,O Ai Laos (Remastered),0.412,0.402,-8.069,0.0251,0.582,0.0,0.0933,0.529,82.775
Oi Fylakes Sta Vourla,Sotiria Bellou,O Ai Laos (Remastered),0.584,0.481,-7.928,0.0303,0.914,1.62e-06,0.0929,0.601,81.979
Varethika Ti Monaxia,Sotiria Bellou,O Ai Laos (Remastered),0.617,0.466,-6.861,0.0326,0.448,0.0,0.181,0.572,118.732
San To Sidero,Sotiria Bellou,O Ai Laos (Remastered),0.667,0.485,-6.026,0.0359,0.687,0.0,0.0996,0.413,116.084
Perastikos Ki Amilitos,Sotiria Bellou,O Ai Laos (Remastered),0.446,0.372,-9.011,0.0256,0.884,0.000528,0.101,0.264,92.172
Tha Me Dikasei - Instrumental,Sotiria Bellou,O Ai Laos (Remastered),0.389,0.415,-6.88,0.029,0.911,0.000765,0.0961,0.321,116.639
Orhistriko (Me Kalispera Dimitri Mitropanou),Dimitris Mitropanos,Krifa,0.333,0.656,-6.788,0.0339,0.153,0.000128,0.629,0.174,134.502
Nihta,Dimitris Mitropanos,Krifa,0.349,0.52,-6.221,0.0298,0.401,0.0,0.281,0.592,106.255
Fili Fili S' Anastisa,Dimitris Mitropanos,Krifa,0.449,0.511,-6.876,0.0258,0.405,0.0,0.243,0.44,106.681
Akou,Dimitris Mitropanos,Krifa,0.53,0.734,-5.661,0.127,0.362,0.0,0.293,0.578,86.278
S' Agapo San Amartia,Dimitris Mitropanos,Krifa,0.506,0.57,-6.068,0.034,0.448,0.0,0.327,0.69,130.189
Stis Psihis To Parakato,Dimitris Mitropanos,Krifa,0.595,0.581,-7.243,0.0284,0.349,0.0,0.16,0.844,138.844
Tou Votanikou O Magas,Dimitris Mitropanos,Krifa,0.553,0.69,-4.955,0.0312,0.301,0.0,0.36,0.869,75.306
Medley : Den Tha Xanagapiso / O Monomahos / Agapi Mou Tin Alli Fora / O Paliatzis,Dimitris Mitropanos,Krifa,0.409,0.579,-8.203,0.0304,0.499,1.02e-05,0.135,0.364,125.517
I Doulia Kani Tous Adres,Dimitris Mitropanos,Krifa,0.611,0.624,-5.729,0.0301,0.4,0.0,0.0604,0.561,116.19
S' Agapo Akoma,Dimitris Mitropanos,Krifa,0.374,0.667,-5.738,0.0323,0.219,0.0,0.102,0.401,105.654
Parapono,Dimitris Mitropanos,Krifa,0.488,0.626,-4.873,0.031,0.259,0.0,0.305,0.617,117.557
Den Kleo Gia Tora,Dimitris Mitropanos,Krifa,0.489,0.649,-5.639,0.0274,0.422,0.0,0.294,0.648,103.311
Allotines Mou Epohes,Dimitris Mitropanos,Krifa,0.476,0.659,-6.391,0.0333,0.51,1.93e-05,0.307,0.7,93.09
Ta Navla,Dimitris Mitropanos,Krifa,0.715,0.682,-5.306,0.0283,0.491,1.4e-06,0.0787,0.779,102.163
Savvatovrado Stin Kesariani,Dimitris Mitropanos,Krifa,0.576,0.465,-6.285,0.0289,0.652,0.0,0.0934,0.477,134.17
Otan Eho Esena,Dimitris Mitropanos,Krifa,0.374,0.499,-6.431,0.0298,0.516,0.0,0.151,0.273,114.879
Parapono Mou,Dimitris Mitropanos,Krifa,0.458,0.572,-6.327,0.0258,0.491,0.0,0.19,0.314,101.077
An Ise Plai Mou,Dimitris Mitropanos,Krifa,0.476,0.605,-6.578,0.0297,0.522,0.0,0.265,0.413,124.575
Me To Voria,Dimitris Mitropanos,Krifa,0.547,0.518,-6.367,0.0274,0.508,0.0,0.117,0.688,137.831
Mana Mou Ellas,Dimitris Mitropanos,Krifa,0.544,0.491,-5.276,0.0335,0.696,0.0,0.157,0.546,106.05
Oum Haram (694 M.H.-To Tragoudi Ton Vedouinon),Dimitris Mitropanos,Krifa,0.601,0.656,-5.006,0.0361,0.372,0.0,0.222,0.788,112.448
Proto Fthinoporo,Dimitris Mitropanos,Krifa,0.574,0.469,-7.412,0.032,0.453,0.0,0.339,0.619,119.127
Ta Dilina,Dimitris Mitropanos,Krifa,0.543,0.591,-6.923,0.0362,0.453,0.0,0.229,0.493,122.216
Opia Ke Na 'se,Dimitris Mitropanos,Krifa,0.563,0.542,-5.803,0.0288,0.543,2.93e-06,0.274,0.528,123.845
Iparho,Dimitris Mitropanos,Krifa,0.49,0.739,-5.961,0.0302,0.58,4.06e-06,0.176,0.549,105.618
Kane Kati Na Haso To Treno,Dimitris Mitropanos,Krifa,0.475,0.672,-8.17,0.0389,0.14,0.0,0.0889,0.721,142.219
Medley : Mi Mou Lete Gi' Afti / Dakrismeni / To 'xera Pos Tha Mou Figis / Moro Mou,Dimitris Mitropanos,Krifa,0.557,0.761,-6.317,0.0377,0.251,0.0,0.527,0.641,97.056
Svise To Fegari,Dimitris Mitropanos,Krifa,0.574,0.615,-6.142,0.0314,0.357,0.0,0.219,0.411,115.295
Emena De M' Agapise Kaneis,Dimitris Mitropanos,Krifa,0.527,0.599,-5.258,0.0281,0.624,0.0,0.097,0.616,134.425
Eisai Oraia San Amartia,Dimitris Mitropanos,Krifa,0.447,0.684,-5.198,0.0495,0.535,0.0,0.178,0.819,208.667
Mi Htipas S' Ena Spiti Klisto,Dimitris Mitropanos,Krifa,0.514,0.658,-5.687,0.0278,0.423,0.0,0.35,0.717,102.184
Tha Pio Apopse To Feggari,Dimitris Mitropanos,Krifa,0.374,0.517,-7.334,0.0299,0.52,1.48e-05,0.165,0.257,121.834
Pote,Dimitris Mitropanos,Krifa,0.264,0.309,-8.944,0.0325,0.718,3.87e-05,0.215,0.209,138.335
Avgi Anthismeni,Dimitris Mitropanos,Krifa,0.424,0.402,-6.821,0.0274,0.67,0.0,0.123,0.211,116.3
Erhode Vradia,Dimitris Mitropanos,Krifa,0.429,0.616,-6.923,0.0496,0.398,0.0,0.591,0.503,91.378
Mana Pou Zo,Dimitris Mitropanos,Krifa,0.5,0.697,-5.401,0.031,0.324,0.0,0.128,0.895,157.376
Mia Ekdromi,Dimitris Mitropanos,Krifa,0.496,0.576,-6.003,0.0305,0.488,0.0,0.211,0.41,133.55
Dipsa O Erotas Ki Almira,Dimitris Mitropanos,Krifa,0.453,0.483,-7.806,0.0286,0.392,0.0,0.111,0.447,96.268
Enas Kobos I Hara Mou,Dimitris Mitropanos,Krifa,0.343,0.683,-6.708,0.0335,0.603,0.0,0.675,0.405,111.015
To Filotimo T' Adrikio,Dimitris Mitropanos,Krifa,0.45,0.609,-5.75,0.0345,0.544,0.0,0.279,0.732,161.36
Ego Ime Ena Paliopedo,Dimitris Mitropanos,Krifa,0.542,0.52,-7.073,0.0297,0.436,0.0,0.314,0.804,120.94
O Hartaetos,Dimitris Mitropanos,Krifa,0.279,0.434,-6.49,0.0334,0.681,0.0,0.139,0.298,182.865
San Planodio Tsirko,Dimitris Mitropanos,Krifa,0.401,0.616,-5.366,0.0461,0.4,0.0,0.513,0.369,73.964
Den Fteo Ego Pou Megalono,Dimitris Mitropanos,Krifa,0.317,0.55,-7.891,0.0306,0.342,0.0,0.105,0.243,122.453
Anepidoto,Dimitris Mitropanos,Krifa,0.399,0.543,-4.92,0.0341,0.561,0.0,0.122,0.275,119.003
Medley : Drapetsona / Sinnefiasmeni Kiraki,Dimitris Mitropanos,Krifa,0.542,0.537,-6.929,0.0293,0.561,0.0,0.0663,0.415,118.906
Ena To Helidoni,Dimitris Mitropanos,Krifa,0.638,0.522,-7.178,0.0288,0.579,0.0,0.489,0.64,110.791
Tis Dikeosinis Ilie Noite,Dimitris Mitropanos,Krifa,0.641,0.406,-7.77,0.0276,0.386,0.0,0.326,0.558,118.592
Tis Agapis Emata,Dimitris Mitropanos,Krifa,0.199,0.489,-7.298,0.0305,0.588,0.0,0.365,0.444,186.041
Me To Lihno Tou Astrou,Dimitris Mitropanos,Krifa,0.267,0.22,-10.222,0.0376,0.887,0.0,0.199,0.124,124.017
Anigo To Stoma Mou,Dimitris Mitropanos,Krifa,0.28,0.415,-8.804,0.0301,0.572,1.58e-05,0.184,0.176,86.694
I Nihta,Dimitris Mitropanos,Krifa,0.212,0.548,-5.847,0.0291,0.449,3.14e-06,0.117,0.336,177.19
Pios Ti Zoi Mou,Dimitris Mitropanos,Krifa,0.518,0.523,-9.314,0.033,0.372,0.0,0.0818,0.654,94.664
Xenitemeno Mou Pouli,Dimitris Mitropanos,Krifa,0.192,0.223,-11.441,0.0356,0.401,6.93e-06,0.13,0.0551,74.098
Ola Ine Edo,Dimitris Mitropanos,Krifa,0.519,0.3,-10.121,0.0392,0.639,6.75e-05,0.152,0.375,131.842
O Amlet Tis Selinis,Dimitris Mitropanos,Krifa,0.331,0.472,-9.703,0.0335,0.136,1.42e-05,0.284,0.171,145.949
Gia Mia Dolores,Dimitris Mitropanos,Krifa,0.301,0.346,-8.334,0.0328,0.738,0.0,0.376,0.109,107.542
Klapste Ourani Ki Asteria,Dimitris Mitropanos,Krifa,0.347,0.552,-5.159,0.029,0.83,0.0,0.133,0.528,102.303
O Timvorihos,Dimitris Mitropanos,Krifa,0.391,0.43,-7.676,0.0383,0.368,0.0,0.0838,0.35,125.622
To Hatiri,Dimitris Mitropanos,Krifa,0.509,0.569,-5.967,0.0386,0.624,0.0,0.502,0.364,111.811
Kosme Mou 'gines Pligi,Dimitris Mitropanos,Krifa,0.515,0.579,-8.253,0.0299,0.694,1.72e-06,0.148,0.651,119.433
Dromi Skonismeni,Dimitris Mitropanos,Krifa,0.234,0.519,-6.106,0.0297,0.63,0.0,0.125,0.447,90.772
Edelvais,Dimitris Mitropanos,Krifa,0.449,0.331,-8.512,0.0269,0.636,0.0,0.121,0.206,106.365
Mikros Titanikos,Dimitris Mitropanos,Krifa,0.559,0.568,-8.028,0.0325,0.72,0.0,0.506,0.457,136.556
Pedi Tis Asfaltou,Dimitris Mitropanos,Krifa,0.233,0.411,-8.839,0.033,0.602,0.000109,0.28,0.302,179.079
O Aggelos,Dimitris Mitropanos,Krifa,0.386,0.376,-8.491,0.0335,0.724,0.0,0.44,0.459,72.907
Savvatovrado,Dimitris Mitropanos,Krifa,0.576,0.465,-6.285,0.0289,0.652,0.0,0.0934,0.477,134.17
I Diki Mou I Patrida,Dimitris Mitropanos,Krifa,0.437,0.603,-5.708,0.0312,0.327,0.0,0.415,0.446,96.02
Mikro Mou Votsalo,Dimitris Mitropanos,Krifa,0.199,0.425,-8.276,0.0316,0.769,5.21e-06,0.228,0.17,170.282
I Roza Pai Volta,Dimitris Mitropanos,Krifa,0.399,0.429,-9.141,0.0307,0.743,0.000656,0.223,0.213,123.268
Afta Ta Heria,Dimitris Mitropanos,Krifa,0.579,0.501,-9.323,0.035,0.651,0.0,0.16,0.564,128.031
Ke Ti Den Kano,Dimitris Mitropanos,Krifa,0.538,0.509,-7.257,0.0271,0.278,0.0,0.142,0.54,94.31
Hroma Den Allazoune Ta Matia,Dimitris Mitropanos,Krifa,0.376,0.604,-5.38,0.0318,0.546,1.17e-06,0.346,0.471,60.454
To Tholomeno Mou Mialo,Dimitris Mitropanos,Krifa,0.586,0.45,-7.997,0.0339,0.492,0.0,0.0787,0.606,133.717
Vrehi Sti Ftohogitonia,Dimitris Mitropanos,Krifa,0.467,0.661,-4.224,0.0316,0.443,0.0,0.122,0.453,134.054
Mia Fora Monaha Ftani,Dimitris Mitropanos,Krifa,0.521,0.387,-8.44,0.0294,0.415,0.0,0.165,0.605,122.365
Pios Ftei Mi Rotas,Dimitris Mitropanos,Krifa,0.334,0.56,-8.444,0.0311,0.519,0.0,0.156,0.437,90.143
Pethamenes Kalisperes,Dimitris Mitropanos,Krifa,0.364,0.493,-8.599,0.0309,0.481,0.0,0.628,0.155,132.879
Vrehi Sti Ftohogitonia - Live,Dimitris Mitropanos,Iparhi Ke ... To Zeibekiko (Live),0.464,0.557,-6.838,0.0298,0.589,0.0,0.568,0.483,133.717
Ta Ladadika - Live,Dimitris Mitropanos,Iparhi Ke ... To Zeibekiko (Live),0.483,0.492,-7.562,0.0376,0.78,1.41e-06,0.44,0.23,122.215
Roza - Live,Dimitris Mitropanos,Iparhi Ke ... To Zeibekiko (Live),0.443,0.674,-5.902,0.0303,0.707,0.0,0.478,0.37,128.5
Ilie Mou Se Parakalo - Live,Dimitris Mitropanos,Iparhi Ke ... To Zeibekiko (Live),0.36,0.559,-7.394,0.0351,0.502,1.15e-05,0.679,0.193,124.341
Erotiko - Live,Dimitris Mitropanos,Iparhi Ke ... To Zeibekiko (Live),0.399,0.546,-6.828,0.0337,0.676,0.0,0.428,0.236,126.339
Dio Portes Ehi I Zoi - Live,Dimitris Mitropanos,Iparhi Ke ... To Zeibekiko (Live),0.412,0.554,-9.012,0.0376,0.648,0.0,0.862,0.476,125.256
Nihtose Horis Feggari - Live,Dimitris Mitropanos,Iparhi Ke ... To Zeibekiko (Live),0.417,0.552,-8.114,0.0316,0.585,1.77e-05,0.706,0.334,119.25
"O, ti Agapao Ego Petheni - Live",Dimitris Mitropanos,Iparhi Ke ... To Zeibekiko (Live),0.512,0.618,-7.116,0.0364,0.545,0.0,0.753,0.383,126.819
Paraponemena Logia - Live,Dimitris Mitropanos,Iparhi Ke ... To Zeibekiko (Live),0.473,0.55,-6.811,0.0312,0.44,0.0,0.727,0.435,118.77
Zeibekiko - Live,Dimitris Mitropanos,Iparhi Ke ... To Zeibekiko (Live),0.419,0.416,-8.231,0.0314,0.735,0.0,0.137,0.176,124.098
Ston Aggelon Ta Bouzoukia - Live,Dimitris Mitropanos,Iparhi Ke ... To Zeibekiko (Live),0.43,0.578,-6.493,0.0347,0.689,0.0,0.794,0.508,141.592
Sinnefiasmeni Kiriaki - Live,Dimitris Mitropanos,Iparhi Ke ... To Zeibekiko (Live),0.387,0.543,-8.016,0.0342,0.619,8.06e-06,0.367,0.551,124.835
Ta Matoklada Sou Laboun - Live,Dimitris Mitropanos,Iparhi Ke ... To Zeibekiko (Live),0.487,0.722,-7.039,0.046,0.747,0.000555,0.779,0.891,144.919
Thalasses,Dimitris Mitropanos,I Ethniki Mas Monaxia,0.251,0.361,-13.728,0.0342,0.657,0.0,0.181,0.234,99.974
S' Anazito Sti Saloniki,Dimitris Mitropanos,I Ethniki Mas Monaxia,0.667,0.368,-13.637,0.0452,0.668,0.0,0.344,0.432,114.589
Pos Mou Milas,Dimitris Mitropanos,I Ethniki Mas Monaxia,0.634,0.548,-13.065,0.0482,0.762,0.0,0.224,0.812,110.448
Mia Stasi Edo,Dimitris Mitropanos,I Ethniki Mas Monaxia,0.633,0.454,-13.113,0.034,0.66,0.0,0.0939,0.482,122.022
Pali Se Thimithika,Dimitris Mitropanos,I Ethniki Mas Monaxia,0.421,0.373,-15.141,0.0319,0.761,0.00146,0.1,0.109,92.988
I Ethniki Mas Monaxia,Dimitris Mitropanos,I Ethniki Mas Monaxia,0.54,0.369,-15.324,0.0343,0.675,0.0,0.273,0.402,126.253
Krata Kardia Mou Enos Leptou Sigi,Dimitris Mitropanos,I Ethniki Mas Monaxia,0.586,0.38,-13.128,0.0349,0.677,0.0,0.124,0.401,122.523
Tha Kourastis Na Pezis Theatro,Dimitris Mitropanos,I Ethniki Mas Monaxia,0.566,0.602,-13.941,0.0436,0.483,2.87e-05,0.188,0.615,137.348
Ena Parapono,Dimitris Mitropanos,I Ethniki Mas Monaxia,0.552,0.386,-13.814,0.031,0.682,1.72e-06,0.0496,0.641,128.676
Kimisou,Dimitris Mitropanos,I Ethniki Mas Monaxia,0.176,0.153,-19.026,0.0433,0.869,0.0,0.0849,0.211,181.891
Allazo Prosopa,Dimitris Mitropanos,Stis Psihis To Parakato,0.556,0.52,-7.651,0.0265,0.3,0.0,0.18,0.603,96.06
Sirines,Dimitris Mitropanos,Stis Psihis To Parakato,0.601,0.679,-8.146,0.0334,0.522,0.00253,0.346,0.525,112.081
I Monaxia Ine Horos,Dimitris Mitropanos,Stis Psihis To Parakato,0.662,0.614,-8.674,0.0319,0.494,1.06e-05,0.102,0.502,134.19
Aggelos Tou Nostou,Dimitris Mitropanos,Stis Psihis To Parakato,0.573,0.554,-7.138,0.0301,0.684,0.0,0.309,0.332,115.162
Agapi Giali,Dimitris Mitropanos,Stis Psihis To Parakato,0.401,0.586,-7.57,0.035,0.61,0.0,0.118,0.519,156.155
Tholo Potami To Perasma Sou,Dimitris Mitropanos,Stis Psihis To Parakato,0.552,0.641,-6.832,0.0316,0.715,0.0,0.0978,0.689,116.218
Glikia Melagholia,Dimitris Mitropanos,Stis Psihis To Parakato,0.635,0.562,-7.323,0.0309,0.523,0.0,0.166,0.724,128.165
To Stihima (To Tragoudi Tis Eftihias),Dimitris Mitropanos,Stis Psihis To Parakato,0.565,0.538,-7.504,0.0263,0.631,0.0,0.219,0.623,81.036
Skia Tou Dilinou,Dimitris Mitropanos,Stis Psihis To Parakato,0.751,0.623,-7.192,0.0291,0.325,0.0,0.185,0.899,108.231
To Mistiko,Dimitris Mitropanos,Stis Psihis To Parakato,0.509,0.259,-9.981,0.0266,0.802,6.44e-05,0.0866,0.237,90.261
Zoi Dalika Kokkini,Dimitris Mitropanos,Sti Diapason,0.484,0.659,-7.084,0.0359,0.46,1.04e-05,0.138,0.389,116.655
Dipsa O Erotas Ki Armira,Dimitris Mitropanos,Sti Diapason,0.265,0.519,-7.257,0.0321,0.717,0.0,0.159,0.357,184.188
Thes Enan Kosmo Pio Megalo,Dimitris Mitropanos,Sti Diapason,0.482,0.467,-7.259,0.0304,0.796,1.14e-05,0.126,0.226,119.634
Osi Zoun Alithina,Dimitris Mitropanos,Sti Diapason,0.396,0.562,-7.28,0.0536,0.494,3.13e-05,0.0946,0.605,68.509
Tha Figo Nihta,Dimitris Mitropanos,Sti Diapason,0.531,0.602,-7.119,0.0418,0.437,1.75e-06,0.0578,0.537,186.025
Kapote,Dimitris Mitropanos,Sti Diapason,0.617,0.505,-7.611,0.0316,0.861,0.0,0.139,0.642,110.124
"Agapi Mou, Tin Alli Fora",Dimitris Mitropanos,Sti Diapason,0.633,0.643,-6.46,0.038,0.574,8.98e-05,0.277,0.646,138.075
Ke Pali Edo,Dimitris Mitropanos,Sti Diapason,0.465,0.438,-7.798,0.0293,0.726,0.0,0.0901,0.294,120.049
Ime Anthropos Akoma,Dimitris Mitropanos,Sti Diapason,0.417,0.553,-7.881,0.0396,0.732,0.0,0.167,0.552,203.827
O Monomahos,Dimitris Mitropanos,Sti Diapason,0.61,0.57,-7.675,0.0311,0.659,2.51e-05,0.109,0.415,121.987
Palevo,Dimitris Mitropanos,Sti Diapason,0.381,0.443,-10.007,0.0551,0.859,0.00017,0.0972,0.315,180.368
Erotas Archagelos,Dimitris Mitropanos,Sti Diapason,0.692,0.604,-6.309,0.0356,0.749,0.0,0.0728,0.677,123.956
To Zeibekiko Tis Evdokias - Live,Dimitris Mitropanos,Iparhi Ke ... To Zeibekiko (Live),0.62,0.657,-6.961,0.0278,0.339,0.416,0.939,0.367,131.732
Stena Mou Sinora,Dimitris Mitropanos,Stis Psihis To Parakato,0.614,0.564,-7.133,0.0299,0.13,0.0,0.176,0.248,128.27
Zeibekikos - Live,Dimitris Mitropanos,Iparhi Ke ... To Zeibekiko (Live),0.501,0.836,-6.656,0.0423,0.515,0.914,0.402,0.58,160.336
Periergo Pehnidi,Dimitris Mitropanos,Krifa,0.343,0.482,-8.412,0.0344,0.621,0.0,0.142,0.467,115.579
Agapi Pou 'gines Dikopo Maheri / Den Xero Poso S' Agapo - Live,Dimitris Mitropanos,Iparhi Ke ... To Zeibekiko (Live),0.399,0.507,-7.811,0.0384,0.688,0.0,0.943,0.283,132.39
To koritsaki mou,Dimitris Mystakidis,Esperanto,0.864,0.533,-6.251,0.0288,0.8,0.0,0.105,0.929,100.042
Tzemile,Dimitris Mystakidis,Esperanto,0.537,0.426,-9.143,0.0358,0.83,3.9e-05,0.102,0.692,110.156
O pasatempos,Dimitris Mystakidis,Esperanto,0.491,0.359,-7.895,0.0362,0.834,2.7e-06,0.332,0.48,66.705
Mak Poule,Dimitris Mystakidis,Esperanto,0.624,0.364,-6.769,0.0252,0.878,0.00026,0.114,0.274,89.888
Skotose me (To macheri),Dimitris Mystakidis,Esperanto,0.577,0.402,-10.469,0.0362,0.835,7.06e-06,0.275,0.478,80.67
Tampakera,Dimitris Mystakidis,Esperanto,0.641,0.318,-8.494,0.0272,0.841,3.33e-06,0.0844,0.462,84.003
Tin porta mi mou klinis,Dimitris Mystakidis,Esperanto,0.494,0.426,-6.652,0.0313,0.82,0.0,0.197,0.751,177.879
Sklaves tou macharagia,Dimitris Mystakidis,Esperanto,0.77,0.471,-9.109,0.0313,0.758,1.4e-06,0.0924,0.821,135.095
Adynaton na koimitho,Dimitris Mystakidis,Esperanto,0.7,0.364,-10.694,0.0299,0.865,0.000114,0.148,0.531,109.961
Na glitosoume kai i dyo,Dimitris Mystakidis,Esperanto,0.745,0.363,-10.545,0.0425,0.89,3.61e-05,0.0752,0.767,119.928
Samba mou xigiese,Dimitris Mystakidis,Esperanto,0.743,0.528,-6.612,0.0313,0.792,0.0,0.331,0.85,97.521
Echasa ta matia ta orea,Dimitris Mystakidis,Esperanto,0.772,0.467,-7.592,0.0265,0.884,1.98e-06,0.111,0.855,100.031
Mira Me Katadikases,Dimitris Mystakidis,Esperanto,0.599,0.589,-9.757,0.0359,0.906,0.309,0.108,0.855,100.017
Tha fygo tha me chasis,Dimitris Mystakidis,Esperanto,0.692,0.43,-8.9,0.0277,0.856,5.58e-06,0.23,0.619,85.065
Tha chatho mikri mou,Dimitris Mystakidis,Esperanto,0.68,0.334,-8.756,0.0452,0.917,0.000106,0.12,0.78,180.146
Paraxeni Kopela,Dimitris Mystakidis,Esperanto,0.693,0.319,-10.798,0.0269,0.936,0.000227,0.248,0.436,104.047
Arage na mai kapios allos,Dimitris Zervoudakis,Sta hamila kai sta psila,0.751,0.395,-9.754,0.0333,0.734,9.13e-05,0.0943,0.478,124.11
Par ta vimata sou,Dimitris Zervoudakis,Sta hamila kai sta psila,0.613,0.409,-9.023,0.0325,0.514,0.0,0.0684,0.445,123.839
Me to kormi na kaigetai,Dimitris Zervoudakis,Sta hamila kai sta psila,0.766,0.346,-10.311,0.0324,0.649,0.0,0.104,0.572,105.017
Leasing eytyxias,Dimitris Zervoudakis,Sta hamila kai sta psila,0.686,0.322,-12.637,0.0368,0.596,0.0111,0.141,0.355,131.922
Sta xamila kai sta psila,Dimitris Zervoudakis,Sta hamila kai sta psila,0.496,0.612,-7.165,0.0313,0.342,0.00889,0.157,0.493,140.947
T aneipota,Dimitris Zervoudakis,Sta hamila kai sta psila,0.812,0.407,-7.112,0.0385,0.263,1.03e-06,0.0817,0.83,119.973
Oti kai na kanw,Dimitris Zervoudakis,Sta hamila kai sta psila,0.442,0.217,-9.816,0.0351,0.827,0.0,0.201,0.317,127.101
Thelw navgw ston ilio,Dimitris Zervoudakis,Sta hamila kai sta psila,0.467,0.3,-11.857,0.0341,0.815,2.39e-06,0.113,0.273,121.419
Oti kai na sou simvei,Dimitris Zervoudakis,Sta hamila kai sta psila,0.606,0.239,-14.19,0.0411,0.569,8.01e-05,0.184,0.34,83.121
Dendro mou ageroxo,Dimitris Zervoudakis,Sta hamila kai sta psila,0.528,0.405,-11.683,0.0304,0.722,2.34e-05,0.124,0.143,143.889
Xameni Kyriaki,Dimitris Zervoudakis,Sta hamila kai sta psila,0.721,0.379,-7.938,0.0316,0.368,0.0,0.0615,0.461,124.004
Eleytheria,Dimitris Zervoudakis,Sta hamila kai sta psila,0.494,0.3,-14.843,0.0355,0.699,4.04e-05,0.135,0.341,115.768
Theoria Ke Praxi,Dimitris Zervoudakis,Mia Zoi Stin Idia Taxi,0.443,0.196,-16.889,0.0381,0.417,1.24e-05,0.143,0.288,144.379
Megalos Ine O Kosmos,Dimitris Zervoudakis,Mia Zoi Stin Idia Taxi,0.375,0.245,-14.216,0.033,0.465,0.00722,0.246,0.553,113.485
Ola Ehoun Gini,Dimitris Zervoudakis,Mia Zoi Stin Idia Taxi,0.689,0.291,-14.848,0.044,0.779,2.97e-05,0.108,0.563,125.991
I Asheti,Dimitris Zervoudakis,Mia Zoi Stin Idia Taxi,0.797,0.302,-11.297,0.0355,0.524,0.0,0.0654,0.566,112.136
Apoklismenos Sti Saloniki,Dimitris Zervoudakis,Mia Zoi Stin Idia Taxi,0.63,0.276,-15.72,0.0323,0.465,0.00421,0.125,0.51,116.053
Toxovoli,Dimitris Zervoudakis,Mia Zoi Stin Idia Taxi,0.791,0.355,-12.888,0.0413,0.522,1.39e-05,0.0712,0.782,115.954
Navagos Stin Agapi,Dimitris Zervoudakis,Mia Zoi Stin Idia Taxi,0.653,0.39,-11.687,0.0347,0.552,0.00171,0.136,0.506,120.204
To Hali Mas,Dimitris Zervoudakis,Mia Zoi Stin Idia Taxi,0.795,0.437,-13.01,0.034,0.729,1.96e-05,0.197,0.783,116.103
Xehimoniazi,Dimitris Zervoudakis,Mia Zoi Stin Idia Taxi,0.65,0.25,-13.093,0.0318,0.834,0.000115,0.199,0.543,120.067
Se Katastasi Kindinou,Dimitris Zervoudakis,Mia Zoi Stin Idia Taxi,0.611,0.234,-16.594,0.0329,0.672,0.000243,0.094,0.415,119.935
Ilios Pou Ipsonete,Dimitris Zervoudakis,Ehe To Nou Sou,0.496,0.256,-15.903,0.0449,0.396,0.0,0.0962,0.728,100.547
O Tehnokratis,Dimitris Zervoudakis,Ehe To Nou Sou,0.798,0.258,-14.443,0.0597,0.258,2.57e-05,0.224,0.783,107.114
Ta Dio Sou Hili Potamos,Dimitris Zervoudakis,Ehe To Nou Sou,0.526,0.361,-15.508,0.0448,0.708,7.19e-05,0.0858,0.688,92.368
Lefka Poulia,Dimitris Zervoudakis,Ehe To Nou Sou,0.641,0.173,-15.545,0.033,0.764,6.97e-05,0.0825,0.407,112.255
Neraides,Dimitris Zervoudakis,Ehe To Nou Sou,0.664,0.152,-13.963,0.11,0.56,0.0,0.122,0.421,125.104
O Amerikanos,Dimitris Zervoudakis,Ehe To Nou Sou,0.567,0.204,-17.831,0.0343,0.753,3.7e-06,0.152,0.65,152.454
To Dakri,Dimitris Zervoudakis,Ehe To Nou Sou,0.585,0.121,-16.416,0.0463,0.0764,0.0,0.0928,0.698,92.511
Htes To Vradi St' Oniro Mou,Dimitris Zervoudakis,Ehe To Nou Sou,0.689,0.176,-16.043,0.0379,0.606,1.54e-05,0.0655,0.267,100.107
To Vlefaraki,Dimitris Zervoudakis,Ehe To Nou Sou,0.687,0.253,-18.325,0.0349,0.716,0.149,0.0487,0.814,88.054
Ehe To Nou Sou,Dimitris Zervoudakis,Ehe To Nou Sou,0.744,0.215,-15.853,0.0634,0.437,0.0,0.0405,0.543,127.956
Tria Vouna,Dimitris Zervoudakis,Ehe To Nou Sou,0.531,0.199,-18.069,0.0364,0.872,5.97e-06,0.109,0.497,78.04
O Naftis,Dimitris Zervoudakis,Klis' Ta Matia Sou Ke Kita,0.489,0.278,-11.727,0.0427,0.307,0.0,0.459,0.312,158.008
Neyi,Dimitris Zervoudakis,Klis' Ta Matia Sou Ke Kita,0.809,0.651,-11.56,0.0627,0.289,7.41e-06,0.174,0.759,94.057
Varia Pota Varia Tsigara,Dimitris Zervoudakis,Klis' Ta Matia Sou Ke Kita,0.823,0.314,-12.272,0.0504,0.317,0.0,0.0967,0.3,130.244
To Proto Potiri,Dimitris Zervoudakis,Klis' Ta Matia Sou Ke Kita,0.69,0.462,-10.469,0.0272,0.115,0.00757,0.224,0.648,130.184
Ida Ena Filo,Dimitris Zervoudakis,Klis' Ta Matia Sou Ke Kita,0.714,0.522,-13.051,0.0414,0.113,0.00163,0.0635,0.765,95.148
Gorgona Utopia,Dimitris Zervoudakis,Klis' Ta Matia Sou Ke Kita,0.613,0.355,-13.495,0.0391,0.261,0.0,0.237,0.178,165.853
Nikos Stavros Adonis,Dimitris Zervoudakis,Klis' Ta Matia Sou Ke Kita,0.889,0.45,-11.669,0.0656,0.0799,0.0,0.104,0.489,110.098
Tou Paramithiou To Nima,Dimitris Zervoudakis,Klis' Ta Matia Sou Ke Kita,0.732,0.423,-14.026,0.0463,0.223,0.000642,0.125,0.395,82.094
Klis' Ta matia Sou Ke Kita,Dimitris Zervoudakis,Klis' Ta Matia Sou Ke Kita,0.553,0.164,-17.383,0.0378,0.858,3.07e-06,0.106,0.352,118.859
Simea Flegomeni,Dimitris Zervoudakis,Klis' Ta Matia Sou Ke Kita,0.605,0.393,-12.287,0.0605,0.0778,1.9e-06,0.11,0.392,173.738
Stou Hronou To Alonisma,Dimitris Zervoudakis,Klis' Ta Matia Sou Ke Kita,0.627,0.288,-14.851,0.034,0.339,0.000229,0.149,0.212,153.966
Poli Gialino Karavi,Dimitris Zervoudakis,Klis' Ta Matia Sou Ke Kita,0.59,0.287,-15.732,0.0347,0.422,1.05e-05,0.115,0.255,150.175
O Le Le,Dimitris Zervoudakis,To Mesa Mou Vouno,0.35,0.649,-8.327,0.0412,0.248,0.135,0.134,0.491,163.916
Mia Mia,Dimitris Zervoudakis,To Mesa Mou Vouno,0.529,0.675,-6.455,0.0429,0.257,0.0,0.1,0.719,150.146
O Thymos Mou,Dimitris Zervoudakis,To Mesa Mou Vouno,0.478,0.68,-6.341,0.0337,0.0994,0.0,0.115,0.529,146.411
Mavri Mera,Dimitris Zervoudakis,To Mesa Mou Vouno,0.633,0.777,-5.364,0.0311,0.0213,1.45e-05,0.27,0.468,134.968
So Parchar,Dimitris Zervoudakis,To Mesa Mou Vouno,0.493,0.203,-13.15,0.0351,0.829,0.0195,0.138,0.0466,108.85
Apo Kalo Ki Apo Kako,Dimitris Zervoudakis,To Mesa Mou Vouno,0.652,0.396,-6.979,0.0498,0.273,0.0,0.0615,0.275,82.001
To Fegari,Dimitris Zervoudakis,To Mesa Mou Vouno,0.571,0.733,-5.59,0.0416,0.104,0.00227,0.1,0.711,165.948
I Mnimi Mou Egine Giagia,Dimitris Zervoudakis,To Mesa Mou Vouno,0.762,0.745,-6.416,0.0426,0.0109,1.29e-05,0.09,0.828,132.074
Kita Na Min Chathis,Dimitris Zervoudakis,To Mesa Mou Vouno,0.502,0.642,-6.014,0.0303,0.0219,0.0049,0.108,0.257,80.0
I Fyles,Dimitris Zervoudakis,To Mesa Mou Vouno,0.536,0.578,-7.605,0.0347,0.146,0.000359,0.087,0.848,82.752
Ta Malgara,Dimitris Zervoudakis,To Mesa Mou Vouno,0.689,0.661,-8.195,0.0383,0.141,2.33e-05,0.114,0.723,95.451
Apocheretismos,Dimitris Zervoudakis,To Mesa Mou Vouno,0.494,0.332,-8.354,0.222,0.953,0.0,0.72,0.601,92.902
Ta xotika,Dimitris Zervoudakis,Panselini hora,0.521,0.566,-8.51,0.0535,0.579,8.16e-06,0.099,0.187,76.909
Krata me,Dimitris Zervoudakis,Panselini hora,0.723,0.751,-7.083,0.0256,0.102,0.000113,0.0941,0.331,114.981
Mesimeri,Dimitris Zervoudakis,Panselini hora,0.478,0.64,-7.342,0.048,0.0924,2.42e-06,0.176,0.663,173.539
T' agiopetritika paidia,Dimitris Zervoudakis,Panselini hora,0.548,0.544,-9.228,0.0351,0.355,0.000971,0.105,0.554,89.815
Grammi,Dimitris Zervoudakis,Panselini hora,0.658,0.74,-7.062,0.0355,0.232,1.44e-06,0.375,0.596,138.221
Erxetai i agapi,Dimitris Zervoudakis,Panselini hora,0.681,0.548,-8.935,0.0272,0.322,2.28e-05,0.1,0.424,113.939
Panselini hora,Dimitris Zervoudakis,Panselini hora,0.676,0.687,-8.245,0.0393,0.136,6.38e-06,0.226,0.478,105.794
Ta megala mystika,Dimitris Zervoudakis,Panselini hora,0.752,0.53,-8.598,0.0305,0.573,0.00136,0.328,0.542,119.875
Ayto to ax na mhn to les,Dimitris Zervoudakis,Panselini hora,0.655,0.192,-15.685,0.0497,0.979,0.187,0.0988,0.261,118.664
Pano apo tis poleis,Dimitris Zervoudakis,Panselini hora,0.601,0.682,-8.774,0.0237,0.137,0.0242,0.0938,0.508,99.9
Skeftomai n allaxo symperifora,Dimitris Zervoudakis,Panselini hora,0.708,0.481,-10.156,0.0395,0.398,0.00672,0.355,0.599,161.992
O zografos,Dimitris Zervoudakis,Panselini hora,0.625,0.33,-12.278,0.0338,0.574,5.45e-05,0.11,0.0792,80.075
Tou harri,Dimitris Zervoudakis,Panselini hora,0.62,0.481,-10.571,0.038,0.377,0.0,0.107,0.535,95.484
Mporei,Dimitris Zervoudakis,Panselini hora,0.551,0.471,-9.864,0.0392,0.195,0.000921,0.113,0.0442,119.321
Platia Navarinou,Dimitris Zervoudakis,Apo Marti Kalokeri,0.617,0.532,-11.072,0.0406,0.246,0.0,0.118,0.437,126.052
Nihta - Nihtia,Dimitris Zervoudakis,Apo Marti Kalokeri,0.643,0.239,-14.594,0.028,0.0799,3.92e-05,0.0646,0.441,138.05
Proino Oniro,Dimitris Zervoudakis,Apo Marti Kalokeri,0.693,0.512,-11.548,0.0305,0.475,0.000179,0.151,0.778,100.061
Ipogii Fili,Dimitris Zervoudakis,Apo Marti Kalokeri,0.51,0.443,-11.971,0.0317,0.257,1.41e-06,0.16,0.274,150.042
Stous Dromous,Dimitris Zervoudakis,Apo Marti Kalokeri,0.564,0.447,-11.028,0.0314,0.32,0.0,0.144,0.495,157.197
Sirhasirim,Dimitris Zervoudakis,Apo Marti Kalokeri,0.527,0.409,-12.752,0.0291,0.344,0.000574,0.22,0.223,95.022
Larla,Dimitris Zervoudakis,Apo Marti Kalokeri,0.58,0.248,-12.906,0.0377,0.787,0.00218,0.117,0.242,141.836
Sti Venetia,Dimitris Zervoudakis,Apo Marti Kalokeri,0.692,0.46,-14.834,0.054,0.589,0.000216,0.111,0.745,164.246
Tragoudi Ine Pou Fevgi,Dimitris Zervoudakis,Apo Marti Kalokeri,0.419,0.206,-15.333,0.0456,0.91,0.00182,0.116,0.27,81.636
Mana Mou Gi,Dimitris Zervoudakis,Apo Marti Kalokeri,0.583,0.399,-12.305,0.0412,0.539,0.000589,0.108,0.298,160.726
Enohos,Dimitris Zervoudakis,Akrovatis,0.667,0.46,-14.757,0.0378,0.867,0.0054,0.102,0.351,90.243
Gramma S' Enan Piiti,Dimitris Zervoudakis,Akrovatis,0.688,0.307,-15.252,0.0453,0.808,1.04e-06,0.379,0.675,139.769
Harakia,Dimitris Zervoudakis,Akrovatis,0.511,0.4,-13.926,0.0405,0.488,0.0,0.0958,0.528,89.284
Adespoti Mines,Dimitris Zervoudakis,Akrovatis,0.652,0.222,-16.07,0.0407,0.918,1.56e-05,0.0889,0.323,101.16
Asimenio Potamaki,Dimitris Zervoudakis,Akrovatis,0.588,0.494,-13.285,0.0398,0.539,3.74e-06,0.0634,0.819,120.269
Thessaloniki-Athina-Avlona,Dimitris Zervoudakis,Akrovatis,0.623,0.337,-14.32,0.0329,0.805,0.0,0.0692,0.684,89.632
Ouranos Me Dio Feggaria,Dimitris Zervoudakis,Akrovatis,0.695,0.282,-13.695,0.0473,0.782,0.0,0.0985,0.498,107.639
Akrovatis,Dimitris Zervoudakis,Akrovatis,0.607,0.471,-15.262,0.0706,0.788,2.13e-06,0.288,0.513,90.426
Mes' Tou Kapani Tis Stoes,Dimitris Zervoudakis,Akrovatis,0.652,0.504,-13.258,0.0559,0.677,0.0,0.391,0.906,144.888
Treli Zografia,Dimitris Zervoudakis,Akrovatis,0.633,0.4,-14.958,0.043,0.712,0.000202,0.105,0.625,123.451
Eisagogi,Dimos Moutsis,Agios Fevrouarios,0.375,0.304,-14.915,0.0503,0.394,0.832,0.246,0.0633,122.485
Agios Fevrouarios,Dimos Moutsis,Agios Fevrouarios,0.349,0.188,-17.708,0.0342,0.353,0.0,0.0736,0.245,150.495
Allos Gia Chio Travixe,Dimos Moutsis,Agios Fevrouarios,0.596,0.315,-13.947,0.0296,0.727,0.0,0.326,0.596,105.677
To Spiti Stin Aniforia,Dimos Moutsis,Agios Fevrouarios,0.519,0.349,-14.339,0.0364,0.67,0.0,0.132,0.65,114.874
O Charos Vgike Pagania,Dimos Moutsis,Agios Fevrouarios,0.42,0.427,-12.216,0.033,0.599,0.0,0.579,0.744,207.876
Sti Smyrni Kai Sto Aivali,Dimos Moutsis,Agios Fevrouarios,0.355,0.187,-15.718,0.0371,0.742,0.0,0.144,0.164,132.31
Stamatis Komninos,Dimos Moutsis,Agios Fevrouarios,0.424,0.3,-12.851,0.0341,0.531,0.0,0.051,0.358,80.092
Ki An Ftaiei Kaneis,Dimos Moutsis,Agios Fevrouarios,0.466,0.465,-12.309,0.0361,0.721,0.0,0.0932,0.707,100.938
To Komodino,Dimos Moutsis,Agios Fevrouarios,0.322,0.331,-15.664,0.0309,0.731,0.000127,0.105,0.429,142.226
I Sousta Pigaine Brosta,Dimos Moutsis,Agios Fevrouarios,0.465,0.401,-11.526,0.0305,0.544,0.0,0.113,0.526,134.712
Agios Fevrouarios - Finale,Dimos Moutsis,Agios Fevrouarios,0.378,0.231,-16.36,0.0311,0.338,0.0,0.236,0.418,149.161
Oi Gkomenes - Intro,Dimos Moutsis,Enehyro,0.653,0.8,-7.038,0.0705,0.493,1.24e-06,0.103,0.647,152.389
O Antonis B.,Dimos Moutsis,Enehyro,0.37,0.556,-7.923,0.0364,0.737,0.000138,0.134,0.105,101.692
Apologia,Dimos Moutsis,Enehyro,0.405,0.641,-7.877,0.0873,0.466,0.0,0.277,0.635,153.959
Trigyro,Dimos Moutsis,Enehyro,0.511,0.452,-7.505,0.0273,0.565,0.0,0.119,0.38,119.555
N. Yorki 5/12/82,Dimos Moutsis,Enehyro,0.398,0.449,-8.315,0.0414,0.76,0.000831,0.0999,0.158,149.472
Kyrie Tzafolia - Kati Symvainei Edo...,Dimos Moutsis,Enehyro,0.301,0.652,-7.493,0.0506,0.55,0.0,0.304,0.477,96.512
Eho Ena Theo,Dimos Moutsis,Enehyro,0.644,0.818,-6.231,0.0499,0.537,0.0,0.0975,0.791,149.46
Walkman,Dimos Moutsis,Enehyro,0.582,0.542,-8.1,0.0255,0.756,0.0186,0.501,0.433,90.058
T' Oneiro,Dimos Moutsis,Na!...,0.503,0.285,-14.269,0.0426,0.573,0.00157,0.0933,0.247,151.957
Paixe Marko To Bouzouki Sou Gia Mena,Dimos Moutsis,Na!...,0.713,0.553,-11.417,0.0306,0.329,1.44e-06,0.0572,0.947,138.895
Na!...,Dimos Moutsis,Na!...,0.78,0.61,-13.424,0.049,0.516,0.0,0.0659,0.692,117.456
Mia Fysarmonika Pou Klaiei,Dimos Moutsis,Na!...,0.385,0.225,-15.501,0.0282,0.389,1.87e-06,0.128,0.182,91.218
Mi To Psachneis...Den Peirazei,Dimos Moutsis,Na!...,0.761,0.577,-12.033,0.0404,0.462,0.0,0.143,0.797,135.525
"Paei, Mas Teleiose Pia!...",Dimos Moutsis,Na!...,0.504,0.288,-13.936,0.0328,0.67,7.16e-05,0.0638,0.12,97.439
k. Proedre,Dimos Moutsis,Na!...,0.653,0.584,-11.267,0.0503,0.507,0.0,0.104,0.653,76.969
O Erotas Einai Panta Melancholikos,Dimos Moutsis,Na!...,0.27,0.287,-17.248,0.0636,0.603,5.55e-06,0.494,0.465,81.332
I Polis,Dimos Moutsis,Tetralogia (30th Anniversary Edtion),0.413,0.42,-8.315,0.0407,0.674,0.0,0.131,0.194,117.925
Thema,Dimos Moutsis,Tetralogia (30th Anniversary Edtion),0.338,0.386,-13.498,0.0321,0.663,0.473,0.29,0.211,107.474
Ki An O Ageras Fisa,Dimos Moutsis,Tetralogia (30th Anniversary Edtion),0.171,0.4,-7.754,0.0312,0.745,2.05e-06,0.0795,0.252,66.736
Preveza,Dimos Moutsis,Tetralogia (30th Anniversary Edtion),0.319,0.428,-11.4,0.0439,0.905,2.41e-06,0.386,0.401,160.672
Ine Palio To Limani,Dimos Moutsis,Tetralogia (30th Anniversary Edtion),0.241,0.507,-5.953,0.0346,0.817,0.0,0.107,0.2,170.838
Idaniki Aftohires,Dimos Moutsis,Tetralogia (30th Anniversary Edtion),0.323,0.259,-11.251,0.0387,0.9,5.62e-06,0.0772,0.115,94.052
Apelipen O Theos Adonion,Dimos Moutsis,Tetralogia (30th Anniversary Edtion),0.274,0.359,-8.609,0.0315,0.86,0.0,0.0642,0.238,109.083
Pes Tis To M' Ena Gioukalili,Dimos Moutsis,Tetralogia (30th Anniversary Edtion),0.377,0.437,-7.477,0.0324,0.643,0.0,0.134,0.422,98.092
Thalassa Tou Proiou,Dimos Moutsis,Tetralogia (30th Anniversary Edtion),0.258,0.216,-16.154,0.0399,0.978,0.0198,0.13,0.0337,101.615
Meta Tin Itta,Dimos Moutsis,Tetralogia (30th Anniversary Edtion),0.398,0.406,-7.991,0.0328,0.859,0.0,0.107,0.376,113.742
Thrinos Gia Ton Adoni,Dimos Moutsis,Tetralogia (30th Anniversary Edtion),0.389,0.502,-8.279,0.0342,0.902,0.00039,0.256,0.308,126.245
Otan Girisoun,Manolis Mitsias,To Dromologio,0.469,0.327,-13.594,0.0335,0.724,1.63e-05,0.157,0.593,125.411
San Ton Tse Gevara,Manolis Mitsias,To Dromologio,0.642,0.457,-12.501,0.0478,0.75,0.0,0.147,0.826,102.014
I Asimina,Manolis Mitsias,To Dromologio,0.687,0.479,-12.471,0.0351,0.494,0.0,0.371,0.946,104.785
Tris Amerikani,Manolis Mitsias,To Dromologio,0.514,0.232,-15.855,0.0362,0.709,0.0,0.118,0.447,109.796
Sto Agion Oros,Manolis Mitsias,To Dromologio,0.786,0.543,-11.978,0.0352,0.628,0.0,0.128,0.972,111.079
Pios Ehi Dakria Na Mou Dosi,Manolis Mitsias,To Dromologio,0.409,0.379,-13.891,0.0296,0.469,0.0,0.201,0.55,83.599
1922 (Anatoli Anatoli),Manolis Mitsias,To Dromologio,0.45,0.377,-13.507,0.045,0.73,5.66e-06,0.118,0.382,123.682
Makrini Tis Agapis Ora,Manolis Mitsias,To Dromologio,0.613,0.551,-11.137,0.0346,0.375,0.0,0.0749,0.801,97.145
Tragoudi Tou Filakismenou,Manolis Mitsias,To Dromologio,0.461,0.299,-13.208,0.0327,0.471,0.0,0.0817,0.6,130.494
I Ritores,Manolis Mitsias,To Dromologio,0.54,0.385,-11.162,0.0326,0.607,0.0,0.0903,0.447,106.404
Ellada - Ellada,Manolis Mitsias,To Dromologio,0.258,0.262,-16.864,0.0296,0.64,0.0,0.0881,0.352,78.944
Gramma Ap' Ti Legeona Ton Xenon,Various Artists,Fragma,0.365,0.333,-10.649,0.0268,0.899,0.000151,0.106,0.181,90.078
Horis Logia Se Dyo Kanalia,Various Artists,Fragma,0.202,0.294,-19.208,0.0527,0.269,0.444,0.0748,0.0389,84.828
Delenda Est,Various Artists,Fragma,0.442,0.582,-7.33,0.0316,0.517,0.0,0.287,0.508,99.098
Fragma,Various Artists,Fragma,0.299,0.313,-11.883,0.0309,0.237,8.95e-05,0.106,0.297,94.22
De Les Kouventa,Various Artists,Fragma,0.394,0.508,-7.054,0.028,0.567,7.16e-06,0.112,0.29,116.498
Kouventoules Me Ton Frount,Various Artists,Fragma,0.736,0.681,-7.9,0.117,0.794,0.0,0.176,0.802,90.828
Ston Idio Paranomasti,Various Artists,Fragma,0.646,0.516,-6.363,0.0286,0.528,0.0,0.0678,0.731,131.816
Ntalika,Various Artists,Fragma,0.693,0.859,-5.697,0.0362,0.65,1.9e-06,0.0528,0.946,167.131
Diadoseis,Various Artists,Fragma,0.714,0.628,-8.76,0.0576,0.361,0.0,0.0561,0.791,121.43
Finale,Various Artists,Fragma,0.442,0.577,-5.872,0.0306,0.3,0.00279,0.308,0.527,117.048
Vrehi O Theos,Stamatis Kokotas,Ta Hrisa Tragoudia Tou,0.522,0.418,-9.418,0.0321,0.581,0.0,0.132,0.469,111.389
Pires To Megalo Dromo,Stamatis Kokotas,Ta Hrisa Tragoudia Tou,0.438,0.331,-11.777,0.0335,0.816,6.43e-06,0.0969,0.433,123.722
Farmaki Ta Geramata,Stamatis Kokotas,Ta Hrisa Tragoudia Tou,0.587,0.414,-10.738,0.0418,0.664,8.2e-06,0.108,0.619,121.025
Mi Mou Htipas Ta Mesanihta Tin Porta,Stamatis Kokotas,Ta Hrisa Tragoudia Tou,0.342,0.301,-12.713,0.0311,0.0831,0.0,0.122,0.302,96.722
Rogmes,Dionisis Tsaknis,Alitis Keros,0.555,0.867,-11.366,0.048,0.221,0.00379,0.106,0.415,135.343
Mass Media,Dionisis Tsaknis,Alitis Keros,0.528,0.551,-11.62,0.0565,0.317,0.0,0.133,0.723,140.406
Se Vlepo Na Gelas,Dionisis Tsaknis,Alitis Keros,0.401,0.283,-15.992,0.0376,0.703,0.0,0.174,0.387,149.588
Diadromi,Dionisis Tsaknis,Alitis Keros,0.551,0.379,-15.643,0.0346,0.768,4.8e-05,0.136,0.572,148.119
Den Ime Edo,Dionisis Tsaknis,Alitis Keros,0.678,0.693,-12.212,0.0459,0.289,0.0,0.268,0.699,137.211
Noemvris 90,Dionisis Tsaknis,Alitis Keros,0.319,0.387,-14.677,0.0388,0.553,7.52e-05,0.0974,0.396,133.913
Apopse Zitao To Logo,Dionisis Tsaknis,Alitis Keros,0.695,0.427,-13.588,0.0445,0.439,0.000126,0.27,0.706,132.954
Panselinos Nihta,Dionisis Tsaknis,Alitis Keros,0.671,0.534,-12.627,0.0765,0.525,4.16e-06,0.155,0.767,86.71
Siopi Tou Marti,Dionisis Tsaknis,Alitis Keros,0.54,0.505,-13.227,0.0485,0.391,1.84e-05,0.0368,0.775,87.076
Monos San Omiros,Dionisis Tsaknis,Alitis Keros,0.418,0.282,-13.851,0.0265,0.749,0.0,0.102,0.121,107.109
To Epomeno Thima,Dionisis Tsaknis,Alitis Keros,0.719,0.45,-13.868,0.0307,0.648,0.000359,0.0769,0.35,133.959
Girizo Tis Plates Mou Sto Melon,Dionisis Tsaknis,Alitis Keros,0.662,0.386,-13.348,0.0361,0.752,0.0,0.0672,0.585,120.078
Ores Siopis,Dionisis Tsaknis,Alitis Keros,0.632,0.477,-12.961,0.0289,0.673,3.83e-06,0.103,0.525,76.806
Pehnidi Tis Mnimis,Dionisis Tsaknis,Alitis Keros,0.398,0.419,-13.701,0.0692,0.702,7.54e-06,0.168,0.369,50.505
Parastasi Gia Dio,Dionisis Tsaknis,Alitis Keros,0.814,0.247,-15.087,0.0448,0.711,1.18e-05,0.0804,0.628,118.021
Tha Giriso Theatis,Dionisis Tsaknis,Alitis Keros,0.665,0.478,-13.475,0.027,0.139,5.89e-05,0.132,0.628,125.203
O Kirios Monos,Dionisis Tsaknis,Alitis Keros,0.559,0.426,-11.559,0.0283,0.541,0.0,0.102,0.435,144.827
Adistasi Kata Tis Arhis,Dionisis Tsaknis,Alitis Keros,0.625,0.811,-12.546,0.0419,0.0926,4.41e-05,0.0757,0.739,166.917
Sta Paidia Pou Hrostao Ti Nioti Mou,Dionisis Tsaknis,Ti Gyreveis Ston Ypno Mou Patera,0.495,0.672,-6.101,0.0352,0.115,8.26e-06,0.167,0.235,139.817
Xero Ti Symvainei Ta Vradia,Dionisis Tsaknis,Ti Gyreveis Ston Ypno Mou Patera,0.707,0.603,-6.117,0.0319,0.64,0.000267,0.543,0.899,83.058
I Neraida Kai T' Agori,Dionisis Tsaknis,Ti Gyreveis Ston Ypno Mou Patera,0.675,0.494,-7.43,0.0234,0.423,0.0,0.114,0.388,100.038
Megalos Erotas,Dionisis Tsaknis,Ti Gyreveis Ston Ypno Mou Patera,0.602,0.635,-4.483,0.0266,0.00462,0.437,0.142,0.5,90.016
Nanourisma,Dionisis Tsaknis,Ti Gyreveis Ston Ypno Mou Patera,0.237,0.199,-11.835,0.0358,0.911,0.000207,0.109,0.198,109.834
Paidikos Efialtis,Dionisis Tsaknis,Ti Gyreveis Ston Ypno Mou Patera,0.641,0.916,-6.614,0.0352,0.00341,0.315,0.152,0.694,134.966
Oulaloum,Dionisis Tsaknis,Ti Gyreveis Ston Ypno Mou Patera,0.413,0.42,-10.045,0.0297,0.744,0.000465,0.127,0.12,73.806
I Skia Mou,Dionisis Tsaknis,Ti Gyreveis Ston Ypno Mou Patera,0.73,0.636,-5.202,0.0258,0.296,3.21e-05,0.228,0.35,114.043
To Vlema Tis Lypis,Dionisis Tsaknis,Ti Gyreveis Ston Ypno Mou Patera,0.637,0.468,-6.918,0.026,0.628,1.15e-05,0.283,0.246,110.043
Fyge Apo Mena,Dionisis Tsaknis,Ti Gyreveis Ston Ypno Mou Patera,0.661,0.875,-4.48,0.0838,0.213,0.000791,0.0564,0.79,88.004
Sto Fos Ton Asterion,Dionisis Tsaknis,Ti Gyreveis Ston Ypno Mou Patera,0.372,0.595,-7.023,0.0318,0.0891,0.0229,0.117,0.376,84.6
Skotonoun T' Aloga Otan Gerasoun,Dionisis Tsaknis,Ti Gyreveis Ston Ypno Mou Patera,0.645,0.553,-7.927,0.0438,0.489,0.000745,0.121,0.11,139.888
Feggaria Skoteina,Dionisis Tsaknis,Oi Filoi Mou Eimai Ego,0.386,0.654,-7.394,0.039,0.264,1.32e-05,0.369,0.45,104.489
Mia Voutia,Dionisis Tsaknis,Oi Filoi Mou Eimai Ego,0.566,0.694,-6.831,0.027,0.255,0.0,0.118,0.484,94.987
Na Plirono,Dionisis Tsaknis,Oi Filoi Mou Eimai Ego,0.694,0.595,-7.03,0.0342,0.171,1.42e-06,0.0588,0.846,102.086
Ki Esy Argeis,Dionisis Tsaknis,Oi Filoi Mou Eimai Ego,0.628,0.418,-9.655,0.0295,0.0439,0.165,0.11,0.199,129.999
Listarhos Ntavelis,Dionisis Tsaknis,Oi Filoi Mou Eimai Ego,0.39,0.683,-8.034,0.062,0.438,1.35e-06,0.135,0.348,103.227
Peftei Hioni,Dionisis Tsaknis,Oi Filoi Mou Eimai Ego,0.567,0.463,-9.076,0.03,0.545,0.00181,0.11,0.301,119.871
Mia Petra Pou Kylaei,Dionisis Tsaknis,Oi Filoi Mou Eimai Ego,0.339,0.731,-7.495,0.0579,0.529,3.48e-06,0.11,0.494,159.825
Apo 'Do,Dionisis Tsaknis,Oi Filoi Mou Eimai Ego,0.363,0.463,-9.57,0.0351,0.064,0.000245,0.104,0.134,76.519
"Ela, E",Dionisis Tsaknis,Oi Filoi Mou Eimai Ego,0.689,0.594,-9.345,0.0287,0.778,0.00292,0.103,0.758,95.005
Pio Psila,Dionisis Tsaknis,Oi Filoi Mou Eimai Ego,0.52,0.716,-6.946,0.0277,0.531,1.32e-06,0.351,0.503,94.039
Krymmenos Mystiko - To Hartomantilo,Dionisis Tsaknis,Oi Filoi Mou Eimai Ego,0.552,0.77,-6.212,0.0397,0.051,2.33e-06,0.122,0.565,116.108
Re Sy,Dionisis Tsaknis,Oi Filoi Mou Eimai Ego,0.542,0.35,-8.931,0.0302,0.00852,0.00971,0.0936,0.436,149.899
O Kyrios Francois Villion,Dionisis Tsaknis,Oi Filoi Mou Eimai Ego,0.466,0.644,-9.0,0.0395,0.0488,0.0699,0.103,0.316,180.004
Girizo Tis Plates Mou Sto Mellon,Dionisis Tsaknis,Ftene Ta Tragoudia,0.666,0.337,-13.947,0.0371,0.794,0.0,0.0841,0.528,119.991
Sto Vathos Kapiou Dromou Makrinou,Dionisis Tsaknis,Ftene Ta Tragoudia,0.418,0.31,-14.539,0.0413,0.729,0.0,0.0618,0.481,134.636
Monahikes Skepsis,Dionisis Tsaknis,Ftene Ta Tragoudia,0.582,0.315,-14.646,0.0308,0.393,0.0,0.089,0.544,175.138
Otan Tha Kitazo Esena,Dionisis Tsaknis,Horika Idata,0.686,0.431,-9.259,0.0411,0.765,0.0,0.237,0.57,109.897
Ta Horika Idata,Dionisis Tsaknis,Horika Idata,0.429,0.335,-9.89,0.0281,0.878,3.62e-06,0.287,0.239,99.899
Ta Maxairia,Dionisis Tsaknis,Horika Idata,0.639,0.451,-8.903,0.0332,0.471,0.0,0.142,0.502,95.816
Sta Heria Piges Tis Allinis,Dionisis Tsaknis,Horika Idata,0.751,0.322,-11.15,0.0322,0.77,0.000212,0.137,0.475,118.093
Mes Sto Theatro Tou Kosmou,Dionisis Tsaknis,Horika Idata,0.584,0.466,-9.461,0.0367,0.759,0.0,0.125,0.253,127.816
Karsilamas - Instrumental,Dionisis Tsaknis,Horika Idata,0.648,0.582,-8.728,0.028,0.455,0.251,0.352,0.771,124.912
Afigisi - Instrumental,Dionisis Tsaknis,Horika Idata,0.436,0.166,-12.919,0.0282,0.854,0.0178,0.168,0.205,84.976
Ipirotiki Anamnisi - Instrumental,Dionisis Tsaknis,Horika Idata,0.592,0.384,-10.186,0.0301,0.208,0.876,0.324,0.518,104.913
Otan Tha Kitazo Esena (Diask.1) - Instrumental,Dionisis Tsaknis,Horika Idata,0.72,0.38,-11.18,0.0367,0.748,0.0242,0.125,0.773,109.968
Mes Sto Theatro Tou Kosmou (Diask.1) - Instrumental,Dionisis Tsaknis,Horika Idata,0.387,0.115,-11.175,0.0311,0.971,0.774,0.109,0.257,99.714
Anekpliroti Agapi - Instrumental,Dionisis Tsaknis,Horika Idata,0.405,0.199,-13.458,0.0308,0.854,0.598,0.131,0.141,169.707
Horika Idata (Diask.1),Dionisis Tsaknis,Horika Idata,0.173,0.201,-10.108,0.0331,0.993,0.905,0.157,0.224,79.256
Otan Tha Kitazo Esena (Diask.2),Dionisis Tsaknis,Horika Idata,0.33,0.095,-10.343,0.0347,0.793,0.000104,0.11,0.521,117.985
Mes Sto Theatro Toy Kosmoy (Diask.2),Dionisis Tsaknis,Horika Idata,0.494,0.345,-9.47,0.0383,0.97,0.966,0.137,0.23,122.476
"Fantasia Gia Dio Kithares, Oboe Ke Orhistra",Dionisis Tsaknis,Horika Idata,0.399,0.183,-16.04,0.0351,0.87,0.875,0.114,0.152,114.019
Mi Fovase Moro Mou,Dionisis Tsaknis,To Trito Mati,0.399,0.372,-14.879,0.0325,0.562,0.231,0.115,0.411,71.175
To Trito Mati,Dionisis Tsaknis,To Trito Mati,0.681,0.534,-12.448,0.0312,0.738,0.025,0.324,0.968,147.287
I Axiotimos K. Keti,Dionisis Tsaknis,To Trito Mati,0.505,0.435,-13.212,0.0344,0.738,0.000107,0.126,0.594,138.576
To Pehnidi,Dionisis Tsaknis,To Trito Mati,0.453,0.318,-15.75,0.0303,0.873,0.248,0.126,0.58,132.633
Parimies,Dionisis Tsaknis,To Trito Mati,0.52,0.472,-13.203,0.0538,0.702,1.09e-05,0.0926,0.678,83.854
Giafto Sou Leo,Dionisis Tsaknis,To Trito Mati,0.597,0.434,-11.938,0.0519,0.623,0.00618,0.12,0.835,92.288
Monologi,Dionisis Tsaknis,To Trito Mati,0.677,0.522,-11.14,0.0618,0.533,1.22e-06,0.112,0.864,141.361
To Kormi Sou Thimame,Dionisis Tsaknis,To Trito Mati,0.461,0.303,-14.658,0.0353,0.731,0.0102,0.108,0.516,136.122
Revans,Dionisis Tsaknis,To Trito Mati,0.435,0.192,-14.561,0.0374,0.936,0.000184,0.321,0.284,131.108
Ehmalotos Tis Nihtas,Dionisis Tsaknis,To Trito Mati,0.558,0.299,-13.846,0.03,0.733,0.00359,0.254,0.215,117.082
Laleousa,Dionisis Tsaknis,Business Sta Valkania,0.251,0.308,-11.164,0.0306,0.617,0.0,0.111,0.326,176.615
I Anasa Ton Kimaton,Dionisis Tsaknis,Business Sta Valkania,0.263,0.215,-12.52,0.035,0.917,0.0114,0.0922,0.313,79.381
To Zeibekiko Tou Valkaniou,Dionisis Tsaknis,Business Sta Valkania,0.726,0.377,-14.707,0.0378,0.0627,0.579,0.114,0.14,115.796
Afto Pou Legete Ellas,Dionisis Tsaknis,Business Sta Valkania,0.646,0.507,-11.018,0.0368,0.479,0.0,0.214,0.634,91.977
Thalassa Mou Esi,Dionisis Tsaknis,Business Sta Valkania,0.474,0.355,-11.457,0.0329,0.648,1.26e-06,0.643,0.389,84.997
Valkanios Tzouras,Dionisis Tsaknis,Business Sta Valkania,0.937,0.288,-12.54,0.0972,0.917,0.89,0.0785,0.585,130.002
To Striptiz Tis Enarxis,Dionisis Tsaknis,Business Sta Valkania,0.778,0.182,-18.967,0.0437,0.571,0.0243,0.115,0.628,118.032
Vals Pano Ap Ta Kimata,Dionisis Tsaknis,Business Sta Valkania,0.278,0.161,-13.86,0.0349,0.0587,0.0291,0.106,0.501,182.615
Figo,Dionisis Tsaknis,Business Sta Valkania,0.901,0.115,-17.443,0.084,0.982,0.878,0.325,0.933,101.956
Agrotiko Blouz,Dionisis Tsaknis,Business Sta Valkania,0.415,0.149,-17.436,0.0556,0.838,0.138,0.3,0.414,186.008
I Zoi En Tafo,Dionisis Tsaknis,Business Sta Valkania,0.192,0.274,-13.259,0.0339,0.949,0.0137,0.138,0.149,91.033
I Pnoi Ton Kalamion,Dionisis Tsaknis,Business Sta Valkania,0.521,0.0677,-17.796,0.0301,0.986,0.238,0.105,0.228,97.039
Milopotamos,Dionisis Tsaknis,Business Sta Valkania,0.429,0.402,-14.334,0.04,0.644,0.819,0.427,0.483,85.057
I Aski Tou Eolou,Dionisis Tsaknis,I Tan I Epi Tas,0.581,0.335,-11.073,0.0328,0.0801,0.0,0.136,0.324,119.773
I Tan I Epi Tas,Dionisis Tsaknis,I Tan I Epi Tas,0.575,0.356,-11.944,0.0406,0.0311,0.0,0.141,0.22,83.278
Atakti Figi,Dionisis Tsaknis,I Tan I Epi Tas,0.609,0.746,-10.986,0.0433,0.0535,8.73e-05,0.157,0.704,143.983
Mavra Gialia,Dionisis Tsaknis,I Tan I Epi Tas,0.661,0.657,-9.824,0.0524,0.154,1.11e-06,0.373,0.754,144.723
Tragoudi Gia Filous,Dionisis Tsaknis,I Tan I Epi Tas,0.587,0.313,-14.133,0.0315,0.353,0.0,0.324,0.0797,114.961
Foreas,Dionisis Tsaknis,I Tan I Epi Tas,0.697,0.5,-10.185,0.0939,0.38,0.0,0.444,0.553,132.036
Mia Shesi Rock N Roll,Dionisis Tsaknis,I Tan I Epi Tas,0.628,0.831,-8.299,0.0403,0.0166,0.0,0.108,0.47,139.571
Asteraki,Dionisis Tsaknis,I Tan I Epi Tas,0.656,0.394,-13.733,0.0323,0.509,0.00301,0.0388,0.157,133.106
Toso Da Mikro,Dionisis Tsaknis,I Tan I Epi Tas,0.6,0.316,-13.258,0.0364,0.597,0.0047,0.0783,0.226,120.004
Paralagi Se Ena Thema,Dionisis Tsaknis,I Tan I Epi Tas,0.519,0.185,-13.231,0.0307,0.887,0.933,0.098,0.291,115.151
Madame Sousou,Dionisis Tsaknis,Anekdota Theatrika Tragoudia,0.272,0.385,-8.41,0.0377,0.274,0.0,0.116,0.27,54.884
Simvasis Aoristou Hronou,Sofia Vossou,Kali Akroasi,0.631,0.611,-13.428,0.0463,0.198,5.02e-05,0.0904,0.948,161.978
Mia Melodia Arhina,Sofia Vossou,Kali Akroasi,0.402,0.342,-13.907,0.0424,0.765,0.000135,0.113,0.351,134.658
I Aggeli - Instrumental,Various Artists,Galazio Forema,0.626,0.54,-7.516,0.0442,0.731,0.0606,0.0843,0.324,111.547
Danika,Various Artists,Galazio Forema,0.412,0.528,-5.264,0.0291,0.549,0.0,0.14,0.431,179.983
Eghirisi - To Xipnima - Instrumental,Various Artists,Galazio Forema,0.503,0.325,-15.977,0.0487,0.775,0.548,0.0693,0.108,108.043
"Gineka San Emena , Den Tha Vris",Various Artists,Galazio Forema,0.681,0.908,-3.073,0.0304,0.373,0.0,0.35,0.736,119.987
I Tha Me Pieis I Tha Se Pio,Various Artists,Galazio Forema,0.65,0.578,-6.125,0.0348,0.347,0.0,0.267,0.419,120.063
Mana - Gios - Instrumental,Various Artists,Galazio Forema,0.257,0.502,-16.136,0.0488,0.9,0.964,0.109,0.0372,107.808
Mana - Kori - Instrumental,Various Artists,Galazio Forema,0.247,0.36,-15.584,0.0423,0.909,0.951,0.12,0.0391,108.065
Milao Ego,Various Artists,Galazio Forema,0.625,0.643,-4.191,0.0341,0.493,1.39e-06,0.325,0.768,123.97
Monos Sou Tora,Various Artists,Galazio Forema,0.635,0.565,-4.344,0.025,0.479,0.0,0.119,0.487,89.992
Nanourisma,Various Artists,Galazio Forema,0.275,0.251,-6.867,0.0331,0.904,6.96e-06,0.168,0.254,115.883
Ne - Me- 'Sis - Instrumental,Various Artists,Galazio Forema,0.561,0.455,-10.123,0.361,0.733,6.08e-06,0.33,0.436,82.097
O Antras - Instrumental,Various Artists,Galazio Forema,0.749,0.696,-7.765,0.0455,0.0115,0.0367,0.0482,0.184,130.075
Sillipsi - Instrumental,Various Artists,Galazio Forema,0.457,0.609,-10.65,0.0635,0.0136,0.826,0.398,0.205,107.312
Sklires Anamnisis - Instrumental,Various Artists,Galazio Forema,0.694,0.399,-12.114,0.0412,0.728,0.929,0.089,0.244,111.973
Sto Skiladiko Teli Tou '70,Various Artists,Galazio Forema,0.376,0.813,-5.141,0.0659,0.705,0.0,0.367,0.585,124.978
Titli Arhis - Motivo - Instrumental,Various Artists,Galazio Forema,0.264,0.358,-9.396,0.0387,0.976,0.393,0.145,0.0946,72.739
To Mousiko Thema - Instrumental,Various Artists,Galazio Forema,0.431,0.413,-14.173,0.0432,0.733,0.842,0.103,0.0496,107.982
Finale - Instrumental,Various Artists,Galazio Forema,0.576,0.324,-18.429,0.0518,0.661,0.932,0.405,0.104,108.01
Monologos Tis Manas,Various Artists,Galazio Forema,0.692,0.63,-6.282,0.028,0.145,9.34e-06,0.342,0.46,119.966
I Nihta Tha To Pi - Live,Lavrentis Machairitsas,I Nihta Tha To Pi (Live),0.221,0.247,-15.588,0.0395,0.0909,0.00689,0.408,0.0369,72.442
Ton Valkanion I Prosfiges - Live,Lavrentis Machairitsas,I Nihta Tha To Pi (Live),0.475,0.394,-12.472,0.0319,0.551,2e-05,0.74,0.376,81.765
Ola Me To Heri - Live,Lavrentis Machairitsas,I Nihta Tha To Pi (Live),0.481,0.789,-10.649,0.039,0.106,0.0,0.186,0.58,72.01
Tragoudi Pou Xemine Mono - Live,Lavrentis Machairitsas,I Nihta Tha To Pi (Live),0.357,0.312,-14.925,0.0407,0.389,0.000365,0.666,0.201,61.518
Ores Siopis (Ftene Ta Tragoudia) - Live,Lavrentis Machairitsas,I Nihta Tha To Pi (Live),0.376,0.364,-14.609,0.0475,0.232,0.0126,0.766,0.352,76.214
Imifos - Live,Lavrentis Machairitsas,I Nihta Tha To Pi (Live),0.34,0.294,-13.707,0.0313,0.369,4.31e-05,0.65,0.0793,137.041
Simvasi Aoristou Hronou - Live,Lavrentis Machairitsas,I Nihta Tha To Pi (Live),0.352,0.81,-9.624,0.108,0.301,0.0,0.842,0.757,161.339
Pare Me Apo Do - Live,Lavrentis Machairitsas,I Nihta Tha To Pi (Live),0.301,0.715,-11.041,0.0568,0.109,0.000533,0.87,0.54,147.361
Asteraki - Live,Lavrentis Machairitsas,I Nihta Tha To Pi (Live),0.377,0.222,-18.442,0.0377,0.834,0.000169,0.639,0.278,127.871
Flasaki - Live,Lavrentis Machairitsas,I Nihta Tha To Pi (Live),0.415,0.31,-14.746,0.0341,0.769,0.0,0.687,0.513,89.832
Se Stil Na Min Xehniomaste - Live,Lavrentis Machairitsas,I Nihta Tha To Pi (Live),0.426,0.297,-16.024,0.0544,0.772,0.000999,0.843,0.294,127.876
To Trito Mati - Live,Lavrentis Machairitsas,I Nihta Tha To Pi (Live),0.467,0.292,-13.934,0.0304,0.413,0.0,0.657,0.283,129.607
Skoni - Live,Lavrentis Machairitsas,I Nihta Tha To Pi (Live),0.384,0.162,-18.281,0.034,0.538,0.0,0.677,0.124,116.784
To Tragoudi Ton Gifton - Live,Lavrentis Machairitsas,I Nihta Tha To Pi (Live),0.47,0.398,-10.564,0.0271,0.422,0.000487,0.791,0.429,74.107
Noemvris '90 - Live,Lavrentis Machairitsas,I Nihta Tha To Pi (Live),0.217,0.374,-12.638,0.0403,0.277,0.000113,0.836,0.377,68.454
Poso Se Thelo - Live,Lavrentis Machairitsas,I Nihta Tha To Pi (Live),0.239,0.485,-11.949,0.041,0.0496,0.0554,0.682,0.0393,134.92
Didimotiho Blues - Live,Lavrentis Machairitsas,I Nihta Tha To Pi (Live),0.293,0.486,-9.803,0.0367,0.414,3.31e-05,0.708,0.107,137.632
Rogmes - Live,Lavrentis Machairitsas,I Nihta Tha To Pi (Live),0.391,0.778,-10.649,0.0813,0.294,0.0,0.89,0.688,141.016
To Tragoudi Ton Gifton,Various Artists,Fota Parakalo,0.628,0.4,-13.057,0.0302,0.668,2.67e-05,0.12,0.748,81.545
Den Vrisko Tipota Spoudeo,Various Artists,Fota Parakalo,0.412,0.513,-11.26,0.0447,0.693,0.0,0.0938,0.77,172.467
Mia Stigmi Panikou,Various Artists,Fota Parakalo,0.639,0.355,-15.316,0.0314,0.821,0.0,0.117,0.547,120.192
To Tragoudi Tis Elisavet,Various Artists,Fota Parakalo,0.312,0.349,-13.602,0.0331,0.829,0.00123,0.226,0.272,91.47
To Thema Ton Pedion-Orhistriko,Various Artists,Fota Parakalo,0.461,0.352,-12.13,0.0306,0.688,0.0151,0.105,0.57,130.398
Tarantela (with Kostas Thomaidis),Various Artists,Fota Parakalo,0.687,0.687,-12.574,0.0477,0.593,3.63e-06,0.212,0.885,129.841
To Zeibekiko Tou Kosma,Various Artists,Fota Parakalo,0.642,0.341,-10.935,0.0364,0.782,0.0,0.0558,0.805,127.776
To Bourini-Orhistriko,Various Artists,Fota Parakalo,0.541,0.273,-13.944,0.0283,0.249,0.224,0.0917,0.838,86.936
I Parelasi,Various Artists,Fota Parakalo,0.473,0.358,-13.273,0.0392,0.525,0.000439,0.137,0.786,121.426
To Tragoudi Tis Elenas,Various Artists,Fota Parakalo,0.371,0.168,-13.856,0.0326,0.941,1.1e-05,0.105,0.257,127.726
I Monaxia Tou Sigrafea,Various Artists,Fota Parakalo,0.212,0.195,-13.75,0.036,0.758,4.24e-06,0.103,0.215,140.722
Tragoudia Lipimena,Various Artists,To Telefteo Adio,0.503,0.35,-11.208,0.0346,0.418,0.0,0.087,0.576,162.282
To Xilino Alogo,Various Artists,To Telefteo Adio,0.411,0.331,-11.705,0.0322,0.81,0.0,0.109,0.232,103.755
Megales I Agapes Ine Anikites,Various Artists,To Telefteo Adio,0.627,0.354,-9.484,0.0302,0.498,0.0,0.0658,0.41,111.878
Ime Thima Mias Katastasis Megalis,Various Artists,To Telefteo Adio,0.471,0.183,-15.028,0.0326,0.918,3.63e-06,0.14,0.109,140.383
To Telefteo Adio Paralagi,Various Artists,To Telefteo Adio,0.592,0.444,-8.805,0.0311,0.335,0.0,0.0746,0.493,125.909
Monahiko Tou Sigrafea (Orhistriko),Various Artists,To Telefteo Adio,0.72,0.106,-18.119,0.0502,0.947,0.217,0.0961,0.449,120.196
Stous Dromous (Orhistriko),Various Artists,To Telefteo Adio,0.413,0.251,-13.589,0.0323,0.447,6.73e-05,0.0901,0.603,109.798
Ki Avrio (Orhistriko),Various Artists,To Telefteo Adio,0.524,0.145,-19.018,0.0346,0.917,0.908,0.139,0.0707,140.131
Erotas O Melaholikos (Orhistriko),Various Artists,To Telefteo Adio,0.73,0.201,-14.747,0.0372,0.914,0.619,0.0948,0.752,119.977
Afti I Stigmi Me Skotoni (Orhistriko),Various Artists,To Telefteo Adio,0.659,0.26,-12.436,0.0369,0.518,0.49,0.115,0.817,130.074
Mia Volta Mazi Sou (Orhistriko),Various Artists,To Telefteo Adio,0.225,0.178,-15.69,0.0425,0.975,0.982,0.259,0.389,53.621
To Telefteo Adio,Various Artists,To Telefteo Adio,0.744,0.291,-15.633,0.0884,0.953,0.0596,0.214,0.261,119.941
Ραλι ΔΑΚΡΥΩΝ,Dionisis Tsaknis,Γεφυρεσ,0.706,0.685,-7.262,0.0315,0.0221,0.00175,0.0868,0.718,110.079
Προεδρε...,Dionisis Tsaknis,Γεφυρεσ,0.696,0.844,-6.832,0.0537,0.00814,0.000193,0.286,0.484,95.049
Το ΚΟΙΝΟ,Dionisis Tsaknis,Γεφυρεσ,0.275,0.47,-6.894,0.0278,0.377,0.0194,0.11,0.325,79.084
Χοροσ,Dionisis Tsaknis,Γεφυρεσ,0.649,0.63,-6.218,0.0263,0.0521,0.000125,0.0287,0.817,115.09
Φετιχ,Dionisis Tsaknis,Γεφυρεσ,0.537,0.751,-6.481,0.0346,0.0114,1.23e-06,0.093,0.354,81.04
Τυραννοσ,Dionisis Tsaknis,Γεφυρεσ,0.528,0.896,-5.94,0.0618,0.00553,0.00079,0.862,0.701,120.019
Στον ΗΛΙΟ ΤΟΥ ΑΝΥΠΑΡΚΤΟΥ,Dionisis Tsaknis,Γεφυρεσ,0.406,0.607,-8.387,0.0595,0.000678,0.011,0.08,0.437,180.128
Μηχανικοσ BABY...,Dionisis Tsaknis,Γεφυρεσ,0.693,0.66,-7.338,0.0408,0.000382,0.000141,0.0534,0.473,120.143
Του ΤΣΙΤΣΑΝΗ Η ΣΥΝΝΕΦΙΑ,Dionisis Tsaknis,Γεφυρεσ,0.452,0.57,-6.272,0.0315,0.368,9.53e-06,0.226,0.464,92.124
Αυτα ΠΟΥ ΛΕΣ,Dionisis Tsaknis,Γεφυρεσ,0.521,0.572,-6.404,0.0308,0.221,0.0,0.236,0.481,80.069
Τελευταιο ΘΡΑΝΙΟ,Dionisis Tsaknis,Γεφυρεσ,0.472,0.492,-8.125,0.0319,0.233,6.18e-05,0.0903,0.195,80.041
Κάθε δρόμος τραγούδια,Dionisis Tsaknis,Μια ζωή αλλού,0.356,0.627,-8.36,0.031,0.0304,0.00119,0.257,0.22,123.864
Σπάστ' τα,Dionisis Tsaknis,Μια ζωή αλλού,0.687,0.736,-5.799,0.0511,0.0593,0.0,0.0523,0.823,140.009
Αθήνα,Dionisis Tsaknis,Μια ζωή αλλού,0.66,0.73,-3.992,0.0286,0.000714,0.0112,0.0943,0.449,124.921
Κάτι κρύα Σάββατα,Dionisis Tsaknis,Μια ζωή αλλού,0.659,0.498,-5.463,0.0289,0.221,0.0043,0.125,0.462,94.945
Νύχτα,Dionisis Tsaknis,Μια ζωή αλλού,0.304,0.339,-9.334,0.0449,0.369,0.000373,0.144,0.128,159.971
Χαλάει ο κόσμος,Dionisis Tsaknis,Μια ζωή αλλού,0.604,0.644,-6.081,0.0595,0.606,0.0,0.136,0.699,169.984
Δεν πίστευα,Dionisis Tsaknis,Μια ζωή αλλού,0.417,0.659,-5.253,0.0428,0.0979,0.00043,0.316,0.156,199.676
Ζορικα κουμάντα,Dionisis Tsaknis,Μια ζωή αλλού,0.683,0.844,-5.606,0.0383,0.214,9.82e-06,0.114,0.838,74.988
Έρημοι σταθμοί,Dionisis Tsaknis,Μια ζωή αλλού,0.413,0.577,-8.164,0.049,0.119,0.0503,0.15,0.157,114.491
Στα μάτια σου,Dionisis Tsaknis,Μια ζωή αλλού,0.645,0.361,-9.675,0.0266,0.424,9.41e-05,0.115,0.422,94.996
Καινούργιος κόσμος,Dionisis Tsaknis,Μια ζωή αλλού,0.605,0.52,-5.603,0.0293,0.0398,0.31,0.0487,0.318,125.044
Anikitos Hronos,Dionisis Tsaknis,To Fadasma Apo To Parelthon,0.354,0.311,-14.429,0.0394,0.522,4.41e-06,0.166,0.338,188.166
Efialtis,Dionisis Tsaknis,To Fadasma Apo To Parelthon,0.686,0.572,-11.393,0.0473,0.124,0.000158,0.0428,0.852,143.11
I Balada Tou Fegariou,Dionisis Tsaknis,To Fadasma Apo To Parelthon,0.37,0.438,-11.031,0.0296,0.445,0.000569,0.347,0.325,133.085
Mia Ali Foni,Dionisis Tsaknis,To Fadasma Apo To Parelthon,0.655,0.296,-11.775,0.0329,0.63,1.61e-05,0.412,0.48,112.221
To Fadasma Ap To Parelthon,Dionisis Tsaknis,To Fadasma Apo To Parelthon,0.411,0.44,-12.678,0.0456,0.645,9.36e-06,0.133,0.545,179.963
Taxidiotis,Dionisis Tsaknis,To Fadasma Apo To Parelthon,0.513,0.645,-8.994,0.0491,0.244,0.000541,0.0533,0.641,138.853
Stigmi,Dionisis Tsaknis,To Fadasma Apo To Parelthon,0.64,0.406,-14.315,0.0285,0.519,0.0245,0.089,0.534,125.851
Vrohi,Dionisis Tsaknis,Ftiaxe Kardia Mou To Diko Sou Paramithi,0.7,0.614,-11.807,0.0421,0.17,0.00019,0.0854,0.798,88.991
Farofilakes,Dionisis Tsaknis,Ftiaxe Kardia Mou To Diko Sou Paramithi,0.72,0.521,-13.45,0.0356,0.768,0.00104,0.128,0.677,134.942
Fili Matomeno,Dionisis Tsaknis,Ftiaxe Kardia Mou To Diko Sou Paramithi,0.786,0.595,-11.59,0.0303,0.53,2.78e-05,0.276,0.756,124.036
Ftiaxe Kardia Mou To Diko Sou Paramithi,Dionisis Tsaknis,Ftiaxe Kardia Mou To Diko Sou Paramithi,0.535,0.349,-13.708,0.0325,0.493,1.12e-05,0.116,0.334,122.135
Kapou Edo Meno Ki Ego,Dionisis Tsaknis,Ftiaxe Kardia Mou To Diko Sou Paramithi,0.615,0.431,-16.444,0.0305,0.701,7.78e-05,0.0827,0.651,148.056
Kati Ginete,Dionisis Tsaknis,Ftiaxe Kardia Mou To Diko Sou Paramithi,0.775,0.639,-13.526,0.0356,0.476,0.00738,0.262,0.844,127.953
Stihia Taftotitos,Dionisis Tsaknis,Ftiaxe Kardia Mou To Diko Sou Paramithi,0.759,0.426,-13.132,0.0398,0.437,0.001,0.251,0.542,127.947
Tin Porta Anigo To Vradi,Dionisis Tsaknis,Ftiaxe Kardia Mou To Diko Sou Paramithi,0.64,0.267,-17.635,0.0479,0.288,0.137,0.048,0.785,82.016
Tin Ora Pou Kimosouna,Dionisis Tsaknis,Ftiaxe Kardia Mou To Diko Sou Paramithi,0.528,0.28,-15.041,0.0328,0.844,0.0203,0.094,0.292,114.845
To Vromiko Hrima,Dionisis Tsaknis,Ftiaxe Kardia Mou To Diko Sou Paramithi,0.624,0.484,-15.128,0.0356,0.0595,0.0,0.0876,0.539,132.025
Oi Magoi,Dionysis Savvopoulos,Fortigo,0.671,0.275,-12.863,0.0562,0.875,5e-05,0.103,0.359,113.881
"Ilie, Ilie Archige!",Dionysis Savvopoulos,Fortigo,0.444,0.168,-15.401,0.0433,0.843,0.00181,0.134,0.671,86.987
Oi Palioi Mas Filoi,Dionysis Savvopoulos,Fortigo,0.423,0.163,-13.389,0.0359,0.953,0.000264,0.169,0.506,143.949
Ta Koritsia Pou Pigainoun Dyo Dyo,Dionysis Savvopoulos,Fortigo,0.556,0.126,-17.016,0.0432,0.943,0.00659,0.104,0.372,130.555
Ta Poulia Tis Dystyhias,Dionysis Savvopoulos,Fortigo,0.468,0.0984,-18.145,0.0462,0.934,0.0209,0.0992,0.553,106.573
To Dentro,Dionysis Savvopoulos,Fortigo,0.391,0.178,-18.388,0.0413,0.901,0.00199,0.139,0.0623,80.616
Mi Milas Allo Gi' Agapi,Dionysis Savvopoulos,Fortigo,0.502,0.239,-14.008,0.0469,0.971,2.99e-05,0.105,0.56,149.003
I Synnefoula,Dionysis Savvopoulos,Fortigo,0.673,0.16,-15.228,0.0788,0.867,0.000107,0.107,0.644,120.517
I Zozo,Dionysis Savvopoulos,Fortigo,0.522,0.288,-15.572,0.0498,0.83,0.0,0.124,0.42,103.632
Vietnam Gie Gie,Dionysis Savvopoulos,Fortigo,0.728,0.131,-15.306,0.0558,0.957,5.17e-05,0.0921,0.299,124.382
Mas Varane Ntefia,Dionysis Savvopoulos,Trapezakia Exo,0.64,0.649,-8.761,0.166,0.683,0.0,0.099,0.524,105.083
Neo Kyma,Dionysis Savvopoulos,Trapezakia Exo,0.476,0.466,-8.85,0.0346,0.737,0.0,0.0924,0.685,93.303
Chouligkanoi,Dionysis Savvopoulos,Trapezakia Exo,0.508,0.705,-8.016,0.0636,0.719,0.0,0.0915,0.695,147.84
Den Einai Rythmos,Dionysis Savvopoulos,Trapezakia Exo,0.638,0.635,-6.272,0.0342,0.624,0.0,0.289,0.864,105.57
Protomagia,Dionysis Savvopoulos,Trapezakia Exo,0.441,0.369,-10.256,0.0467,0.567,0.0,0.0742,0.609,96.788
Mystiko Topio,Dionysis Savvopoulos,Trapezakia Exo,0.498,0.194,-12.848,0.0564,0.804,0.0,0.0929,0.347,121.644
As Kratisoun Oi Horoi,Dionysis Savvopoulos,Trapezakia Exo,0.52,0.526,-8.014,0.0581,0.788,0.0,0.0801,0.855,148.128
Floges,Dionysis Savvopoulos,Trapezakia Exo,0.452,0.348,-9.425,0.0274,0.547,0.0,0.136,0.425,97.502
Canto,Dionysis Savvopoulos,Trapezakia Exo,0.297,0.302,-11.99,0.0398,0.865,0.0,0.103,0.317,177.931
Tsamiko,Dionysis Savvopoulos,Trapezakia Exo,0.722,0.346,-10.817,0.071,0.684,0.0,0.247,0.591,91.21
Ton Heimona Etouto,Dionysis Savvopoulos,Trapezakia Exo,0.728,0.708,-7.102,0.0435,0.505,1.67e-06,0.281,0.767,114.658
Christougenna Panta Tsakonomaste,Dionysis Savvopoulos,O Chronopoios,0.79,0.595,-8.11,0.035,0.654,0.0,0.395,0.667,113.216
Me To Kragion S' Ena Chartaki,Dionysis Savvopoulos,O Chronopoios,0.56,0.274,-13.165,0.0374,0.796,5.21e-05,0.102,0.234,89.132
To Tsakali,Dionysis Savvopoulos,O Chronopoios,0.742,0.376,-12.666,0.46,0.769,2.61e-06,0.0891,0.381,80.085
Plai Sto Arnaki,Dionysis Savvopoulos,O Chronopoios,0.59,0.305,-10.071,0.036,0.851,0.0,0.0877,0.255,113.968
I Monaxia Tis Amerikis,Dionysis Savvopoulos,O Chronopoios,0.76,0.455,-9.688,0.0453,0.738,0.0,0.0831,0.359,107.054
Aidoni Stin Kerasia,Dionysis Savvopoulos,O Chronopoios,0.447,0.443,-8.802,0.0393,0.696,0.0,0.162,0.312,100.182
To Fos Stis 10 p.m.,Dionysis Savvopoulos,O Chronopoios,0.648,0.361,-9.983,0.0473,0.596,0.0,0.032,0.492,108.066
Sou Milo Kai Kokkinizeis,Dionysis Savvopoulos,O Chronopoios,0.534,0.574,-9.038,0.0779,0.736,2.84e-05,0.0911,0.9,124.655
Sostika Synergeia,Dionysis Savvopoulos,O Chronopoios,0.8,0.547,-8.81,0.0409,0.459,0.0,0.126,0.741,134.554
Ta Chrysa Paidia Tou Gkali,Dionysis Savvopoulos,O Chronopoios,0.394,0.231,-13.341,0.0565,0.862,4.24e-05,0.11,0.174,67.786
Poios Ftiachnei Ta Anekdota,Dionysis Savvopoulos,O Chronopoios,0.641,0.434,-8.75,0.0314,0.7,7.51e-05,0.0334,0.632,84.075
Proti Tou Dyo Chiliades,Dionysis Savvopoulos,O Chronopoios,0.763,0.46,-8.253,0.0521,0.771,0.0,0.125,0.561,130.086
Protochronies Tou Radiofonou,Dionysis Savvopoulos,O Chronopoios,0.346,0.275,-10.696,0.0438,0.836,0.0,0.129,0.307,166.475
To Sose! - Gimme Some Lovin',Dionysis Savvopoulos,To Xenodocheio,0.719,0.641,-8.858,0.0333,0.124,0.0,0.529,0.659,150.011
Tou Iosif To Panofori - Joseph's Coat,Dionysis Savvopoulos,To Xenodocheio,0.857,0.381,-12.463,0.0552,0.223,3.43e-06,0.0857,0.546,120.089
Angelos - Exangelos - The Wicked Messenger,Dionysis Savvopoulos,To Xenodocheio,0.754,0.72,-10.964,0.0488,0.105,0.000184,0.0749,0.772,112.096
Tis Giatreias To Risko - The Healing Game,Dionysis Savvopoulos,To Xenodocheio,0.416,0.451,-10.614,0.0528,0.382,0.0,0.112,0.424,136.847
Perfect Day,Dionysis Savvopoulos,To Xenodocheio,0.368,0.408,-10.67,0.0329,0.444,3.83e-05,0.109,0.0859,147.931
Mia Fora S' Afti Ti Zisi - Once In A Lifetime,Dionysis Savvopoulos,To Xenodocheio,0.711,0.823,-10.456,0.109,0.125,0.0,0.125,0.411,118.179
Adeia Mou Agkalia - Into My Arms,Dionysis Savvopoulos,To Xenodocheio,0.382,0.2,-13.721,0.0358,0.896,3.6e-06,0.15,0.183,94.358
O Paliatsos Ki O Listis - All Along The Watchtower,Dionysis Savvopoulos,To Xenodocheio,0.578,0.644,-10.166,0.126,0.198,0.0,0.231,0.841,203.918
O Chronos Pou Metraei - L' Anno Che Verra,Dionysis Savvopoulos,To Xenodocheio,0.556,0.406,-12.093,0.045,0.759,0.0,0.253,0.527,131.983
"Geros Gia Rok, Neos Gia Thanato - Too Old To Rock'n'Roll, Too Young To Die",Dionysis Savvopoulos,To Xenodocheio,0.675,0.485,-10.427,0.0545,0.614,0.0,0.111,0.41,77.107
Chorevontas Ti Nychta - Dance The Night Away,Dionysis Savvopoulos,To Xenodocheio,0.59,0.649,-11.281,0.0345,0.238,0.000277,0.084,0.394,126.145
Ithaki - Itaka,Dionysis Savvopoulos,To Xenodocheio,0.591,0.35,-10.653,0.0344,0.704,0.0,0.129,0.17,134.397
Mia Thalassa Mikri,Dionysis Savvopoulos,Ta 45aria Tou Savvopoulou,0.561,0.0751,-21.496,0.0348,0.967,0.329,0.108,0.22,88.347
Egertirio,Dionysis Savvopoulos,Ta 45aria Tou Savvopoulou,0.502,0.182,-14.069,0.0441,0.853,0.0052,0.145,0.639,90.695
Ti Na Ta Kano Ta Tragoudia Sas,Dionysis Savvopoulos,Ta 45aria Tou Savvopoulou,0.576,0.316,-11.786,0.0657,0.97,0.00216,0.131,0.713,76.609
Oi Dekapente,Dionysis Savvopoulos,Ta 45aria Tou Savvopoulou,0.625,0.248,-10.817,0.142,0.82,1.87e-06,0.122,0.176,80.755
San Ton Karagkiozi,Dionysis Savvopoulos,Ta 45aria Tou Savvopoulou,0.393,0.717,-6.14,0.0458,0.719,0.0,0.317,0.671,120.903
Gia Tin Kypro,Dionysis Savvopoulos,Ta 45aria Tou Savvopoulou,0.414,0.379,-10.394,0.0335,0.893,3.88e-06,0.132,0.243,106.953
O Politeftis,Dionysis Savvopoulos,Ta 45aria Tou Savvopoulou,0.544,0.643,-7.701,0.0714,0.702,0.0,0.27,0.731,116.55
I Theia Maro,Dionysis Savvopoulos,To Perivoli Tou Trelou,0.548,0.703,-9.084,0.0599,0.186,0.0,0.216,0.84,92.867
To Perivoli,Dionysis Savvopoulos,To Perivoli Tou Trelou,0.28,0.289,-12.161,0.0355,0.613,0.0,0.0965,0.264,90.137
Oi Piso Mou Selides,Dionysis Savvopoulos,To Perivoli Tou Trelou,0.428,0.459,-9.406,0.0324,0.854,0.0,0.127,0.295,114.193
Thalassografia,Dionysis Savvopoulos,To Perivoli Tou Trelou,0.319,0.468,-10.954,0.0324,0.161,0.358,0.322,0.521,91.715
San Rempetiko Palio,Dionysis Savvopoulos,To Perivoli Tou Trelou,0.65,0.782,-8.499,0.0363,0.015,0.0,0.138,0.852,130.264
Eida Tin Anna Kapote,Dionysis Savvopoulos,To Perivoli Tou Trelou,0.425,0.311,-12.978,0.031,0.846,0.0208,0.133,0.481,98.448
Ntirlanta,Dionysis Savvopoulos,To Perivoli Tou Trelou,0.598,0.675,-8.195,0.0315,0.404,0.0,0.116,0.833,110.927
Odi Ston Georgio Karaiskaki,Dionysis Savvopoulos,To Perivoli Tou Trelou,0.285,0.477,-8.548,0.0435,0.725,3.56e-05,0.361,0.662,154.8
Ta Paidia Pou Chathikan Sta Paramythia,Dionysis Savvopoulos,To Perivoli Tou Trelou,0.426,0.185,-17.378,0.049,0.957,1.55e-05,0.111,0.558,81.726
Elsa Se Fovamai,Dionysis Savvopoulos,Vromiko Psomi,0.566,0.449,-9.459,0.0561,0.495,0.0,0.121,0.475,94.103
Tragoudi,Dionysis Savvopoulos,Vromiko Psomi,0.708,0.722,-8.688,0.0569,0.194,1.46e-05,0.184,0.379,113.059
"Olaria, Olara",Dionysis Savvopoulos,Vromiko Psomi,0.695,0.252,-11.047,0.0661,0.924,0.0,0.155,0.805,124.604
To Moro,Dionysis Savvopoulos,Vromiko Psomi,0.658,0.544,-7.207,0.0548,0.791,0.0,0.291,0.799,114.314
I Dimosthenous Lexis,Dionysis Savvopoulos,Vromiko Psomi,0.538,0.268,-11.408,0.0412,0.616,1.91e-06,0.0934,0.198,115.133
Mavri Thalassa,Dionysis Savvopoulos,Vromiko Psomi,0.498,0.608,-8.405,0.167,0.703,0.00479,0.337,0.366,121.5
Paravasi,Dionysis Savvopoulos,Siko Psychi Mou Dose Revma,0.496,0.556,-10.45,0.0387,0.793,0.0,0.771,0.637,110.663
Mpallos,Dionysis Savvopoulos,Siko Psychi Mou Dose Revma,0.539,0.485,-14.078,0.252,0.39,1.57e-05,0.95,0.442,120.27
I Paragka,Dionysis Savvopoulos,Siko Psychi Mou Dose Revma,0.537,0.588,-14.099,0.506,0.56,0.0,0.847,0.696,129.976
Laikos Tragoudistis,Dionysis Savvopoulos,Siko Psychi Mou Dose Revma,0.647,0.613,-11.805,0.0266,0.592,0.0,0.956,0.87,106.484
Filimeni Mes Tous Kinimatografous,Dionysis Savvopoulos,Siko Psychi Mou Dose Revma,0.646,0.601,-12.156,0.165,0.632,0.0,0.927,0.763,92.39
Sti Sygkentrosi Tis E.F.E.E.,Dionysis Savvopoulos,Savvorama,0.417,0.545,-8.681,0.15,0.81,0.0,0.673,0.266,109.404
Titloi kai Eisagogi,Dionysis Savvopoulos,Savvorama,0.223,0.222,-16.826,0.0557,0.83,0.0434,0.813,0.157,79.46
I Theia Manou,Dionysis Savvopoulos,Savvorama,0.553,0.746,-10.158,0.122,0.692,2.02e-06,0.93,0.334,99.902
Parodos,Dionysis Savvopoulos,Savvorama,0.5,0.384,-11.854,0.0998,0.661,0.0,0.31,0.362,117.13
To Paneraki,Dionysis Savvopoulos,Savvorama,0.588,0.312,-12.426,0.0418,0.835,0.0,0.457,0.781,117.776
Theouli Tou Fallou,Dionysis Savvopoulos,Savvorama,0.409,0.271,-13.227,0.0293,0.704,0.0,0.0928,0.23,96.417
Evripidaki,Dionysis Savvopoulos,Savvorama,0.385,0.299,-13.022,0.139,0.752,0.0,0.319,0.255,203.979
Eftychismenos Anthropos,Dionysis Savvopoulos,Savvorama,0.649,0.637,-10.089,0.0338,0.672,0.0,0.149,0.931,127.335
Iamviki Syzygia,Dionysis Savvopoulos,Savvorama,0.624,0.155,-26.18,0.935,0.258,0.0,0.379,0.31,83.222
Panta Bros Taxidiotes,Dionysis Savvopoulos,Savvorama,0.27,0.269,-11.271,0.0357,0.823,0.0,0.404,0.204,88.644
Paramythaki,Dionysis Savvopoulos,Savvorama,0.643,0.38,-21.952,0.949,0.413,0.0,0.414,0.16,85.381
Ti Epaixa Sto Lavrio,Dionysis Savvopoulos,Savvorama,0.332,0.292,-17.121,0.125,0.814,7.38e-05,0.296,0.35,79.859
Gennithika Sti Saloniki,Dionysis Savvopoulos,Savvorama,0.388,0.369,-11.649,0.0425,0.787,0.0,0.709,0.185,119.357
Proino,Dionysis Savvopoulos,Savvorama,0.409,0.18,-14.671,0.0384,0.886,0.0,0.674,0.198,103.002
Emeis Tou '60,Dionysis Savvopoulos,Savvorama,0.368,0.248,-12.17,0.0381,0.796,0.0,0.849,0.152,120.513
Eida Tin Soula Kai Ton Despotidi,Dionysis Savvopoulos,Mi Petaxeis Tipota!,0.544,0.35,-14.49,0.0536,0.64,0.0,0.103,0.524,95.958
"To Refrain, S' Agapo",Dionysis Savvopoulos,Mi Petaxeis Tipota!,0.522,0.506,-11.524,0.153,0.696,0.0,0.242,0.62,126.278
Mi Petaxeis Tipota,Dionysis Savvopoulos,Mi Petaxeis Tipota!,0.364,0.356,-13.606,0.0752,0.8,0.0,0.128,0.512,159.086
Aktines Tou Vorra,Dionysis Savvopoulos,Mi Petaxeis Tipota!,0.627,0.416,-11.684,0.0579,0.634,0.0,0.0793,0.494,132.848
Tagko Vouvo,Dionysis Savvopoulos,Mi Petaxeis Tipota!,0.648,0.416,-13.099,0.0879,0.689,0.0,0.0898,0.485,122.797
O Mikros Monomachos,Dionysis Savvopoulos,Mi Petaxeis Tipota!,0.653,0.421,-11.13,0.0566,0.62,0.0,0.38,0.654,100.691
Presthlaves,Dionysis Savvopoulos,Mi Petaxeis Tipota!,0.329,0.359,-12.935,0.0349,0.545,0.0,0.0941,0.258,99.963
Pos Me Katantise I Agapi,Dionysis Savvopoulos,Mi Petaxeis Tipota!,0.452,0.377,-11.949,0.0349,0.382,0.0,0.127,0.516,118.883
Meres Kalyteres Tha 'Rthoun,Dionysis Savvopoulos,Mi Petaxeis Tipota!,0.376,0.474,-10.591,0.0633,0.694,0.0,0.767,0.78,143.918
Titloi,Dionysis Savvopoulos,Mi Petaxeis Tipota!,0.199,0.0389,-25.537,0.0487,0.403,0.0204,0.16,0.0846,148.18
Kileler,Dionysis Savvopoulos,Ballos,0.682,0.616,-8.535,0.0476,0.449,3.3e-05,0.297,0.404,127.219
"Erchetai Vrohi, Erchetai Mpora",Dionysis Savvopoulos,Ballos,0.547,0.514,-10.154,0.0412,0.575,1.88e-05,0.0785,0.881,151.026
Simaia Apo Naylon,Dionysis Savvopoulos,Ballos,0.559,0.676,-7.485,0.0315,0.656,0.000132,0.106,0.96,131.847
Dialeimma - Instrumental,Dionysis Savvopoulos,Ballos,0.587,0.242,-12.807,0.0456,0.713,0.899,0.114,0.355,128.814
S' Efharisto O! Etairia,Dionysis Savvopoulos,Ballos,0.477,0.119,-16.0,0.0341,0.993,0.441,0.161,0.0996,98.475
Min Perimenete Asteiakia,Dionysis Savvopoulos,To Kourema,0.586,0.353,-14.903,0.0405,0.464,0.0,0.161,0.572,140.561
O Antras Kai I Gynaika Den Einai Isoi,Dionysis Savvopoulos,To Kourema,0.385,0.146,-16.626,0.0475,0.737,0.0,0.131,0.297,93.94
I Apotychia Tis Aristeras,Dionysis Savvopoulos,To Kourema,0.778,0.406,-13.972,0.0387,0.0787,0.0,0.146,0.788,129.408
Koloellines,Dionysis Savvopoulos,To Kourema,0.583,0.243,-16.887,0.0322,0.101,1.53e-05,0.0943,0.0597,100.135
To Mitsotak,Dionysis Savvopoulos,To Kourema,0.657,0.499,-17.942,0.0728,0.062,4.45e-06,0.288,0.655,180.664
O Gios Mou Paei Sto Strato,Dionysis Savvopoulos,To Kourema,0.493,0.31,-14.903,0.0464,0.483,0.0,0.129,0.502,95.231
Kalokairi,Dionysis Savvopoulos,To Kourema,0.632,0.371,-17.411,0.04,0.424,0.0,0.36,0.593,105.562
Gia Ton Sosialismo,Dionysis Savvopoulos,I Rezerva,0.471,0.671,-9.908,0.0744,0.882,0.147,0.198,0.521,91.792
Mikri Ellada,Dionysis Savvopoulos,I Rezerva,0.452,0.357,-12.184,0.0605,0.92,1.2e-05,0.369,0.389,91.696
Kanonaki,Dionysis Savvopoulos,I Rezerva,0.493,0.518,-11.132,0.479,0.856,6.32e-06,0.294,0.647,91.891
Makry Zeimpekiko Gia To Niko,Dionysis Savvopoulos,I Rezerva,0.534,0.454,-10.692,0.0778,0.89,9.03e-06,0.162,0.45,127.997
Peiratis,Dionysis Savvopoulos,I Rezerva,0.52,0.689,-9.508,0.0484,0.793,0.000575,0.0724,0.822,112.759
Aspa,Dionysis Savvopoulos,I Rezerva,0.362,0.449,-12.47,0.0539,0.921,0.00783,0.103,0.316,94.118
Aountouantaria,Dionysis Savvopoulos,I Rezerva,0.553,0.374,-11.489,0.0514,0.959,0.0687,0.148,0.681,88.345
Akouste Ena Paraxeno - Live,Dionysis Savvopoulos,O Pyrinas (Live),0.456,0.259,-13.846,0.0428,0.794,3.79e-06,0.728,0.168,133.617
Ta Kalotaxida Poulia - Live,Dionysis Savvopoulos,O Pyrinas (Live),0.385,0.0481,-19.487,0.0713,0.918,0.0,0.104,0.166,85.337
Nanourisma - Live,Dionysis Savvopoulos,O Pyrinas (Live),0.34,0.121,-18.341,0.0815,0.828,0.0,0.938,0.169,88.968
Ap ta Psila Sta Hamila,Eftyhia Papagiannopoulou,"Iliovasilemata (Recordings 1958-1959), Vol. 3",0.553,0.288,-10.19,0.038,0.828,0.0,0.179,0.619,122.11
Iliovasilemata,Eftyhia Papagiannopoulou,"Iliovasilemata (Recordings 1958-1959), Vol. 3",0.6,0.478,-6.329,0.0452,0.685,0.0,0.0858,0.71,123.032
Pos ta Vastaei O Theos,Eftyhia Papagiannopoulou,"Iliovasilemata (Recordings 1958-1959), Vol. 3",0.543,0.307,-10.591,0.0349,0.673,1.76e-06,0.0726,0.682,116.615
Tora Pou Fevgo Ap Ti Zoi,Eftyhia Papagiannopoulou,"Iliovasilemata (Recordings 1958-1959), Vol. 3",0.544,0.425,-9.314,0.0356,0.67,0.0,0.0659,0.696,115.714
Poios Tha Me Pliroforisei,Eftyhia Papagiannopoulou,"Iliovasilemata (Recordings 1958-1959), Vol. 3",0.508,0.273,-11.212,0.0392,0.589,0.0,0.136,0.556,126.187
Sto Katakleisto to Spiti,Eftyhia Papagiannopoulou,"Iliovasilemata (Recordings 1958-1959), Vol. 3",0.559,0.359,-10.005,0.0404,0.744,0.0,0.121,0.799,119.383
Tou Horismou I Mahairia,Eftyhia Papagiannopoulou,"Tou Horismou I Mahairia (Recordings 1950-1956), Vol.1",0.635,0.206,-13.486,0.0408,0.987,0.0432,0.122,0.808,131.457
Opou Deis Fotia Na Kaiei,Eftyhia Papagiannopoulou,"Tou Horismou I Mahairia (Recordings 1950-1956), Vol.1",0.562,0.18,-11.382,0.0553,0.994,5.33e-05,0.117,0.628,135.668
Syrmatoplegmata Varia,Eftyhia Papagiannopoulou,"Tou Horismou I Mahairia (Recordings 1950-1956), Vol.1",0.636,0.261,-11.784,0.0527,0.945,0.00272,0.0973,0.917,119.035
Tha Vro Mourmouri Mpaglama,Eftyhia Papagiannopoulou,"Tou Horismou I Mahairia (Recordings 1950-1956), Vol.1",0.611,0.464,-7.542,0.0375,0.952,0.000291,0.191,0.774,139.806
O Gyalinos Kosmos,Eftyhia Papagiannopoulou,"O Gyalinos Kosmos (Recordings 1960-1961), Vol. 4",0.554,0.317,-10.424,0.0365,0.716,0.0,0.0572,0.811,118.495
Kapoio Treno Tha Perasei,Eftyhia Papagiannopoulou,"O Gyalinos Kosmos (Recordings 1960-1961), Vol. 4",0.521,0.275,-11.571,0.0554,0.872,0.0,0.307,0.683,117.406
Perasmenes Mou Agapes,Eftyhia Papagiannopoulou,"O Gyalinos Kosmos (Recordings 1960-1961), Vol. 4",0.595,0.557,-8.649,0.0339,0.562,0.0,0.64,0.889,97.994
An Mas Spasoun to Mpouzouki,Eftyhia Papagiannopoulou,"O Gyalinos Kosmos (Recordings 1960-1961), Vol. 4",0.664,0.291,-10.443,0.0433,0.769,0.0,0.264,0.699,141.702
Fate Plousioi Parades,Eftyhia Papagiannopoulou,"O Gyalinos Kosmos (Recordings 1960-1961), Vol. 4",0.702,0.329,-8.623,0.0412,0.783,0.0,0.1,0.855,115.353
Vrehei O Ouranos Kai Vrehomai,Eftyhia Papagiannopoulou,"O Gyalinos Kosmos (Recordings 1960-1961), Vol. 4",0.535,0.401,-6.575,0.0299,0.697,0.0,0.0515,0.715,137.331
Antrope Dystyhismene,Eftyhia Papagiannopoulou,"O Gyalinos Kosmos (Recordings 1960-1961), Vol. 4",0.5,0.54,-7.827,0.0417,0.734,0.00964,0.145,0.89,175.221
Me Heiropedes Me Pernoun,Eftyhia Papagiannopoulou,"Osoi M' Akoun Na Tragoudo (Recordings 1957-1958), Vol. 2",0.658,0.182,-12.814,0.0539,0.945,0.0,0.136,0.75,124.805
Mia Sou Kai Mia Mou,Eftyhia Papagiannopoulou,"Osoi M' Akoun Na Tragoudo (Recordings 1957-1958), Vol. 2",0.689,0.31,-12.18,0.0402,0.868,0.0,0.16,0.883,127.442
San Simera Horisame,Eftyhia Papagiannopoulou,"Osoi M' Akoun Na Tragoudo (Recordings 1957-1958), Vol. 2",0.511,0.328,-11.069,0.0429,0.831,2.96e-06,0.0854,0.751,128.421
Ta Antrakia,Eftyhia Papagiannopoulou,"Osoi M' Akoun Na Tragoudo (Recordings 1957-1958), Vol. 2",0.648,0.33,-12.317,0.0685,0.836,2.08e-05,0.0402,0.815,134.775
O Metanastis,Eftyhia Papagiannopoulou,"Osoi M' Akoun Na Tragoudo (Recordings 1957-1958), Vol. 2",0.667,0.295,-10.015,0.0477,0.827,8.04e-05,0.0623,0.962,118.479
Ma Einai Kai Theos,Vicky Mosholiou,I Viki Mosholiou Tragouda Eftyhia Papagiannopoulou,0.493,0.515,-5.369,0.0289,0.65,0.0,0.0881,0.525,88.822
Eim' Aitos Horis Ftera,Vicky Mosholiou,I Viki Mosholiou Tragouda Eftyhia Papagiannopoulou,0.507,0.492,-6.279,0.0332,0.391,2.2e-05,0.353,0.49,126.533
Ti Ehei Kai Klaiei To Paidi,Vicky Mosholiou,I Viki Mosholiou Tragouda Eftyhia Papagiannopoulou,0.415,0.588,-7.32,0.0338,0.598,0.000303,0.181,0.321,114.107
I Omonoia,Eleftheria Arvanitaki,Kentro Dierhomenon,0.752,0.544,-6.511,0.03,0.844,1.11e-05,0.172,0.623,97.032
Kleista Parathyra,Eleftheria Arvanitaki,Kentro Dierhomenon,0.425,0.234,-9.946,0.0439,0.868,0.0001,0.219,0.201,147.262
O Salonikios,Eleftheria Arvanitaki,Kentro Dierhomenon,0.606,0.568,-6.78,0.0353,0.508,0.0,0.333,0.725,125.736
Ohi Mazi,Eleftheria Arvanitaki,Kentro Dierhomenon,0.691,0.4,-8.083,0.0339,0.766,0.0,0.156,0.615,123.264
To Noiotho Tora,Eleftheria Arvanitaki,Kentro Dierhomenon,0.373,0.266,-9.682,0.0414,0.876,6.56e-06,0.092,0.202,83.02
To Gramma,Eleftheria Arvanitaki,Kentro Dierhomenon,0.621,0.471,-6.896,0.0259,0.248,0.0,0.154,0.379,97.905
Kentro Dierhomenon,Eleftheria Arvanitaki,Kentro Dierhomenon,0.649,0.627,-5.416,0.0285,0.388,0.0,0.0545,0.807,85.73
Laika Xenodoheia,Eleftheria Arvanitaki,Kentro Dierhomenon,0.699,0.353,-6.935,0.0301,0.52,0.0,0.304,0.609,78.961
Den Xero Pia,Eleftheria Arvanitaki,Kentro Dierhomenon,0.46,0.307,-9.157,0.038,0.801,0.0013,0.124,0.306,109.727
Meine Konta Mou,Eleftheria Arvanitaki,Kentro Dierhomenon,0.596,0.467,-5.848,0.0365,0.798,0.0,0.196,0.651,130.194
Tatouaz,Eleftheria Arvanitaki,Kentro Dierhomenon,0.416,0.641,-6.745,0.035,0.486,0.0,0.175,0.736,166.779
Xypna Agapi Mou,Eleftheria Arvanitaki,I Nychta Katevainei,0.444,0.297,-13.803,0.0396,0.379,0.0,0.163,0.257,111.749
An S' Arnitho Agapi Mou,Eleftheria Arvanitaki,I Nychta Katevainei,0.479,0.569,-10.536,0.1,0.219,1.7e-05,0.955,0.425,111.531
Me To Idio Mako,Eleftheria Arvanitaki,I Nychta Katevainei,0.502,0.474,-10.472,0.0357,0.203,2.88e-06,0.842,0.235,116.865
Zoi Klemmeni,Eleftheria Arvanitaki,I Nychta Katevainei,0.566,0.391,-11.358,0.0396,0.71,0.0,0.424,0.333,104.411
Prin To Telos,Eleftheria Arvanitaki,I Nychta Katevainei,0.463,0.257,-11.704,0.0407,0.689,0.0,0.512,0.156,118.452
Stin Archi Tou Tragoudiou,Eleftheria Arvanitaki,I Nychta Katevainei,0.604,0.175,-15.751,0.0464,0.77,5.49e-05,0.731,0.535,136.478
Kyma To Kyma,Eleftheria Arvanitaki,I Nychta Katevainei,0.606,0.0282,-16.603,0.0766,0.937,0.0,0.108,0.473,123.179
Stis Akres Ap' Ta Matia Sou,Eleftheria Arvanitaki,I Nychta Katevainei,0.651,0.487,-10.751,0.0409,0.0263,4.51e-05,0.157,0.596,119.843
Serach,Eleftheria Arvanitaki,I Nychta Katevainei,0.659,0.491,-10.432,0.0332,0.113,1.82e-06,0.403,0.406,119.842
Tha Pio Apopse To Fengari,Eleftheria Arvanitaki,I Nychta Katevainei,0.546,0.411,-10.604,0.0335,0.495,0.0,0.945,0.497,116.974
Gramma S' Enan Poiiti,Eleftheria Arvanitaki,I Nychta Katevainei,0.671,0.483,-10.929,0.0488,0.392,0.0,0.714,0.751,125.581
Sto Sou Mi Tzou Kapoia Vradia,Eleftheria Arvanitaki,I Nychta Katevainei,0.505,0.451,-11.495,0.0378,0.652,3.36e-05,0.413,0.579,108.314
Oi Glaroi,Eleftheria Arvanitaki,I Nychta Katevainei,0.532,0.648,-10.214,0.124,0.314,0.0,0.802,0.634,140.928
Eimai Erotevmenos Me Ta Matia Sou,Eleftheria Arvanitaki,I Nychta Katevainei,0.828,0.716,-8.134,0.0509,0.492,0.0,0.769,0.969,115.424
To Kokkino Foustani,Eleftheria Arvanitaki,I Nychta Katevainei,0.504,0.58,-10.205,0.0884,0.458,0.0,0.761,0.646,128.081
Efta Tragoudia Tha Sou Po,Eleftheria Arvanitaki,I Nychta Katevainei,0.443,0.594,-10.306,0.328,0.323,0.0,0.432,0.395,81.425
Erotiko,Eleftheria Arvanitaki,I Nychta Katevainei,0.356,0.128,-20.121,0.173,0.906,0.0,0.763,0.459,179.282
Kardia Mou Kaimeni,Eleftheria Arvanitaki,I Nychta Katevainei,0.314,0.518,-11.938,0.396,0.632,0.0,0.974,0.485,197.536
Solo Klarino,Eleftheria Arvanitaki,I Nychta Katevainei,0.361,0.582,-11.653,0.0587,0.0768,0.0305,0.177,0.216,132.357
To Minore Tis Avgis,Eleftheria Arvanitaki,I Nychta Katevainei,0.369,0.353,-12.435,0.0454,0.851,0.000576,0.871,0.306,167.578
Dynata (Homecoming),Eleftheria Arvanitaki,I Nychta Katevainei,0.449,0.869,-9.549,0.629,0.344,1.59e-05,0.711,0.573,89.716
Gianni Mou To Mantili Sou,Eleftheria Arvanitaki,I Nychta Katevainei,0.496,0.323,-12.781,0.0286,0.127,3.48e-05,0.166,0.439,92.999
Tis Kalinychtas Ta Filia,Eleftheria Arvanitaki,I Nychta Katevainei,0.469,0.386,-10.957,0.0338,0.451,0.0,0.968,0.502,134.891
Chilies Vradies,Eleftheria Arvanitaki,Ektos Programmatos,0.52,0.476,-9.274,0.0596,0.686,0.0,0.945,0.337,115.507
Apopse Sto Diko Sou Machala,Eleftheria Arvanitaki,Ektos Programmatos,0.688,0.679,-5.82,0.0425,0.645,0.0,0.305,0.58,114.857
To Xefantoma,Eleftheria Arvanitaki,Ektos Programmatos,0.491,0.568,-5.929,0.0319,0.537,0.0,0.435,0.695,78.396
As Ein' Kala T' Agori Mou,Eleftheria Arvanitaki,Ektos Programmatos,0.616,0.737,-6.424,0.0379,0.33,0.000406,0.511,0.709,132.78
Kindynos Thanatos,Eleftheria Arvanitaki,Ektos Programmatos,0.61,0.741,-6.705,0.0396,0.776,0.000204,0.693,0.885,99.136
Ti Simera Ti Avrio Ti Tora,Eleftheria Arvanitaki,Ektos Programmatos,0.488,0.547,-5.797,0.0336,0.746,0.0,0.364,0.605,136.93
Parastratisa Gia Sena,Eleftheria Arvanitaki,Ektos Programmatos,0.669,0.81,-6.269,0.0491,0.538,6.35e-05,0.644,0.857,107.817
Siganopsichalisma,Eleftheria Arvanitaki,Ektos Programmatos,0.621,0.664,-6.807,0.0335,0.456,0.0,0.866,0.483,133.683
Gennithika Gia Na Pono,Eleftheria Arvanitaki,Ektos Programmatos,0.498,0.524,-7.457,0.03,0.684,0.0,0.37,0.655,131.487
Synnefiasmeni Kyriaki,Eleftheria Arvanitaki,Ektos Programmatos,0.445,0.476,-8.123,0.0323,0.579,4.08e-06,0.578,0.432,127.854
Den Klaio Gia Tora,Eleftheria Arvanitaki,Ektos Programmatos,0.343,0.485,-7.389,0.0366,0.631,0.0,0.616,0.505,181.021
Oso Axizeis Esy,Eleftheria Arvanitaki,Ektos Programmatos,0.62,0.614,-7.699,0.0497,0.443,0.0,0.933,0.778,94.334
To Pouli,Eleftheria Arvanitaki,Ektos Programmatos,0.638,0.759,-6.735,0.0349,0.393,0.0,0.832,0.783,103.995
To Paploma,Eleftheria Arvanitaki,Ektos Programmatos,0.48,0.636,-6.648,0.0491,0.522,0.0,0.724,0.725,85.759
I Zoi Mou Oli,Eleftheria Arvanitaki,Ektos Programmatos,0.659,0.573,-7.415,0.03,0.487,0.0,0.782,0.471,135.379
Istoria Mou,Eleftheria Arvanitaki,Ektos Programmatos,0.364,0.452,-8.184,0.0341,0.776,0.0,0.198,0.401,74.238
Siko Chorepse Koulki Mou,Eleftheria Arvanitaki,Ektos Programmatos,0.404,0.792,-6.047,0.0591,0.462,0.0,0.731,0.8,184.792
Ti 'thela Kai S' Agapousa,Eleftheria Arvanitaki,Ektos Programmatos,0.67,0.742,-7.387,0.0912,0.311,1.96e-05,0.919,0.808,141.337
Chorepsete,Eleftheria Arvanitaki,Ektos Programmatos,0.588,0.511,-7.078,0.051,0.662,0.0,0.75,0.904,115.824
I Trata Mas I Kourelou,Eleftheria Arvanitaki,Ektos Programmatos,0.577,0.579,-6.582,0.038,0.557,0.0,0.461,0.772,163.433
Tzivaeri,Eleftheria Arvanitaki,Ektos Programmatos,0.274,0.34,-9.121,0.0358,0.856,0.0,0.732,0.198,173.217
Mes Tou Aigaiou Ta Nera,Eleftheria Arvanitaki,Ektos Programmatos,0.408,0.594,-6.713,0.0375,0.462,0.0,0.539,0.881,169.645
Milo Mou Kai Mantarini,Eleftheria Arvanitaki,Ektos Programmatos,0.565,0.35,-7.178,0.0317,0.762,0.0,0.636,0.484,136.147
Amarantos,Eleftheria Arvanitaki,Ektos Programmatos,0.528,0.792,-8.145,0.254,0.458,1.52e-06,0.944,0.621,97.988
Parapono,Eleftheria Arvanitaki,Ektos Programmatos,0.513,0.529,-6.623,0.0307,0.657,0.0,0.576,0.456,118.73
Tis Xeniteias (Fengari Magia Mou 'kanes),Eleftheria Arvanitaki,Ektos Programmatos,0.599,0.537,-8.076,0.0291,0.443,0.0,0.4,0.459,134.791
Den Tha Xanagapiso,Eleftheria Arvanitaki,Ektos Programmatos,0.405,0.62,-6.941,0.0405,0.663,0.0,0.901,0.462,139.062
Tis Gynaikas I Kardia,Eleftheria Arvanitaki,Ektos Programmatos,0.393,0.548,-9.887,0.0888,0.793,0.0,0.856,0.501,99.996
Medley Solo,Eleftheria Arvanitaki,Ektos Programmatos,0.446,0.721,-9.682,0.0671,0.186,0.532,0.914,0.767,92.944
Epodos Thrakis I,Eleni & Souzana Vougioukli,Eleni Kai Souzana Vougioukli,0.723,0.257,-7.626,0.0383,0.922,0.0,0.112,0.604,119.771
Oria Mou Rontinedda,Eleni & Souzana Vougioukli,Eleni Kai Souzana Vougioukli,0.187,0.239,-7.155,0.0339,0.825,0.0,0.109,0.156,184.402
Epodos Thrakis II,Eleni & Souzana Vougioukli,Eleni Kai Souzana Vougioukli,0.53,0.413,-7.127,0.0442,0.96,0.0,0.101,0.667,108.032
Ipeirotiko,Eleni & Souzana Vougioukli,Eleni Kai Souzana Vougioukli,0.306,0.176,-7.967,0.0412,0.969,0.0,0.353,0.182,90.986
Ceserina,Eleni & Souzana Vougioukli,Eleni Kai Souzana Vougioukli,0.229,0.291,-7.264,0.0366,0.731,0.0,0.101,0.381,199.488
To Tsiambasin,Eleni & Souzana Vougioukli,Eleni Kai Souzana Vougioukli,0.739,0.43,-5.506,0.0346,0.961,0.0,0.116,0.787,112.36
Rindineddha Si Rindini Lu Mare,Eleni & Souzana Vougioukli,Eleni Kai Souzana Vougioukli,0.251,0.289,-8.585,0.0335,0.94,0.0,0.0988,0.166,177.846
Kalinyfta,Eleni & Souzana Vougioukli,Eleni Kai Souzana Vougioukli,0.348,0.381,-7.469,0.0257,0.841,0.0,0.0912,0.31,60.358
Oti Ki An Po De Se Xehno,Eleni & Souzana Vougioukli,Eleni Kai Souzana Vougioukli,0.589,0.334,-9.13,0.031,0.95,6.02e-06,0.131,0.486,81.587
Thryallida,Eleni & Souzana Vougioukli,Eleni Kai Souzana Vougioukli,0.763,0.652,-7.233,0.474,0.757,0.0,0.248,0.889,104.837
Xenitemeno Mou Pouli,Eleni & Souzana Vougioukli,Eleni Kai Souzana Vougioukli,0.452,0.357,-6.394,0.0571,0.973,0.0,0.112,0.232,180.405
Nanourisma - Tahtarisma,Eleni & Souzana Vougioukli,Eleni Kai Souzana Vougioukli,0.329,0.189,-9.927,0.0298,0.963,0.0,0.109,0.163,81.002
"Le, Le, Le Mana Mou",Eleni & Souzana Vougioukli,Eleni Kai Souzana Vougioukli,0.285,0.226,-8.239,0.0315,0.857,0.0,0.107,0.378,113.251
"Irthe Vorias, Irthe Notias",Eleni & Souzana Vougioukli,Eleni Kai Souzana Vougioukli,0.375,0.197,-11.031,0.0324,0.933,0.0,0.104,0.386,107.676
Ederlezi,Eleni & Souzana Vougioukli,Eleni Kai Souzana Vougioukli,0.343,0.271,-8.806,0.0465,0.986,0.0,0.279,0.135,91.748
Ai Garoufallo Mou - Eis Mnimosynon,Various Artists,Dyo Kykloi Tragoudion,0.472,0.217,-11.621,0.0361,0.951,0.0773,0.111,0.58,122.282
Ti Na Se Kano Galani,Eleni Vitali,Ta Dimotika Tis Elenis Vitali,0.589,0.689,-3.764,0.0358,0.338,0.0,0.119,0.918,130.947
Protomagia Mou Ta' Rixes,Eleni Vitali,Ta Dimotika Tis Elenis Vitali,0.665,0.761,-3.084,0.0331,0.0767,1.4e-05,0.0872,0.961,93.625
Markos Mpotsaris,Eleni Vitali,Ta Dimotika Tis Elenis Vitali,0.281,0.443,-5.653,0.0351,0.819,0.000529,0.334,0.42,143.679
Kanarini,Eleni Vitali,Ta Dimotika Tis Elenis Vitali,0.65,0.598,-2.719,0.0447,0.701,0.0,0.351,0.964,92.473
Vgika Psila Kai Plagiasa,Eleni Vitali,Ta Dimotika Tis Elenis Vitali,0.214,0.406,-5.806,0.0337,0.892,0.000655,0.121,0.0657,79.43
Giourgia,Eleni Vitali,Ta Dimotika Tis Elenis Vitali,0.679,0.725,-3.409,0.0765,0.333,0.0,0.287,0.864,137.663
Kapsane Ta Kalavryta,Eleni Vitali,Ta Dimotika Tis Elenis Vitali,0.254,0.541,-5.136,0.0391,0.62,0.007,0.246,0.113,111.308
O Ilios Evasilepse,Eleni Vitali,Ta Dimotika Tis Elenis Vitali,0.53,0.84,-2.832,0.0342,0.437,0.000239,0.0691,0.893,145.554
Ηameni Agapi - Tis Kardias To Xypnitiri,Eleni Vitali,Ta Dimotika Tis Elenis Vitali,0.457,0.433,-5.893,0.028,0.763,0.00126,0.154,0.522,134.497
Χenitia To Farmaki S',Eleni Vitali,Ta Dimotika Tis Elenis Vitali,0.436,0.649,-4.541,0.0373,0.416,1.09e-06,0.112,0.837,134.732
Den Mporo Manoula M',Eleni Vitali,Ta Dimotika Tis Elenis Vitali,0.707,0.715,-2.946,0.0289,0.218,0.0,0.0904,0.771,101.626
Imera Tis Labris,Eleni Vitali,Dromi Pou Agapisa,0.333,0.281,-23.414,0.164,0.912,5.34e-06,0.379,0.276,104.268
Girizo Tis Plates Mou Sto Melon,Eleni Vitali,Dromi Pou Agapisa,0.554,0.508,-11.057,0.0363,0.524,2.74e-06,0.753,0.442,124.907
Nihterino Tragoudi,Eleni Vitali,Dromi Pou Agapisa,0.252,0.161,-14.433,0.039,0.97,0.117,0.699,0.0608,110.451
Dromi Pou Agapisa,Eleni Vitali,Dromi Pou Agapisa,0.307,0.199,-15.75,0.0354,0.802,3.79e-05,0.899,0.329,131.953
Pnevmonokoniasi,Eleni Vitali,Dromi Pou Agapisa,0.37,0.52,-10.933,0.0432,0.232,0.0,0.683,0.742,141.375
Is Mnimosinon,Eleni Vitali,Dromi Pou Agapisa,0.538,0.208,-15.203,0.0911,0.688,2.83e-06,0.685,0.717,123.186
Canto,Eleni Vitali,Dromi Pou Agapisa,0.339,0.263,-14.238,0.0553,0.608,0.0,0.704,0.313,84.79
Makria Mou Na Figis,Eleni Vitali,Dromi Pou Agapisa,0.347,0.191,-15.249,0.034,0.898,0.0072,0.531,0.15,81.075
Fisiki Istoria,Eleni Vitali,Dromi Pou Agapisa,0.717,0.595,-10.678,0.0332,0.202,7.51e-06,0.676,0.689,102.327
Elenitsa,Eleni Vitali,Dromi Pou Agapisa,0.494,0.652,-9.816,0.0506,0.552,1.57e-06,0.661,0.502,102.444
To Tragoudi Ton Gifton,Eleni Vitali,Dromi Pou Agapisa,0.538,0.394,-11.744,0.0352,0.729,0.00162,0.668,0.498,81.977
Pente Ellines Ston Adi,Eleni Vitali,Dromi Pou Agapisa,0.625,0.185,-14.26,0.0422,0.643,0.000881,0.843,0.393,118.385
Einai Avastahto Na Fevgeis,Eleni Vitali,Proskinio,0.425,0.296,-10.054,0.0471,0.836,0.0,0.251,0.389,104.891
I Monahikes Giagiades,Eleni Vitali,Proskinio,0.352,0.626,-8.611,0.075,0.0676,0.0,0.706,0.304,153.202
Kivotos,Eleni Vitali,Proskinio,0.575,0.717,-7.769,0.0614,0.0131,0.0,0.722,0.696,93.605
Afto To Kati,Eleni Vitali,Proskinio,0.353,0.789,-7.864,0.0403,0.0518,9.35e-06,0.212,0.401,125.671
Xafnikos Erotas,Eleni Vitali,Proskinio,0.364,0.351,-10.731,0.033,0.771,1.55e-05,0.68,0.131,119.842
Ainte Ke Fygame,Eleni Vitali,Proskinio,0.357,0.796,-7.166,0.142,0.141,0.0,0.912,0.789,186.2
Esy Pou Xereis Ta Polla,Eleni Vitali,Proskinio,0.634,0.879,-8.284,0.072,0.0561,0.0,0.879,0.602,99.219
Pio Poly Gia Mena,Eleni Vitali,Proskinio,0.638,0.636,-8.924,0.05,0.03,0.0,0.675,0.573,101.407
Ego Tragoudaga (Ta Skyladika),Eleni Vitali,Proskinio,0.428,0.716,-8.191,0.072,0.294,0.0,0.751,0.381,75.973
Xenaki Eimai Ke Tha'rtho,Eleni Vitali,Proskinio,0.443,0.716,-6.86,0.0456,0.469,0.0,0.96,0.599,153.579
Mavra Mou Matia,Eleni Vitali,Proskinio,0.579,0.661,-7.817,0.0543,0.371,1.41e-06,0.793,0.468,107.611
Afta Pathainei Matia Mou,Eleni Vitali,Proskinio,0.6,0.814,-8.17,0.0699,0.015,0.0,0.978,0.388,98.817
Perpatousa Afirimeni (To Honda),Eleni Vitali,Proskinio,0.581,0.664,-8.992,0.0633,0.0763,0.0,0.907,0.471,144.308
Ke Ti Den Kano,Eleni Vitali,Proskinio,0.672,0.729,-8.584,0.0395,0.319,0.0,0.701,0.764,95.246
Isos Ftaine Ta Feggaria,Eleni Vitali,Proskinio,0.552,0.412,-9.78,0.0976,0.693,0.0,0.72,0.488,96.303
Enas Alitis Pethane,Eleni Vitali,Proskinio,0.489,0.522,-7.607,0.0308,0.119,1.24e-06,0.645,0.331,106.534
To Dihty,Eleni Vitali,Proskinio,0.505,0.502,-8.667,0.0431,0.182,0.0,0.947,0.469,105.686
Ena Himoniatiko Proi,Eleni Vitali,Proskinio,0.333,0.552,-9.297,0.044,0.555,0.0,0.96,0.459,89.795
Girizo Ap' Ti Nyhta,Eleni Vitali,Proskinio,0.562,0.46,-8.542,0.0443,0.64,0.0,0.946,0.477,110.23
Veloudina Hilakia,Eleni Vitali,Anthologio - Eleni Vitali,0.597,0.538,-6.139,0.0327,0.582,0.0,0.0572,0.913,134.305
Egona,Eleni Vitali,Anthologio - Eleni Vitali,0.796,0.918,-4.122,0.0323,0.605,0.0,0.238,0.971,112.974
Ase Me Na Leo,Eleni Vitali,Anthologio - Eleni Vitali,0.605,0.385,-10.274,0.0317,0.797,2.89e-05,0.144,0.136,87.411
Pios Fovate Ti Virtzinia Goulf,Eleni Vitali,Anthologio - Eleni Vitali,0.51,0.431,-6.378,0.0518,0.678,0.0,0.0851,0.499,131.498
Mona Stolidia,Eleni Vitali,Skorpia Filla,0.611,0.549,-8.145,0.0234,0.192,4.21e-05,0.247,0.406,100.074
Krifto,Eleni Vitali,Skorpia Filla,0.49,0.489,-9.647,0.0317,0.303,2.95e-06,0.128,0.33,137.94
Vara Mou To Defi,Eleni Vitali,Pio Dromo Na Paro - Eleni Vitali,0.365,0.837,-3.896,0.158,0.328,0.0,0.0736,0.919,182.048
Pio Dromo Na Paro,Eleni Vitali,Pio Dromo Na Paro - Eleni Vitali,0.428,0.537,-6.042,0.0479,0.621,0.0,0.0953,0.343,94.914
Anihte Ta Trelladika,Eleni Vitali,Pio Dromo Na Paro - Eleni Vitali,0.438,0.683,-4.623,0.0354,0.385,0.0,0.115,0.404,134.516
Matia Mou Malamatenia,Eleni Vitali,Pio Dromo Na Paro - Eleni Vitali,0.69,0.796,-3.947,0.0562,0.601,0.0,0.367,0.75,118.278
De Ladonete O Haros,Eleni Vitali,Pio Dromo Na Paro - Eleni Vitali,0.568,0.703,-3.833,0.051,0.248,0.0,0.169,0.773,129.238
Osa Mou Ipan S' Agapo,Eleni Vitali,Pio Dromo Na Paro - Eleni Vitali,0.65,0.782,-3.395,0.11,0.515,0.0,0.341,0.872,156.255
Idios Dromos,Eleni Vitali,Pio Dromo Na Paro - Eleni Vitali,0.293,0.461,-5.945,0.0374,0.88,2.6e-06,0.114,0.15,80.712
Vrohi Ta Parapona,Eleni Vitali,Pio Dromo Na Paro - Eleni Vitali,0.429,0.327,-5.503,0.0281,0.714,0.0,0.151,0.517,94.276
Mia Gineka Bori,Eleni Vitali,Pio Dromo Na Paro - Eleni Vitali,0.368,0.78,-4.558,0.0648,0.711,0.0,0.0831,0.695,159.619
Les Ke Kratages Maheria,Eleni Vitali,Pio Dromo Na Paro - Eleni Vitali,0.518,0.805,-4.625,0.0441,0.432,0.0,0.147,0.795,118.383
De Me Ponese Kanis (Kardia Mou Kaimeni) - Live,Eleni Vitali,Pio Dromo Na Paro - Eleni Vitali,0.447,0.607,-6.946,0.202,0.909,0.0,0.972,0.637,125.918
Ti Ta Thelis Ta Lefta - Live,Eleni Vitali,Pio Dromo Na Paro - Eleni Vitali,0.66,0.932,-4.965,0.0365,0.798,0.000386,0.934,0.922,123.203
Anapste Floges Ke Foties - Live,Eleni Vitali,Pio Dromo Na Paro - Eleni Vitali,0.615,0.655,-5.888,0.063,0.851,2.2e-06,0.96,0.713,109.346
Iptamenos Diskos - Live,Eleni Vitali,Pio Dromo Na Paro - Eleni Vitali,0.737,0.72,-5.504,0.0542,0.811,0.0,0.767,0.891,102.29
Allon Ehis Agalia - Live,Eleni Vitali,Pio Dromo Na Paro - Eleni Vitali,0.527,0.61,-8.26,0.0486,0.896,0.000117,0.799,0.537,105.607
Ke Mazi Ke Monos,Eleni Vitali,Pio Dromo Na Paro - Eleni Vitali,0.457,0.601,-6.114,0.0412,0.644,0.0,0.441,0.866,165.639
Ine Ke To Prosopo,Eleni Vitali,Pio Dromo Na Paro - Eleni Vitali,0.42,0.579,-5.777,0.0785,0.793,0.0,0.0896,0.741,177.842
Ta Kalitera Mas Hronia,Eleni Vitali,Pio Dromo Na Paro - Eleni Vitali,0.486,0.806,-5.732,0.111,0.225,0.0,0.192,0.662,95.752
Tora Xero Oti Fteo,Eleni Vitali,Pio Dromo Na Paro - Eleni Vitali,0.612,0.915,-4.236,0.123,0.615,2.45e-06,0.923,0.717,112.251
Zoume Se Pseftra Epohi,Eleni Vitali,Pio Dromo Na Paro - Eleni Vitali,0.492,0.836,-4.318,0.0838,0.707,0.0,0.214,0.923,178.595
Pexe Hristo Epigodos - Live,Eleni Vitali,Pio Dromo Na Paro - Eleni Vitali,0.523,0.791,-3.628,0.048,0.66,2.98e-06,0.279,0.856,145.053
Ela,Eleonora Zouganeli,Ela,0.605,0.855,-5.544,0.0406,0.00113,0.0,0.121,0.283,119.965
Kopse Ke Mirase,Eleonora Zouganeli,Ela,0.664,0.492,-8.104,0.0296,0.358,2.38e-06,0.117,0.254,128.02
To Tik Tak Tou Rologiou,Eleonora Zouganeli,Ela,0.632,0.581,-7.416,0.0326,0.0285,1.51e-06,0.122,0.245,145.015
Fevgo Gia Mena Mia Fora (Lasciala Andare),Eleonora Zouganeli,Ela,0.597,0.608,-6.26,0.0334,0.151,0.0,0.111,0.31,148.519
To S' Agapo Pou Perimenis,Eleonora Zouganeli,Ela,0.568,0.731,-6.137,0.0542,0.00958,4.47e-05,0.0943,0.748,203.945
Mikra Veggalika,Eleonora Zouganeli,Ela,0.535,0.576,-6.765,0.031,0.198,1.03e-05,0.19,0.0508,146.189
Mia Stigmi,Eleonora Zouganeli,Ela,0.627,0.785,-5.784,0.0287,0.0573,0.000892,0.0877,0.645,110.995
Mi Rotas,Eleonora Zouganeli,Ela,0.474,0.428,-7.265,0.0268,0.149,0.0,0.152,0.134,148.284
De Megalonoume,Eleonora Zouganeli,Ela,0.768,0.856,-5.216,0.0478,0.476,6.12e-06,0.108,0.624,102.032
Etsi Ine File Mou I Zoi,Eleonora Zouganeli,Ela,0.679,0.526,-6.555,0.0255,0.00516,6.82e-06,0.155,0.269,95.959
Diamantenia Provlita,Endelehia,Voutia Apo Psila,0.553,0.921,-5.338,0.0655,0.000959,4.04e-05,0.321,0.369,134.877
Mikres Hares,Endelehia,Voutia Apo Psila,0.718,0.469,-10.632,0.0307,0.12,0.000375,0.0694,0.588,93.978
Kante Pera,Endelehia,Voutia Apo Psila,0.577,0.874,-6.14,0.045,0.00299,0.0,0.332,0.853,129.852
Voutia Apo Psila,Endelehia,Voutia Apo Psila,0.627,0.545,-8.703,0.0328,0.0673,0.00022,0.151,0.143,130.024
Amerika,Endelehia,S' Ena Megalo Avrio,0.38,0.836,-5.994,0.0421,0.000138,0.000167,0.795,0.149,172.091
Kati Tous Deni,Endelehia,S' Ena Megalo Avrio,0.581,0.821,-5.388,0.0274,0.0424,0.00447,0.0538,0.884,139.986
Mikros Pou Ise Ourane,Endelehia,S' Ena Megalo Avrio,0.611,0.569,-6.369,0.0269,0.0225,0.000466,0.206,0.556,130.004
Axizi Ton Kopo,Endelehia,S' Ena Megalo Avrio,0.444,0.751,-4.249,0.0406,0.0046,0.0,0.075,0.913,170.951
Orkos,Endelehia,S' Ena Megalo Avrio,0.578,0.891,-4.927,0.0302,0.00582,0.0122,0.189,0.439,107.98
S' Ena Megalo Avrio,Endelehia,S' Ena Megalo Avrio,0.778,0.566,-5.411,0.0525,0.252,1.26e-05,0.259,0.492,126.071
Thimame Ke Kaliteres Meres,Endelehia,S' Ena Megalo Avrio,0.488,0.929,-4.198,0.0423,0.000577,1.71e-05,0.514,0.745,141.964
Otan Oli Kimounte,Endelehia,S' Ena Megalo Avrio,0.547,0.86,-5.531,0.028,0.000682,0.0518,0.342,0.377,120.06
Rimes,Endelehia,S' Ena Megalo Avrio,0.687,0.839,-5.401,0.0349,0.0438,0.0,0.0719,0.749,93.006
I Agapes Den In' Ap' Atsali,Endelehia,S' Ena Megalo Avrio,0.66,0.728,-6.403,0.0248,0.00354,1.09e-05,0.247,0.838,95.987
Ego Den Ime Anemos,Endelehia,S' Ena Megalo Avrio,0.662,0.906,-3.5,0.0359,0.00164,0.00214,0.601,0.637,124.984
Kanenas Den Mpori,Endelehia,S' Ena Megalo Avrio,0.606,0.939,-5.153,0.0477,0.00515,0.0,0.0632,0.598,106.022
Isterografo,Endelehia,S' Ena Megalo Avrio,0.641,0.484,-5.587,0.0276,0.0242,0.0,0.0988,0.502,109.989
Den Ime Aftos Pou Thes,Endelehia,Hartines Saites,0.716,0.785,-5.927,0.0354,0.256,0.00467,0.197,0.901,110.415
Hartines Saites,Endelehia,Hartines Saites,0.268,0.651,-6.433,0.0481,0.251,0.00698,0.146,0.329,179.989
Imaste Edo,Endelehia,Hartines Saites,0.397,0.748,-5.857,0.06,0.0112,0.0,0.0253,0.623,176.934
Na 'Rtho Ki Apopse,Endelehia,Hartines Saites,0.701,0.729,-7.603,0.0279,0.637,0.0124,0.353,0.8,136.116
Mikri Istoria,Endelehia,Mesa Mou Krivonte Ali,0.507,0.574,-9.932,0.0304,0.0218,0.0435,0.323,0.542,124.014
Fonissa Mana,Endelehia,Sta Sinora Tis Meras,0.557,0.562,-9.035,0.0293,0.198,3.98e-06,0.0957,0.549,124.011
Ti Tragoudi Na Sou Po,Endelehia,Sta Sinora Tis Meras,0.78,0.221,-12.836,0.0323,0.926,2.16e-06,0.0935,0.334,94.028
Ola Edo Girnane,Endelehia,Sta Sinora Tis Meras,0.648,0.639,-8.048,0.0284,0.0856,0.0261,0.125,0.854,135.944
An Nostalgo,Endelehia,Sta Sinora Tis Meras,0.634,0.536,-10.115,0.043,0.159,5.26e-05,0.0999,0.533,140.074
Na Kao,Endelehia,Sta Sinora Tis Meras,0.517,0.689,-8.097,0.0299,0.193,0.0975,0.118,0.414,130.081
Alli Mera,Evgenios Dermitasoglou,Radio Skouro Anihto,0.35,0.789,-8.046,0.0954,0.146,0.00656,0.221,0.397,186.239
Kapse Tin Maska,Evgenios Dermitasoglou,Radio Skouro Anihto,0.47,0.794,-6.596,0.0768,0.458,1.22e-06,0.827,0.836,133.276
Simera,Evgenios Dermitasoglou,Radio Skouro Anihto,0.587,0.555,-10.356,0.0285,0.338,2.99e-05,0.32,0.385,130.046
Ekptosis,Evgenios Dermitasoglou,Radio Skouro Anihto,0.493,0.665,-8.146,0.0771,0.445,7.27e-05,0.103,0.568,113.351
Gialini Hara,Evgenios Dermitasoglou,Radio Skouro Anihto,0.542,0.167,-12.468,0.0365,0.882,0.0,0.109,0.312,124.203
Ine Noris Akoma,Evgenios Dermitasoglou,Radio Skouro Anihto,0.58,0.911,-5.211,0.0443,0.397,1.01e-05,0.922,0.612,90.0
To Mikro Ine Kati,Evgenios Dermitasoglou,Radio Skouro Anihto,0.349,0.367,-11.194,0.0303,0.762,0.00549,0.109,0.257,159.938
MP3 - Live,Fivos Delivorias,I Apithanes Peripeties Tou Fivou Delivoria,0.575,0.815,-8.029,0.053,0.487,3.83e-06,0.968,0.637,127.638
Afti Pou Pernai - Live,Fivos Delivorias,I Apithanes Peripeties Tou Fivou Delivoria,0.587,0.586,-8.548,0.0544,0.193,1.43e-06,0.974,0.762,130.048
I Mposa Nova Tou Isaia - Live,Fivos Delivorias,I Apithanes Peripeties Tou Fivou Delivoria,0.614,0.603,-8.691,0.0601,0.451,3.94e-05,0.934,0.668,128.154
Afou De M' Agapas - Live,Fivos Delivorias,I Apithanes Peripeties Tou Fivou Delivoria,0.473,0.524,-8.542,0.131,0.728,0.0,0.97,0.44,95.521
Volta Sto Thisio,Fivos Delivorias,I Apithanes Peripeties Tou Fivou Delivoria,0.667,0.263,-18.07,0.938,0.933,0.0,0.149,0.697,77.371
Fotis (Ena Tragoudi Gia Ton Patera Mou) - Live,Fivos Delivorias,I Apithanes Peripeties Tou Fivou Delivoria,0.398,0.522,-8.885,0.0471,0.5,0.0,0.751,0.35,96.755
O Proorismos - Live,Fivos Delivorias,I Apithanes Peripeties Tou Fivou Delivoria,0.552,0.571,-8.44,0.0363,0.379,0.000105,0.87,0.45,115.828
Kata Tin Paradosi,Fivos Delivorias,I Apithanes Peripeties Tou Fivou Delivoria,0.0,0.533,-14.081,0.0,0.821,0.0,0.702,0.0,0.0
I Gineka Tou Patokou - Live,Fivos Delivorias,I Apithanes Peripeties Tou Fivou Delivoria,0.634,0.691,-8.7,0.0514,0.43,0.0,0.713,0.698,127.321
Halia - Live,Fivos Delivorias,I Apithanes Peripeties Tou Fivou Delivoria,0.478,0.454,-8.967,0.0372,0.717,0.0,0.73,0.268,113.205
Come With Me Gia Na Tin Vris,Fivos Delivorias,I Apithanes Peripeties Tou Fivou Delivoria,0.327,0.323,-13.901,0.059,0.7,0.0,0.759,0.731,96.98
Ante Spase Re Malaka,Fivos Delivorias,I Apithanes Peripeties Tou Fivou Delivoria,0.709,0.536,-8.299,0.0628,0.101,0.000917,0.377,0.785,96.824
Ego Den Thelo Merokamato,Fivos Delivorias,I Apithanes Peripeties Tou Fivou Delivoria,0.591,0.374,-8.802,0.247,0.531,0.0,0.601,0.0,122.759
Discotech - Live,Fivos Delivorias,I Apithanes Peripeties Tou Fivou Delivoria,0.634,0.783,-7.589,0.0621,0.202,0.0,0.669,0.811,120.465
Ena Gourouni Ligotero - Live,Fivos Delivorias,I Apithanes Peripeties Tou Fivou Delivoria,0.522,0.488,-10.087,0.169,0.861,0.0,0.964,0.569,129.741
Enas Skilos Sto Kolonaki - Live,Fivos Delivorias,I Apithanes Peripeties Tou Fivou Delivoria,0.468,0.507,-12.59,0.306,0.815,5.79e-06,0.829,0.791,178.655
Ekini - Live,Fivos Delivorias,I Apithanes Peripeties Tou Fivou Delivoria,0.565,0.602,-10.175,0.0513,0.808,6.84e-05,0.691,0.423,122.4
I Pera Hora - Live,Fivos Delivorias,I Apithanes Peripeties Tou Fivou Delivoria,0.626,0.613,-9.126,0.0376,0.0183,0.000644,0.971,0.813,123.758
Na Kimitho (Apo Tin Atzenta Enos Ipallilou) - Live,Fivos Delivorias,I Apithanes Peripeties Tou Fivou Delivoria,0.496,0.533,-9.62,0.048,0.307,0.0,0.7,0.695,118.919
Hristougenna - Live,Fivos Delivorias,I Apithanes Peripeties Tou Fivou Delivoria,0.53,0.454,-10.128,0.0951,0.804,0.0,0.847,0.56,99.358
Ivreopobi - Live,Fivos Delivorias,I Apithanes Peripeties Tou Fivou Delivoria,0.537,0.478,-9.906,0.279,0.626,0.0,0.964,0.636,128.512
Ke Tou Hronou - Live,Fivos Delivorias,I Apithanes Peripeties Tou Fivou Delivoria,0.576,0.748,-8.081,0.0356,0.138,0.0,0.954,0.917,128.826
O Kathreftis - Live,Fivos Delivorias,I Apithanes Peripeties Tou Fivou Delivoria,0.61,0.399,-10.46,0.0444,0.738,0.0,0.715,0.454,116.717
Mantinada,Fivos Delivorias,I Apithanes Peripeties Tou Fivou Delivoria,0.659,0.423,-15.854,0.903,0.737,0.0,0.783,0.892,115.493
Thelo Na Se Xeperaso - Live,Fivos Delivorias,I Apithanes Peripeties Tou Fivou Delivoria,0.654,0.662,-8.597,0.18,0.145,2.95e-05,0.953,0.813,122.754
Ke Tora Pou Tha Figete - Live,Fivos Delivorias,I Apithanes Peripeties Tou Fivou Delivoria,0.692,0.642,-8.835,0.073,0.452,1.22e-06,0.701,0.627,102.161
O Glaros - Live,Fivos Delivorias,I Apithanes Peripeties Tou Fivou Delivoria,0.622,0.278,-11.102,0.0364,0.872,8.74e-06,0.195,0.612,122.485
Pou Na Ne Tetia Ora I Agapi - Live,Fivos Delivorias,I Apithanes Peripeties Tou Fivou Delivoria,0.514,0.228,-13.164,0.0456,0.916,2.46e-06,0.12,0.503,96.23
Pes Mou Pappou - Live,Fivos Delivorias,I Apithanes Peripeties Tou Fivou Delivoria,0.662,0.234,-12.275,0.0343,0.955,0.0,0.12,0.266,115.982
Stou Tourismou Tin Anohi - Live,Fivos Delivorias,I Apithanes Peripeties Tou Fivou Delivoria,0.64,0.0756,-13.737,0.037,0.791,0.0,0.308,0.51,100.713
Kathe Septemvri - Live,Fivos Delivorias,I Apithanes Peripeties Tou Fivou Delivoria,0.572,0.183,-11.873,0.0333,0.937,0.0,0.106,0.508,92.271
Ime Giftaki - Live,Fivos Delivorias,I Apithanes Peripeties Tou Fivou Delivoria,0.564,0.26,-11.311,0.0341,0.87,0.0,0.12,0.567,98.596
Pediko - Live,Fivos Delivorias,I Apithanes Peripeties Tou Fivou Delivoria,0.605,0.202,-14.979,0.0321,0.92,0.000269,0.108,0.276,106.153
Ekini,Fivos Delivorias,Halia,0.683,0.513,-10.0,0.0367,0.433,0.0,0.142,0.414,128.012
Enas Skilos Sto Kolonaki,Fivos Delivorias,Halia,0.782,0.454,-13.633,0.0601,0.0147,6.07e-05,0.0802,0.511,93.003
Halia (Invitation To The Blues),Fivos Delivorias,Halia,0.553,0.323,-14.478,0.0483,0.661,0.0,0.144,0.472,75.49
Pistos,Fivos Delivorias,Halia,0.607,0.399,-13.579,0.03,0.908,1.74e-05,0.182,0.541,139.977
Kathe Septemvri,Fivos Delivorias,Halia,0.66,0.34,-13.069,0.0303,0.398,1.02e-06,0.0726,0.541,83.933
I Gineka Tou Patokou,Fivos Delivorias,Halia,0.782,0.477,-12.023,0.0347,0.575,0.0,0.0803,0.61,119.137
Thelo Na Se Xeperaso,Fivos Delivorias,Halia,0.801,0.611,-10.566,0.0317,0.195,1.3e-05,0.113,0.948,119.965
Fotis (Ena Tragoudi Gia Ton Patera Mou),Fivos Delivorias,Halia,0.612,0.38,-12.056,0.0268,0.66,1.44e-06,0.0961,0.541,96.075
O Andras Tis Zois Mou (feat. Kaiti Garbi),Fivos Delivorias,Halia,0.757,0.534,-8.709,0.0323,0.46,0.0,0.241,0.595,128.022
An Se Haso,Fivos Delivorias,Halia,0.563,0.431,-14.255,0.0291,0.025,0.0465,0.291,0.535,107.881
O Diplopandremenos,Fivos Delivorias,Halia,0.507,0.356,-12.12,0.034,0.266,1.08e-05,0.116,0.291,91.997
Stou Kapnou Ta Dahtilidia,Fivos Delivorias,I Zoi Mono Etsi Ine Orea,0.657,0.537,-13.557,0.0367,0.183,0.000575,0.0721,0.46,98.972
I Bosa Nova Tou Isaia,Fivos Delivorias,I Zoi Mono Etsi Ine Orea,0.632,0.464,-16.297,0.044,0.589,5.91e-06,0.105,0.785,135.844
Tritidesmitisa,Fivos Delivorias,I Zoi Mono Etsi Ine Orea,0.616,0.352,-12.264,0.0298,0.556,0.0,0.0835,0.645,102.67
Topa Tokana,Fivos Delivorias,I Zoi Mono Etsi Ine Orea,0.718,0.573,-14.007,0.048,0.183,0.0,0.201,0.526,100.011
Hai Haou Ar Yiou,Fivos Delivorias,I Zoi Mono Etsi Ine Orea,0.643,0.457,-12.929,0.0407,0.524,0.0,0.143,0.732,129.978
Na Kimitho,Fivos Delivorias,I Zoi Mono Etsi Ine Orea,0.619,0.544,-13.688,0.0366,0.476,5.88e-06,0.211,0.682,125.026
Afou Den M Agapas,Fivos Delivorias,I Zoi Mono Etsi Ine Orea,0.446,0.382,-16.305,0.192,0.625,0.0,0.195,0.291,93.985
Orkos,Fivos Delivorias,I Zoi Mono Etsi Ine Orea,0.608,0.254,-12.744,0.027,0.688,1.03e-05,0.116,0.361,96.851
Patir Fivos Olomonahos,Fivos Delivorias,I Zoi Mono Etsi Ine Orea,0.576,0.419,-14.06,0.0434,0.618,0.0,0.365,0.626,129.975
Me Vlepis Sa Filo,Fivos Delivorias,I Zoi Mono Etsi Ine Orea,0.623,0.462,-12.515,0.0267,0.666,0.0,0.0988,0.532,104.895
I Kiki Kathe Vradi,Fivos Delivorias,I Zoi Mono Etsi Ine Orea,0.489,0.156,-13.344,0.0349,0.843,0.0,0.123,0.321,93.048
Tahidromos,Fivos Delivorias,I Zoi Mono Etsi Ine Orea,0.435,0.388,-17.288,0.0527,0.874,4.39e-06,0.139,0.391,153.66
To Pinelo,Fivos Delivorias,Exo,0.739,0.689,-6.33,0.0416,0.372,6.11e-06,0.103,0.821,101.033
Adiakopa,Fivos Delivorias,Exo,0.752,0.299,-8.599,0.0307,0.807,0.0,0.071,0.475,104.929
I Pera Hora,Fivos Delivorias,Exo,0.673,0.723,-7.378,0.0297,0.226,0.000822,0.167,0.766,119.991
O Proorismos,Fivos Delivorias,Exo,0.619,0.566,-8.014,0.0292,0.589,0.000223,0.106,0.54,119.995
To Souxe Tis Elsas,Fivos Delivorias,Exo,0.702,0.784,-6.016,0.0334,0.346,4.12e-06,0.0682,0.919,125.079
Lexis,Fivos Delivorias,Exo,0.455,0.487,-8.164,0.033,0.792,0.0,0.13,0.324,187.684
Ke Tou Hronou,Fivos Delivorias,Exo,0.698,0.774,-5.756,0.0304,0.483,0.0,0.213,0.948,122.053
Tsitsanis 1983 (Tin Antamosa Ena Vradi),Fivos Delivorias,Exo,0.608,0.508,-6.956,0.0293,0.46,1.2e-05,0.164,0.359,104.954
Diskografiki,Fivos Delivorias,Exo,0.634,0.596,-5.916,0.0271,0.574,0.000121,0.121,0.626,97.977
K-13,Fivos Delivorias,Exo,0.802,0.583,-6.512,0.0321,0.695,0.0,0.0777,0.953,114.991
O.K.,Fivos Delivorias,Exo,0.743,0.575,-6.515,0.0701,0.452,0.0,0.0898,0.722,118.197
To Kalokeri Tha Erthi,Fivos Delivorias,Exo,0.561,0.329,-11.346,0.0306,0.967,1.6e-05,0.129,0.442,76.296
MR3,Fivos Delivorias,O Kathreftis,0.65,0.802,-3.766,0.0293,0.337,0.000879,0.0872,0.687,120.949
Den Xero Ti Ine,Fivos Delivorias,O Kathreftis,0.478,0.515,-6.925,0.0272,0.435,2.51e-06,0.121,0.191,109.798
Treno Stin Korifogrammi (Slow Train),Fivos Delivorias,O Kathreftis,0.573,0.88,-2.462,0.0561,0.133,1.76e-06,0.245,0.558,92.972
Afti Pou Pernai,Fivos Delivorias,O Kathreftis,0.765,0.584,-6.334,0.0392,0.396,0.0,0.142,0.531,123.969
To Mellon Ap' To Parelthon,Fivos Delivorias,O Kathreftis,0.65,0.495,-7.388,0.0607,0.574,2.01e-05,0.21,0.134,84.021
Ivreopobi,Fivos Delivorias,O Kathreftis,0.746,0.603,-6.798,0.058,0.761,0.0,0.0867,0.804,121.927
I Episkepsi Tou Kesara,Fivos Delivorias,O Kathreftis,0.689,0.515,-9.983,0.0981,0.347,6.05e-06,0.0863,0.551,87.971
O Kathreftis,Fivos Delivorias,O Kathreftis,0.62,0.579,-5.48,0.0284,0.595,2.42e-05,0.0347,0.571,116.375
Christougenna,Fivos Delivorias,O Kathreftis,0.393,0.524,-6.637,0.0418,0.729,3.91e-05,0.16,0.282,93.944
I Omorfi Porta,Fivos Delivorias,O Kathreftis,0.37,0.399,-9.215,0.0349,0.903,7.47e-05,0.12,0.635,90.004
Que Bonita,Flery Dandonaki,Flery: Treli tou feggariou,0.422,0.287,-12.231,0.0338,0.983,0.00412,0.373,0.241,92.554
Ta Matoklada Sou Laboun - Live,George Dalaras,Afieroma Ston Marko Vamvakari,0.661,0.769,-4.503,0.066,0.374,0.000389,0.804,0.706,133.933
Fragosiriani - Live,George Dalaras,Afieroma Ston Marko Vamvakari,0.516,0.682,-5.335,0.066,0.34,0.0,0.979,0.601,113.508
Oli I Rebetes Tou Dounia - Live,George Dalaras,Afieroma Ston Marko Vamvakari,0.609,0.835,-4.114,0.063,0.348,2.73e-05,0.739,0.725,115.429
Siros - Live,George Dalaras,Afieroma Ston Marko Vamvakari,0.558,0.83,-4.447,0.038,0.19,0.0,0.771,0.543,88.897
Tha 'Rtho Na Se Xipniso - Live,George Dalaras,Afieroma Ston Marko Vamvakari,0.514,0.781,-4.816,0.0518,0.221,0.0,0.936,0.741,80.012
Ela Na Pame Eki Pou Les - Live,George Dalaras,Afieroma Ston Marko Vamvakari,0.544,0.782,-4.382,0.0397,0.42,0.0,0.734,0.586,95.513
Ta Ziliarika Sou Matia - Live,George Dalaras,Afieroma Ston Marko Vamvakari,0.475,0.817,-5.593,0.088,0.258,0.0,0.856,0.826,172.987
O Markos Politehnitis - Live,George Dalaras,Afieroma Ston Marko Vamvakari,0.711,0.787,-3.535,0.0395,0.503,0.0,0.758,0.712,105.804
Ta Omorfa Ta Galana Sou Matia - Live,George Dalaras,Afieroma Ston Marko Vamvakari,0.614,0.702,-4.167,0.0467,0.426,0.0,0.783,0.433,107.189
O Markos Ipourgos - Live,George Dalaras,Afieroma Ston Marko Vamvakari,0.695,0.79,-4.607,0.0344,0.314,1.65e-05,0.72,0.844,105.816
Mikros Arravoniastika - Live,George Dalaras,Afieroma Ston Marko Vamvakari,0.622,0.879,-3.34,0.0285,0.323,0.0,0.954,0.769,90.942
Skila M' Ekanes Ke Liono - Live,George Dalaras,Afieroma Ston Marko Vamvakari,0.588,0.677,-5.1,0.068,0.339,2.59e-05,0.688,0.503,121.757
Hronia Ston Perea - Live,George Dalaras,Afieroma Ston Marko Vamvakari,0.634,0.736,-4.939,0.0538,0.425,0.0,0.826,0.576,141.358
Sto Faliro Pou Plenese - Live,George Dalaras,Afieroma Ston Marko Vamvakari,0.658,0.773,-3.893,0.0321,0.539,0.0,0.822,0.705,106.881
Kathe Vradi Tha Se Perimeno - Live,George Dalaras,Afieroma Ston Marko Vamvakari,0.643,0.73,-3.594,0.0602,0.488,0.0,0.702,0.705,114.311
Na Pethanis - Live,George Dalaras,Afieroma Ston Marko Vamvakari,0.574,0.784,-5.029,0.112,0.181,0.0,0.734,0.803,97.222
Atakti - Live,George Dalaras,Afieroma Ston Marko Vamvakari,0.588,0.743,-3.4,0.0547,0.419,1.07e-06,0.693,0.469,121.395
Kaf' Tone Stavro Kaf' Tone - Live,George Dalaras,Afieroma Ston Marko Vamvakari,0.645,0.847,-3.334,0.041,0.637,0.000242,0.885,0.744,104.675
Efoumername Ena Vradi - Live,George Dalaras,Afieroma Ston Marko Vamvakari,0.699,0.748,-4.472,0.0662,0.393,0.0,0.687,0.794,120.236
Bouzouki Mou Diplohordo - Live,George Dalaras,Afieroma Ston Marko Vamvakari,0.433,0.861,-3.729,0.172,0.274,0.0,0.707,0.754,205.672
O Kalogiros - Live,George Dalaras,Afieroma Ston Marko Vamvakari,0.55,0.689,-3.797,0.044,0.371,0.0,0.888,0.6,102.175
Alexandriani - Live,George Dalaras,Afieroma Ston Marko Vamvakari,0.522,0.907,-3.194,0.0442,0.418,0.0,0.879,0.817,123.988
Rixe Tsiggana Ta Hartia - Live,George Dalaras,Afieroma Ston Marko Vamvakari,0.561,0.695,-5.185,0.059,0.321,0.0,0.79,0.612,88.483
To Bouzouki Sto Parisi - Live,George Dalaras,Afieroma Ston Marko Vamvakari,0.541,0.789,-4.596,0.103,0.214,2.2e-05,0.86,0.759,168.475
Ta Karavotsakismata - Live,George Dalaras,Afieroma Ston Marko Vamvakari,0.602,0.819,-3.436,0.0505,0.4,0.0,0.668,0.517,120.923
Osi Ehoune Polla Lefta - Live,George Dalaras,Afieroma Ston Marko Vamvakari,0.581,0.848,-3.286,0.0306,0.338,9.81e-06,0.777,0.758,105.534
An M' Axiosi O Theos - Live,George Dalaras,Afieroma Ston Marko Vamvakari,0.757,0.697,-4.232,0.0498,0.31,2.55e-05,0.759,0.555,111.105
Adilaloun I Filakes - Live,George Dalaras,Afieroma Ston Marko Vamvakari,0.417,0.897,-4.78,0.209,0.289,7.88e-06,0.78,0.754,175.046
Glikoharazoun Ta Vouna (Ta Vlepo Skotina) - Remastered 2003,George Dalaras,50 Hronia Rebetiko Tragoudi,0.635,0.604,-5.15,0.0276,0.611,0.0,0.309,0.675,133.33
Ti Sou Lei I Mana Sou Gia Mena - Remastered 2003,George Dalaras,50 Hronia Rebetiko Tragoudi,0.701,0.589,-4.248,0.0321,0.547,0.0,0.0761,0.847,146.829
Tou Votanikou O Magas - Remastered 2003,George Dalaras,50 Hronia Rebetiko Tragoudi,0.737,0.788,-3.287,0.0294,0.624,2.59e-06,0.12,0.903,148.805
Tha Kano Dou Vre Poniri - Remastered 2003,George Dalaras,50 Hronia Rebetiko Tragoudi,0.476,0.551,-6.211,0.0324,0.467,1.98e-05,0.144,0.502,60.05
Oli I Rebetes Tou Dounia - Remastered 2003,George Dalaras,50 Hronia Rebetiko Tragoudi,0.706,0.567,-4.689,0.0281,0.498,1.13e-05,0.141,0.671,106.212
To Gramma - Remastered 2003,George Dalaras,50 Hronia Rebetiko Tragoudi,0.494,0.669,-5.954,0.0323,0.53,4.47e-06,0.39,0.708,110.824
Gia Tin Aponia Sou - Remastered 2003,George Dalaras,50 Hronia Rebetiko Tragoudi,0.666,0.526,-4.227,0.0421,0.55,0.0,0.131,0.598,146.683
To Hrima Den To Logariazo - Remastered 2003,George Dalaras,50 Hronia Rebetiko Tragoudi,0.658,0.527,-4.198,0.0309,0.478,0.0,0.0538,0.736,93.268
Enas Alitis Pethane - Remastered 2003,George Dalaras,50 Hronia Rebetiko Tragoudi,0.728,0.598,-4.157,0.0337,0.534,3.09e-06,0.0591,0.678,120.201
Alla Mou Len Ta Matia Sou - Remastered 2003,George Dalaras,50 Hronia Rebetiko Tragoudi,0.716,0.669,-4.784,0.029,0.529,4.41e-06,0.174,0.816,82.164
Irth' O Himonas - Remastered 2003,George Dalaras,50 Hronia Rebetiko Tragoudi,0.71,0.475,-8.482,0.0347,0.741,0.0,0.234,0.866,75.279
O Manolis - Remastered 2003,George Dalaras,50 Hronia Rebetiko Tragoudi,0.529,0.41,-5.517,0.0307,0.862,0.0,0.0734,0.634,79.941
Varvakio - Remastered 2003,George Dalaras,50 Hronia Rebetiko Tragoudi,0.749,0.557,-4.113,0.0321,0.376,0.0,0.111,0.667,106.219
Giovan Tsaous - Remastered 2003,George Dalaras,50 Hronia Rebetiko Tragoudi,0.657,0.496,-5.534,0.0478,0.582,3.37e-05,0.0967,0.622,77.751
Omorfi Pireotissa - Remastered 2003,George Dalaras,50 Hronia Rebetiko Tragoudi,0.631,0.555,-3.734,0.0293,0.724,0.0,0.0528,0.693,142.354
Paraponiariko - Remastered 2003,George Dalaras,50 Hronia Rebetiko Tragoudi,0.691,0.618,-4.411,0.0329,0.666,2.34e-05,0.0614,0.582,122.554
Peftis Se Lathi - Remastered 2003,George Dalaras,50 Hronia Rebetiko Tragoudi,0.617,0.583,-4.598,0.0308,0.428,0.0,0.085,0.841,150.914
O Kavouras - Remastered 2003,George Dalaras,50 Hronia Rebetiko Tragoudi,0.663,0.538,-4.53,0.0301,0.558,2.54e-06,0.214,0.667,117.572
O Pikinos - Remastered 2003,George Dalaras,50 Hronia Rebetiko Tragoudi,0.549,0.421,-4.235,0.0327,0.621,0.0,0.1,0.459,122.536
Oti Ki An Po Den Se Xehno - Live,George Dalaras,"O,ti Ki An Po Den Se Xehno",0.347,0.674,-5.375,0.0921,0.442,0.0,0.457,0.575,82.399
Kathe Vradi Pada Lipimeni - Live,George Dalaras,"O,ti Ki An Po Den Se Xehno",0.491,0.821,-5.142,0.137,0.274,1.01e-06,0.93,0.6,157.075
Peftoun Tis Vrohis I Stales - Live,George Dalaras,"O,ti Ki An Po Den Se Xehno",0.544,0.667,-6.453,0.0387,0.287,7.98e-05,0.448,0.559,129.173
Glikoharazoun Ta Vouna - Live,George Dalaras,"O,ti Ki An Po Den Se Xehno",0.493,0.735,-5.835,0.0372,0.432,3.39e-05,0.901,0.587,135.899
"Ti Simera, Ti Avrio, Ti Tora - Live",George Dalaras,"O,ti Ki An Po Den Se Xehno",0.527,0.694,-5.278,0.0546,0.538,0.0,0.679,0.478,86.415
Tha Kano Dou Vre Poniri - Live,George Dalaras,"O,ti Ki An Po Den Se Xehno",0.613,0.731,-5.668,0.0365,0.309,2.36e-05,0.691,0.502,129.332
Pira Ti Strata Ki Erhome - Live,George Dalaras,"O,ti Ki An Po Den Se Xehno",0.536,0.766,-5.347,0.0383,0.558,3.97e-06,0.871,0.651,132.544
Peftis Se Lathi - Live,George Dalaras,"O,ti Ki An Po Den Se Xehno",0.379,0.754,-5.742,0.0447,0.34,0.0,0.21,0.74,173.184
Giati Me Xipnises Proi - Live,George Dalaras,"O,ti Ki An Po Den Se Xehno",0.413,0.775,-5.049,0.0437,0.35,0.0,0.763,0.491,141.807
Ti Se Meli Esena Ki An Girno - Live,George Dalaras,"O,ti Ki An Po Den Se Xehno",0.355,0.862,-4.361,0.145,0.355,0.0,0.728,0.571,199.734
Fadazes San Priggipessa - Live,George Dalaras,"O,ti Ki An Po Den Se Xehno",0.52,0.721,-5.268,0.0325,0.392,0.000348,0.136,0.519,94.127
Varka Gialo - Live,George Dalaras,"O,ti Ki An Po Den Se Xehno",0.425,0.735,-4.566,0.0505,0.256,0.0,0.896,0.79,183.393
Paliose To Sakaki Mou - Live,George Dalaras,"O,ti Ki An Po Den Se Xehno",0.58,0.787,-4.702,0.0436,0.328,1.48e-05,0.573,0.473,74.25
Akrogialies Dilina - Live,George Dalaras,"O,ti Ki An Po Den Se Xehno",0.417,0.7,-6.137,0.0376,0.315,0.0,0.61,0.491,122.92
I Zimia - Live,George Dalaras,"O,ti Ki An Po Den Se Xehno",0.564,0.743,-4.588,0.0338,0.392,1.07e-06,0.739,0.667,135.401
Ela Opos Ise - Live,George Dalaras,"O,ti Ki An Po Den Se Xehno",0.564,0.693,-4.014,0.03,0.489,0.0,0.363,0.633,138.188
Zaira - Live,George Dalaras,"O,ti Ki An Po Den Se Xehno",0.488,0.519,-6.261,0.0383,0.642,0.0,0.721,0.646,118.335
I Serah - Live,George Dalaras,"O,ti Ki An Po Den Se Xehno",0.395,0.63,-6.257,0.0368,0.0733,1.89e-05,0.678,0.443,122.007
Gennithika Gia Na Pono - Live,George Dalaras,"O,ti Ki An Po Den Se Xehno",0.537,0.666,-6.177,0.0339,0.521,6e-06,0.635,0.432,120.324
I Magissa Tis Arapias - Live,George Dalaras,"O,ti Ki An Po Den Se Xehno",0.477,0.742,-5.05,0.0413,0.143,0.0,0.361,0.601,88.016
Nihtes Magikes (Arapines) - Live,George Dalaras,"O,ti Ki An Po Den Se Xehno",0.416,0.737,-5.438,0.0528,0.0223,8.49e-06,0.323,0.465,126.826
Baxe Tsifliki - Live,George Dalaras,"O,ti Ki An Po Den Se Xehno",0.542,0.865,-5.161,0.0441,0.37,5.3e-05,0.485,0.724,98.68
I Arhodissa - Live,George Dalaras,"O,ti Ki An Po Den Se Xehno",0.499,0.777,-4.537,0.0571,0.273,2.04e-06,0.945,0.467,91.606
Ta Kavourakia - Live,George Dalaras,"O,ti Ki An Po Den Se Xehno",0.561,0.773,-6.703,0.03,0.252,1.74e-06,0.451,0.759,130.641
Otan Sta Kedra Se Pigeno - Live,George Dalaras,"O,ti Ki An Po Den Se Xehno",0.503,0.649,-5.177,0.0366,0.421,0.0,0.377,0.713,90.441
Serse La Fam - Live,George Dalaras,"O,ti Ki An Po Den Se Xehno",0.566,0.631,-5.844,0.0352,0.474,0.0,0.855,0.741,91.577
Horisame Ena Dilino - Live,George Dalaras,"O,ti Ki An Po Den Se Xehno",0.451,0.735,-5.396,0.0341,0.296,1.52e-05,0.138,0.672,147.575
Imaste Alania - Live,George Dalaras,"O,ti Ki An Po Den Se Xehno",0.396,0.907,-4.485,0.0859,0.18,0.0,0.585,0.74,202.154
Otan Simvi Sta Perix - Live,George Dalaras,"O,ti Ki An Po Den Se Xehno",0.623,0.74,-4.33,0.0477,0.411,6.2e-06,0.69,0.714,126.753
To Skalopati Sou - Live,George Dalaras,"O,ti Ki An Po Den Se Xehno",0.345,0.669,-5.638,0.0523,0.523,0.0,0.651,0.472,90.389
Mes Tin Poli Skotoura Mou - Live,George Dalaras,"O,ti Ki An Po Den Se Xehno",0.572,0.651,-5.812,0.031,0.369,0.000936,0.875,0.388,128.084
Adilaloune Ta Vouna - Live,George Dalaras,"O,ti Ki An Po Den Se Xehno",0.444,0.595,-5.501,0.0485,0.101,8.24e-06,0.691,0.34,114.235
Ta Xena Heria - Live,George Dalaras,"O,ti Ki An Po Den Se Xehno",0.329,0.5,-5.554,0.0344,0.524,0.0,0.967,0.324,196.968
Argosvinis Moni - Live,George Dalaras,"O,ti Ki An Po Den Se Xehno",0.354,0.601,-5.858,0.0338,0.181,0.0,0.589,0.519,120.831
Kane Ligaki Ipomoni (Min Apelpizese) - Live,George Dalaras,"O,ti Ki An Po Den Se Xehno",0.449,0.621,-6.776,0.031,0.242,0.0,0.649,0.483,127.14
Ta Limania - Live,George Dalaras,"O,ti Ki An Po Den Se Xehno",0.376,0.715,-5.603,0.0588,0.286,0.0,0.914,0.635,174.127
Me Paresire To Rema - Live,George Dalaras,"O,ti Ki An Po Den Se Xehno",0.535,0.631,-5.661,0.0326,0.233,0.0,0.644,0.628,158.302
To 'Xera Pos Tha Mou Figis - Live,George Dalaras,"O,ti Ki An Po Den Se Xehno",0.372,0.719,-5.373,0.0468,0.0889,0.0,0.962,0.466,172.8
Aspro Poukamiso - Live,George Dalaras,"O,ti Ki An Po Den Se Xehno",0.546,0.661,-5.161,0.0327,0.418,9.13e-05,0.937,0.456,113.115
Sto Tounezi Stin Barbaria / Kaiki Mou Ai Nikola - Live,George Dalaras,"O,ti Ki An Po Den Se Xehno",0.505,0.817,-4.944,0.0342,0.195,0.0,0.73,0.791,93.309
Ximeroni Ke Vradiazi - Live,George Dalaras,"O,ti Ki An Po Den Se Xehno",0.433,0.942,-5.055,0.0926,0.204,0.0,0.96,0.612,111.306
I Aharisti - Live,George Dalaras,"O,ti Ki An Po Den Se Xehno",0.352,0.751,-7.84,0.0921,0.274,1.76e-06,0.714,0.394,79.242
Sinnefiasmeni Kiriaki - Live,George Dalaras,"O,ti Ki An Po Den Se Xehno",0.454,0.691,-8.526,0.0538,0.175,0.0,0.801,0.532,130.64
I Kabanes Tis Agias Sofias - Remastered 2004,George Dalaras,Mikra Asia,0.484,0.438,-5.811,0.0309,0.661,0.0,0.205,0.544,129.341
Mes' Tou Vosporou Ta Stena - Remastered 2004,George Dalaras,Mikra Asia,0.371,0.554,-5.378,0.0317,0.693,0.0,0.249,0.711,165.697
Dio Palikaria Ap' T' Aivali - Remastered 2004,George Dalaras,Mikra Asia,0.768,0.525,-5.318,0.0312,0.711,0.0,0.148,0.894,120.463
I Prosfigia - Remastered 2004,George Dalaras,Mikra Asia,0.298,0.488,-4.988,0.0325,0.574,0.0,0.128,0.424,153.457
I Smirni - Remastered 2004,George Dalaras,Mikra Asia,0.287,0.361,-7.984,0.0319,0.824,0.0,0.114,0.252,95.485
Petra-Petra Htisame - Remastered 2004,George Dalaras,Mikra Asia,0.637,0.475,-6.983,0.0327,0.587,0.0,0.0676,0.651,102.5
Giorti Zeibekidon - Remastered 2004,George Dalaras,Mikra Asia,0.511,0.719,-7.014,0.0408,0.883,0.00219,0.141,0.69,176.157
To Spiti Mou To Patriko - Remastered 2004,George Dalaras,Mikra Asia,0.544,0.524,-3.612,0.0289,0.762,0.0,0.144,0.639,136.486
Pire Fotia To Kordelio - Remastered 2004,George Dalaras,Mikra Asia,0.72,0.463,-6.588,0.0323,0.836,0.0,0.279,0.769,111.692
Ti Na Thimitho Ti Na Xehaso - Remastered 2004,George Dalaras,Mikra Asia,0.698,0.53,-6.438,0.04,0.608,2.65e-06,0.0918,0.63,122.477
O Marmaromenos Vasilias - Remastered 2004,George Dalaras,Mikra Asia,0.733,0.419,-6.814,0.0349,0.799,0.0,0.208,0.866,116.576
Agria Ton Astron Mousiki,Giannis Aggelakas,Apo 'Do Kai Pano,0.589,0.415,-10.329,0.032,0.344,1.94e-05,0.104,0.417,139.97
Siga Min Klapso,Giannis Aggelakas,Apo 'Do Kai Pano,0.485,0.638,-9.636,0.0301,0.00489,0.00757,0.0545,0.638,154.44
Paroimies Apo Ton Krono,Giannis Aggelakas,Apo 'Do Kai Pano,0.527,0.706,-14.023,0.0658,0.816,0.508,0.282,0.39,141.688
Mesa Mou O Aeras Pou Fysa,Giannis Aggelakas,Apo 'Do Kai Pano,0.495,0.687,-9.661,0.045,0.00622,0.0796,0.0899,0.474,142.987
Episkeptes,Giannis Aggelakas,Apo 'Do Kai Pano,0.769,0.301,-11.128,0.344,0.501,0.0145,0.252,0.698,142.183
I Agapi Ormaei Mprosta,Giannis Aggelakas,Apo 'Do Kai Pano,0.666,0.506,-9.813,0.0309,0.0317,0.212,0.0716,0.505,90.622
Airetiko,Giannis Aggelakas,Apo 'Do Kai Pano,0.625,0.641,-9.9,0.0677,0.0659,0.0112,0.168,0.268,84.026
Kala Pou Egina Spoudaios Kai Tranos,Giannis Aggelakas,Apo 'Do Kai Pano,0.677,0.504,-10.491,0.0633,0.294,0.0492,0.12,0.961,220.358
Paei,Giannis Aggelakas,Apo 'Do Kai Pano,0.611,0.52,-10.584,0.0315,0.103,0.216,0.284,0.393,133.326
Apo 'Do Kai Pano,Giannis Aggelakas,Apo 'Do Kai Pano,0.589,0.659,-7.863,0.142,0.0189,0.0112,0.193,0.65,93.808
O! Despoinis Mou Outopia,Giannis Aggelakas,Apo 'Do Kai Pano,0.319,0.102,-14.658,0.0335,0.967,4.59e-05,0.497,0.113,75.272
Mesa Mou O Aeras Pou Fysa - Apo Tin Kriti,Giannis Aggelakas,Apo 'Do Kai Pano,0.236,0.647,-9.846,0.0322,0.321,0.000126,0.097,0.853,150.713
Siga Min Klapso - Dub Mix,Giannis Aggelakas,Apo 'Do Kai Pano,0.702,0.648,-9.931,0.0575,0.0369,0.585,0.0567,0.552,154.397
Mimis,Giannis Aggelakas,Apo 'Do Kai Pano,0.429,0.0895,-22.505,0.0691,0.946,0.0,0.366,0.234,109.154
I Agapi Ormaei Mprosta - Dance Mix,Giannis Aggelakas,Apo 'Do Kai Pano,0.635,0.886,-10.331,0.0702,0.00055,0.789,0.138,0.347,110.016
Paidiki Hara,Giannis Aggelakas,Apo 'Do Kai Pano,0.54,0.11,-24.788,0.574,0.915,0.0,0.185,0.343,100.608
Agria Ton Astron Mousiki - Star Noise Mix,Giannis Aggelakas,Apo 'Do Kai Pano,0.5,0.561,-13.473,0.0514,0.717,0.889,0.111,0.279,140.038
"Kritiki Kouzina, Pt. 1",Giannis Aggelakas,Apo 'Do Kai Pano,0.847,0.434,-20.747,0.179,0.126,0.51,0.0906,0.836,124.597
Mesa Mou O Aeras Pou Fysa - Techno Mix,Giannis Aggelakas,Apo 'Do Kai Pano,0.412,0.717,-12.317,0.0703,0.0157,0.585,0.259,0.174,142.977
O Naftis Me To Katsavidi,Giannis Aggelakas,Apo 'Do Kai Pano,0.504,0.237,-17.075,0.0697,0.78,0.235,0.265,0.337,186.038
Apo 'Do Kai Pano - Duble Mix,Giannis Aggelakas,Apo 'Do Kai Pano,0.575,0.704,-11.979,0.0396,0.00104,0.913,0.105,0.6,93.983
"Kritiki Kouzina, Pt. 2",Giannis Aggelakas,Apo 'Do Kai Pano,0.67,0.344,-18.2,0.0404,0.755,0.91,0.278,0.745,120.092
Paei - Π Mix,Giannis Aggelakas,Apo 'Do Kai Pano,0.451,0.21,-12.622,0.078,0.0619,0.395,0.6,0.9,108.734
'Ena Giro To Feggari,Giannis Haroulis,Himonanthos,0.507,0.448,-9.191,0.0348,0.885,0.00125,0.102,0.565,145.996
Stis Haravges Xehnieme,Giannis Haroulis,Himonanthos,0.517,0.458,-7.953,0.0265,0.824,0.0,0.125,0.438,125.912
Sinnefa Tou Gialou,Giannis Haroulis,Himonanthos,0.564,0.689,-8.167,0.0344,0.264,0.000873,0.301,0.305,146.074
Disi Ke Anatoli,Giannis Haroulis,Himonanthos,0.72,0.73,-6.286,0.292,0.717,0.0,0.186,0.674,180.158
San Ta Rologia,Giannis Haroulis,Himonanthos,0.576,0.353,-8.74,0.0317,0.852,0.0,0.194,0.233,119.72
Himonanthos,Giannis Haroulis,Himonanthos,0.612,0.389,-9.937,0.0402,0.708,0.0,0.13,0.274,100.003
Ti Simveni Edo?,Giannis Haroulis,Himonanthos,0.723,0.547,-8.85,0.026,0.66,0.00835,0.0996,0.274,109.999
To Oniro Tou Polemisti,Giannis Haroulis,Himonanthos,0.385,0.102,-11.467,0.0393,0.922,0.0,0.106,0.337,171.592
Vrehi,Giannis Haroulis,Himonanthos,0.629,0.584,-6.143,0.0319,0.676,2.27e-06,0.0887,0.664,180.152
Tou Proinou,Giannis Haroulis,Himonanthos,0.573,0.605,-8.452,0.0293,0.232,0.0126,0.429,0.263,119.936
Voskaroudaki Amoustako,Giannis Haroulis,Himonanthos,0.42,0.612,-5.667,0.0348,0.753,0.000736,0.272,0.678,97.116
Ekatofilla,Giannis Haroulis,Himonanthos,0.593,0.566,-6.718,0.0256,0.288,0.0,0.441,0.256,109.97
Haramofais - Remastered,Giannis Miliokas,Enas Se Dio (Remastered),0.62,0.42,-7.706,0.0272,0.592,0.0,0.317,0.418,95.933
Vamos Alania - Remastered,Giannis Miliokas,Enas Se Dio (Remastered),0.745,0.593,-8.544,0.0476,0.353,0.0,0.695,0.531,119.979
Kata Ioannin M. - Remastered,Giannis Miliokas,Enas Se Dio (Remastered),0.646,0.429,-7.357,0.218,0.822,0.0,0.181,0.568,115.037
Greco Maskara - Remastered,Giannis Miliokas,Enas Se Dio (Remastered),0.62,0.708,-6.801,0.0277,0.256,0.0,0.829,0.675,93.159
Gia To Kalo Mou - Remastered,Giannis Miliokas,Enas Se Dio (Remastered),0.439,0.531,-6.929,0.063,0.727,2.04e-05,0.114,0.25,95.962
O Giatros - Remastered,Giannis Miliokas,Enas Se Dio (Remastered),0.62,0.859,-5.463,0.0402,0.401,9.7e-05,0.202,0.592,88.121
Na Dis Pou Kapote Tha Mas Poune Ke Malakes - Remastered,Giannis Miliokas,Enas Se Dio (Remastered),0.839,0.768,-5.492,0.034,0.56,0.0,0.107,0.971,141.71
Ximerose - Remastered,Giannis Miliokas,Enas Se Dio (Remastered),0.727,0.905,-7.387,0.0571,0.0842,1.49e-06,0.0793,0.582,120.098
Liges Minane - Remastered,Giannis Miliokas,Enas Se Dio (Remastered),0.301,0.353,-8.118,0.0273,0.613,0.0,0.19,0.3,96.973
Faltsi Kadada - Remastered,Giannis Miliokas,Enas Se Dio (Remastered),0.447,0.378,-8.526,0.0361,0.484,1.61e-06,0.317,0.358,125.901
Ime 12 Hrono - Remastered,Giannis Miliokas,Enas Se Dio (Remastered),0.727,0.769,-6.589,0.0376,0.483,0.0,0.157,0.669,88.505
Kakosalesi (Speedy Gonzales) - Remastered,Giannis Miliokas,Enas Se Dio (Remastered),0.621,0.945,-4.569,0.113,0.203,0.000265,0.225,0.501,170.02
Nanourisma Tou 2000 - Remastered,Giannis Miliokas,Enas Se Dio (Remastered),0.324,0.263,-11.221,0.0286,0.718,0.00014,0.0589,0.169,136.299
Pimenikon Rock - Remastered,Giannis Miliokas,Enas Se Dio (Remastered),0.786,0.873,-5.521,0.129,0.375,0.0,0.0385,0.758,102.435
Ime Kalo Pedi - Remastered,Giannis Miliokas,Enas Se Dio (Remastered),0.472,0.684,-5.161,0.068,0.0871,1.66e-05,0.162,0.116,68.465
Thelo Na Petaxo - Remastered,Giannis Miliokas,Enas Se Dio (Remastered),0.519,0.664,-9.667,0.0244,0.0546,0.00113,0.331,0.555,105.007
Korifei - Remastered,Giannis Miliokas,Enas Se Dio (Remastered),0.72,0.728,-6.561,0.0246,0.0362,0.0,0.11,0.84,110.043
Gia Mena - Remastered,Giannis Miliokas,Enas Se Dio (Remastered),0.706,0.606,-10.209,0.0319,0.275,0.00601,0.305,0.799,135.139
Gia Tin Agapi - Remastered,Giannis Miliokas,Enas Se Dio (Remastered),0.299,0.445,-8.306,0.0334,0.0911,0.00104,0.111,0.261,86.148
D.E.I. - Remastered,Giannis Miliokas,Enas Se Dio (Remastered),0.459,0.587,-6.311,0.0282,0.137,0.0,0.36,0.483,154.459
Roz - Remastered,Giannis Miliokas,Enas Se Dio (Remastered),0.621,0.665,-7.556,0.0283,0.62,1.93e-06,0.352,0.667,131.916
Baba Min Trehis - Remastered,Giannis Miliokas,Enas Se Dio (Remastered),0.627,0.66,-6.834,0.0288,0.355,0.000229,0.181,0.828,125.055
Pali Piomenos Ke Monos - Remastered,Giannis Miliokas,Enas Se Dio (Remastered),0.329,0.275,-12.19,0.0286,0.675,0.000401,0.169,0.243,148.14
Psihremia Gianni - Remastered,Giannis Miliokas,Enas Se Dio (Remastered),0.485,0.326,-12.219,0.0282,0.439,1.53e-05,0.194,0.252,96.575
To Dis Examartin - Remastered,Giannis Miliokas,Enas Se Dio (Remastered),0.703,0.843,-6.118,0.0508,0.0659,2.37e-05,0.119,0.824,108.63
Arketa Eroteftika - Remastered,Giannis Miliokas,Enas Se Dio (Remastered),0.696,0.676,-7.128,0.0445,0.35,1.34e-06,0.44,0.643,136.097
Kapou Tha Sinadithoume - Remastered,Giannis Miliokas,Enas Se Dio (Remastered),0.696,0.789,-5.726,0.028,0.341,0.0,0.276,0.937,137.898
Volta S' Ena Papoutsi - Remastered,Giannis Miliokas,Enas Se Dio (Remastered),0.539,0.727,-5.243,0.0322,0.338,0.0,0.388,0.789,99.18
Thelo Na Pio - Remastered,Giannis Miliokas,Enas Se Dio (Remastered),0.8,0.523,-11.566,0.0312,0.497,0.433,0.144,0.927,136.92
Pikramena Pedia - Remastered,Giannis Miliokas,Enas Se Dio (Remastered),0.676,0.704,-6.188,0.0262,0.321,0.00145,0.341,0.357,117.04
Ena Tilefonima - Remastered,Giannis Miliokas,Enas Se Dio (Remastered),0.27,0.577,-8.075,0.0428,0.117,0.00188,0.0884,0.247,171.557
Hello Baby - Remastered,Giannis Miliokas,Enas Se Dio (Remastered),0.769,0.864,-8.817,0.0653,0.0166,0.000733,0.0963,0.695,106.983
Anorgasmikia - Remastered,Giannis Miliokas,Enas Se Dio (Remastered),0.57,0.883,-6.238,0.0817,0.346,3.25e-06,0.328,0.798,188.119
Abra Katabra - Remastered,Giannis Miliokas,Enas Se Dio (Remastered),0.663,0.828,-6.604,0.0597,0.0753,8.45e-06,0.112,0.65,143.915
Thessaloniki - Remastered,Giannis Miliokas,Enas Se Dio (Remastered),0.368,0.69,-7.045,0.048,0.536,6.8e-05,0.0895,0.48,91.723
Zito Signomi - Remastered,Giannis Miliokas,Enas Se Dio (Remastered),0.518,0.27,-11.335,0.114,0.874,2.2e-05,0.109,0.171,129.296
Gia To Kalo Mou,Giannis Miliokas,Gia To Kalo Mou,0.462,0.381,-12.019,0.0613,0.422,0.00249,0.0319,0.202,100.057
Taktopiimeni,Giannis Miliokas,Gia To Kalo Mou,0.516,0.606,-11.957,0.149,0.044,0.0071,0.114,0.494,81.844
Kakosalesi (Speedy Gonzales),Giannis Miliokas,Gia To Kalo Mou,0.63,0.813,-10.88,0.114,0.0816,0.00434,0.136,0.406,170.014
Allou Tros,Giannis Miliokas,Gia To Kalo Mou,0.679,0.76,-10.546,0.127,0.0324,0.00155,0.0819,0.759,113.634
Ke Tora Ti Na Kano,Giannis Miliokas,Gia To Kalo Mou,0.503,0.414,-12.147,0.0312,0.319,0.000161,0.214,0.449,143.665
Di' Efhon,Giannis Miliokas,Gia To Kalo Mou,0.408,0.624,-10.928,0.0478,0.177,0.0,0.196,0.603,83.567
Thessaloniki,Giannis Miliokas,Gia To Kalo Mou,0.452,0.484,-13.048,0.0413,0.216,0.000381,0.126,0.492,94.231
I Gioula Ke I Alli,Giannis Miliokas,Gia To Kalo Mou,0.59,0.685,-12.411,0.0579,0.0966,0.000473,0.0854,0.559,126.109
O Gios Mou,Giannis Miliokas,Gia To Kalo Mou,0.465,0.493,-14.06,0.0491,0.341,0.0022,0.108,0.174,104.603
Erotefthika,Giannis Miliokas,Ke Alla Polla Ebrime,0.611,0.752,-8.513,0.112,0.721,0.0,0.44,0.92,116.528
Roz,Giannis Miliokas,Ke Alla Polla Ebrime,0.618,0.573,-10.302,0.0301,0.754,8.96e-06,0.321,0.679,131.916
Re Ti Eho Pathi Mazi Sou,Giannis Miliokas,Ke Alla Polla Ebrime,0.653,0.505,-9.633,0.0264,0.711,0.0,0.314,0.794,94.082
Den Thartho Xana,Giannis Miliokas,Ke Alla Polla Ebrime,0.343,0.394,-10.76,0.0351,0.768,1.28e-06,0.056,0.439,79.361
Imoun Diaolou Gios,Giannis Miliokas,Ke Alla Polla Ebrime,0.719,0.619,-12.951,0.0398,0.535,4.97e-05,0.358,0.829,112.636
Na Dis Pou Kapote Tha Mas Poune Ke Malakes,Giannis Miliokas,Ke Alla Polla Ebrime,0.837,0.596,-9.948,0.035,0.665,0.0,0.0767,0.969,141.507
Shedia,Giannis Miliokas,Ke Alla Polla Ebrime,0.414,0.27,-12.326,0.027,0.694,4.21e-06,0.0524,0.177,84.214
Po Po Ti Pathame,Giannis Miliokas,Ke Alla Polla Ebrime,0.64,0.813,-7.382,0.0419,0.462,8.64e-06,0.122,0.944,144.462
Giati Iparho,Giannis Miliokas,Ke Alla Polla Ebrime,0.424,0.937,-6.512,0.127,0.316,0.0,0.0641,0.79,168.751
Pali Piomenos Ke Monos,Giannis Miliokas,Ke Alla Polla Ebrime,0.399,0.206,-14.756,0.0301,0.743,0.00052,0.163,0.278,74.461
Psihremia Gianni,Giannis Miliokas,Hello Baby,0.468,0.219,-16.347,0.0316,0.444,2.62e-05,0.132,0.252,96.519
Thelo Na Pio,Giannis Miliokas,Hello Baby,0.806,0.382,-16.889,0.032,0.553,0.685,0.118,0.962,136.672
Mou Spas Ta Nevra,Giannis Miliokas,Hello Baby,0.509,0.612,-11.482,0.101,0.0929,0.000199,0.109,0.866,204.273
Hello Baby,Giannis Miliokas,Hello Baby,0.768,0.694,-14.258,0.0543,0.0218,0.00287,0.0814,0.779,106.734
Se Thelo,Giannis Miliokas,Hello Baby,0.543,0.18,-16.321,0.0355,0.641,0.00145,0.0821,0.149,129.598
Arketa Eroteftika,Giannis Miliokas,Hello Baby,0.695,0.493,-12.963,0.0411,0.374,2.87e-06,0.144,0.765,135.983
Ego O Arhigos,Giannis Miliokas,Hello Baby,0.693,0.56,-11.932,0.044,0.213,0.0,0.0653,0.858,154.165
Se Goustaro Se Goustaro,Giannis Miliokas,Hello Baby,0.666,0.537,-11.675,0.0387,0.21,0.0,0.0806,0.87,152.815
Anorgasmikia - Explicit;,Giannis Miliokas,Hello Baby,0.572,0.757,-11.624,0.0621,0.289,3.35e-06,0.0985,0.869,187.744
Mages Doste Vasi,Giannis Miliokas,Hello Baby,0.794,0.522,-12.364,0.0327,0.168,0.0,0.0409,0.849,122.73
An Se Iha Ego Gineka,Giannis Miliokas,Hello Baby,0.503,0.569,-11.764,0.0556,0.126,0.0,0.268,0.429,153.859
Akouse Ligo To Gianni,Giannis Miliokas,Akouse Ligo To Gianni,0.684,0.589,-11.268,0.0399,0.252,7.96e-05,0.0584,0.578,130.814
Ena Tilefonima,Giannis Miliokas,Akouse Ligo To Gianni,0.254,0.463,-11.578,0.0438,0.0443,0.022,0.0959,0.219,85.377
To Dis Examartin,Giannis Miliokas,Akouse Ligo To Gianni,0.699,0.76,-8.611,0.0437,0.0341,3.98e-05,0.0975,0.893,108.398
Ekana Ke Ego Pos Zousa,Giannis Miliokas,Akouse Ligo To Gianni,0.629,0.587,-11.712,0.0348,0.45,0.12,0.0509,0.848,81.753
Pedi Romantiko,Giannis Miliokas,Akouse Ligo To Gianni,0.697,0.736,-9.608,0.0622,0.167,0.00192,0.0445,0.807,126.831
Ximerose,Giannis Miliokas,Akouse Ligo To Gianni,0.723,0.786,-10.536,0.049,0.0355,5.22e-06,0.0446,0.508,119.951
Zito Signomi,Giannis Miliokas,Akouse Ligo To Gianni,0.527,0.248,-12.57,0.214,0.863,2.19e-06,0.105,0.186,82.406
Ime 12 Hrono,Giannis Miliokas,Akouse Ligo To Gianni,0.732,0.672,-9.377,0.0372,0.299,0.0,0.13,0.668,88.418
Fige,Giannis Miliokas,Akouse Ligo To Gianni,0.722,0.794,-9.476,0.0448,0.0186,0.0,0.0926,0.898,122.709
Faltsi Kantada,Giannis Miliokas,Akouse Ligo To Gianni,0.436,0.311,-11.241,0.0364,0.594,0.0,0.342,0.377,130.632
Pervolaria,Giannis Parios,Ta Nisiotika,0.451,0.399,-14.315,0.041,0.552,0.0,0.31,0.721,118.451
Thalassa,Giannis Parios,Ta Nisiotika,0.473,0.247,-18.676,0.0421,0.727,0.0,0.123,0.366,94.642
Kale Si Panagia Mou,Giannis Parios,Ta Nisiotika,0.488,0.414,-15.271,0.0372,0.331,0.0001,0.342,0.524,93.708
Paraponiariko Mou,Giannis Parios,Ta Nisiotika,0.613,0.381,-13.781,0.0308,0.488,0.0,0.0833,0.678,113.512
Sala Sala,Giannis Parios,Ta Nisiotika,0.423,0.338,-14.09,0.0415,0.625,0.0,0.0852,0.176,149.329
Patinada (Ta Matia Sou Ta Omorfa),Giannis Parios,Ta Nisiotika,0.467,0.31,-16.573,0.0371,0.643,0.0,0.0827,0.356,77.915
Dari Dari,Giannis Parios,Ta Nisiotika,0.335,0.484,-12.775,0.0449,0.376,0.0,0.0701,0.803,176.827
Pios Moro Mou Pios,Giannis Parios,Ta Nisiotika,0.596,0.333,-15.682,0.0283,0.671,0.0,0.321,0.937,97.663
Veggera,Giannis Parios,Ta Nisiotika,0.391,0.336,-13.911,0.0396,0.771,0.0,0.274,0.66,150.843
Orea Pou 'Ne Tin Avgi,Giannis Parios,Ta Nisiotika,0.362,0.308,-15.671,0.0348,0.552,5.02e-06,0.387,0.368,79.738
Apo Tin Porta Sou Perno,Giannis Parios,Ta Nisiotika,0.474,0.414,-13.671,0.0329,0.187,0.0,0.0798,0.681,89.944
Tou Gamou,Giannis Parios,Ta Nisiotika,0.26,0.295,-14.359,0.0337,0.709,0.0,0.334,0.422,184.879
Panagia Mou Ena Pedi,Giannis Parios,Ta Nisiotika,0.526,0.544,-12.94,0.041,0.727,0.0,0.218,0.442,100.75
Maoukas (Tha Paro Mia Psarovarka),Giannis Parios,Ta Nisiotika,0.547,0.476,-12.574,0.0313,0.778,0.0,0.252,0.915,90.791
O Mihanikos,Giannis Parios,Ta Nisiotika,0.418,0.348,-13.784,0.0555,0.659,0.0,0.0508,0.677,83.23
Stin Paro Ke Sti Naxo,Giannis Parios,Ta Nisiotika,0.53,0.45,-14.209,0.0341,0.268,1.08e-06,0.059,0.62,106.854
O Dedrolivanos,Giannis Parios,Ta Nisiotika,0.499,0.47,-14.152,0.0367,0.517,0.0,0.321,0.894,92.006
Eri Eri,Giannis Parios,Ta Nisiotika,0.473,0.414,-15.046,0.0354,0.475,0.0,0.0776,0.668,91.647
O Milonas,Giannis Parios,Ta Nisiotika,0.499,0.436,-14.191,0.0447,0.679,0.0,0.102,0.882,126.261
Kotsakia (Na S' Agapo Ida 'Tthela),Giannis Parios,Ta Nisiotika,0.378,0.377,-13.441,0.0896,0.696,0.0,0.0735,0.733,183.721
Ikariotiko,Giannis Parios,Ta Nisiotika,0.532,0.416,-15.445,0.0391,0.414,1.41e-06,0.189,0.787,100.825
O Ageranos Tis Parou,Giannis Parios,...Mia Varka Gia Na Pas Apenadi,0.701,0.584,-5.756,0.0398,0.693,0.0,0.224,0.957,127.395
Ah Melahrino Mou,Giannis Parios,...Mia Varka Gia Na Pas Apenadi,0.541,0.57,-7.578,0.0375,0.741,0.0,0.139,0.748,92.934
Ela Na Pame S' Ena Meros,Giannis Parios,...Mia Varka Gia Na Pas Apenadi,0.561,0.526,-7.75,0.0352,0.666,0.0,0.271,0.859,112.243
Eho Mia Dipsa,Giannis Parios,...Mia Varka Gia Na Pas Apenadi,0.359,0.482,-8.945,0.0521,0.626,0.0,0.1,0.612,173.819
I Bratsera,Giannis Parios,...Mia Varka Gia Na Pas Apenadi,0.473,0.466,-6.867,0.0292,0.814,0.0,0.254,0.595,124.363
I Theominia,Giannis Parios,...Mia Varka Gia Na Pas Apenadi,0.607,0.612,-7.066,0.0403,0.849,0.0,0.301,0.734,93.119
Ligaria,Giannis Parios,...Mia Varka Gia Na Pas Apenadi,0.591,0.731,-7.229,0.0414,0.603,0.0,0.321,0.861,98.73
Ma To Stavro Pou Kanoume,Giannis Parios,...Mia Varka Gia Na Pas Apenadi,0.729,0.64,-6.896,0.039,0.697,0.0,0.198,0.865,106.194
Thalassaki Mou,Giannis Parios,...Mia Varka Gia Na Pas Apenadi,0.623,0.474,-7.874,0.0423,0.761,0.0,0.0746,0.807,119.69
Ta Palea Mou Vasana,Giannis Parios,...Mia Varka Gia Na Pas Apenadi,0.656,0.643,-7.467,0.0286,0.73,0.0,0.223,0.938,110.214
To Louloudaki Tou Baxe,Giannis Parios,...Mia Varka Gia Na Pas Apenadi,0.408,0.523,-7.468,0.042,0.654,0.000142,0.0893,0.764,115.652
To Ponemeno Stithos Mou,Giannis Parios,...Mia Varka Gia Na Pas Apenadi,0.55,0.393,-9.597,0.0348,0.653,4.14e-05,0.0704,0.315,82.213
Triadafillaki Tha Geno,Giannis Parios,...Mia Varka Gia Na Pas Apenadi,0.555,0.679,-6.247,0.041,0.808,0.0,0.337,0.572,95.226
Tsirigotikos,Giannis Parios,...Mia Varka Gia Na Pas Apenadi,0.517,0.609,-7.389,0.043,0.48,0.00128,0.271,0.728,128.284
Sto Parathiri Provale,Giannis Parios,...Mia Varka Gia Na Pas Apenadi,0.553,0.626,-6.475,0.0341,0.708,0.0,0.299,0.691,93.602
Giada,Giannis Parios,...Mia Varka Gia Na Pas Apenadi,0.516,0.433,-8.399,0.0603,0.84,0.0,0.0917,0.477,137.875
Tzivaeri,Giannis Parios,...Mia Varka Gia Na Pas Apenadi,0.461,0.232,-13.026,0.0307,0.791,6.76e-06,0.0886,0.395,85.583
Opala Opala,Giannis Parios,...Mia Varka Gia Na Pas Apenadi,0.545,0.733,-7.416,0.0944,0.729,0.0,0.319,0.567,87.751
Oh Agapi Mou,Giannis Parios,...Mia Varka Gia Na Pas Apenadi,0.62,0.566,-8.449,0.0381,0.825,1.05e-06,0.154,0.729,103.32
Horepsete Horepsete,Giannis Parios,...Mia Varka Gia Na Pas Apenadi,0.582,0.537,-8.659,0.0405,0.739,0.0,0.351,0.818,117.656
Koutsobolio Mou Kanane,Giannis Parios,...Mia Varka Gia Na Pas Apenadi,0.365,0.443,-8.432,0.0423,0.786,0.0,0.0951,0.504,174.105
Pote Ponos,Giannis Parios,...Mia Varka Gia Na Pas Apenadi,0.475,0.137,-14.733,0.0297,0.868,0.0167,0.0899,0.168,77.783
Mes' Tou Egeou,Giannis Parios,...Mia Varka Gia Na Pas Apenadi,0.285,0.511,-8.809,0.118,0.731,0.0,0.311,0.484,76.707
O Argalios,Giannis Parios,...Mia Varka Gia Na Pas Apenadi,0.657,0.476,-9.485,0.0475,0.651,0.0,0.0851,0.896,132.012
Min Tou Milate Tou Paidiou,Giannis Poulopoulos,Min Tou Milate Tou Paidiou,0.68,0.565,-6.087,0.0282,0.552,3.38e-06,0.219,0.582,122.835
Vrehei Pali Apopse,Giannis Poulopoulos,Min Tou Milate Tou Paidiou,0.822,0.542,-7.999,0.0353,0.7,5.16e-05,0.26,0.678,102.817
Glykeia Mou Agapi,Giannis Poulopoulos,Min Tou Milate Tou Paidiou,0.358,0.345,-7.85,0.0302,0.594,4.69e-05,0.446,0.187,98.822
Halazi Efere I Psihala,Giannis Poulopoulos,Min Tou Milate Tou Paidiou,0.337,0.473,-6.874,0.0281,0.58,8.61e-06,0.199,0.395,104.559
To Agalma,Giannis Poulopoulos,O Dromos,0.525,0.383,-6.958,0.0339,0.658,2.4e-06,0.0841,0.386,118.425
Eklapsa Hthes,Giannis Poulopoulos,Eklapsa Hthes,0.651,0.562,-6.196,0.0331,0.504,2.31e-06,0.317,0.34,102.011
Karavia Alites,Giannis Poulopoulos,Giannis Poulopoulos,0.6,0.788,-4.302,0.0684,0.354,3.22e-05,0.169,0.822,72.64
Tha Pio Apopse To Feggari,Giannis Poulopoulos,Giannis Poulopoulos,0.561,0.46,-5.927,0.0274,0.522,0.0,0.195,0.402,112.369
Mia Fora Monaha Ftanei,Giannis Poulopoulos,Giannis Poulopoulos,0.717,0.429,-6.557,0.0351,0.0989,0.0,0.188,0.552,119.536
Poia Nychta S' Eklepse,Giannis Poulopoulos,Giannis Poulopoulos,0.42,0.362,-6.675,0.0288,0.611,3.98e-06,0.117,0.183,136.523
Methys' Apopse To Koritsi Mou,Giannis Poulopoulos,Giannis Poulopoulos,0.739,0.6,-5.503,0.0371,0.582,5.53e-06,0.171,0.593,122.204
Ola Dika Sou,Giannis Poulopoulos,Giannis Poulopoulos,0.419,0.323,-9.034,0.0267,0.501,4.26e-06,0.0887,0.273,93.007
Sti Freatida & Sta Sepolia,Giannis Poulopoulos,Na 'Ha Ti Dynami,0.825,0.7,-7.426,0.0435,0.429,6.94e-06,0.0235,0.73,116.049
Paidi Mou Ora Sou Kali,Giannis Poulopoulos,Poia Nychta S' Eklepse,0.668,0.464,-5.236,0.0317,0.526,0.0,0.0638,0.55,124.788
Sto Keratsini,Giannis Poulopoulos,Na 'Ha Ti Dynami,0.742,0.618,-7.022,0.0314,0.292,0.000125,0.138,0.756,131.475
Ena Mahairi,Giannis Poulopoulos,Giannis Poulopoulos,0.774,0.409,-6.774,0.0339,0.558,0.00309,0.0871,0.443,113.167
Gelage I Maria,Giannis Poulopoulos,O Dromos,0.721,0.638,-7.023,0.0309,0.412,2.15e-05,0.0971,0.961,111.445
Kathe Marti Kathe Aprili Kathe Mai,Giannis Poulopoulos,34 Megales Epityhies,0.623,0.427,-6.356,0.0299,0.281,0.00026,0.291,0.442,113.672
To Psomi Einai Sto Trapezi,Giannis Poulopoulos,O Giannis Poulopoulos Tragouda Miki Theodoraki,0.39,0.485,-4.818,0.0297,0.927,5.5e-06,0.195,0.296,109.497
Exi Feggaria,Giannis Poulopoulos,Tha Pio Apopse To Feggari,0.672,0.463,-6.792,0.0311,0.46,0.0,0.229,0.476,116.706
Kamaroula Mia Stalia,Giannis Poulopoulos,Kamaroula Mia Stalla,0.64,0.451,-7.462,0.0289,0.784,0.000221,0.0879,0.515,122.325
Tha Kratitho,Giannis Poulopoulos,Tha Pio Apopse To Feggari,0.411,0.342,-6.924,0.0275,0.341,0.0,0.14,0.422,104.482
Pame Gia Ypno Katerina,Giannis Poulopoulos,Pame Gia Ypno Katerina,0.571,0.679,-6.437,0.0309,0.23,1.32e-06,0.32,0.793,144.968
Tou Agoriou I Kardia,Giannis Poulopoulos,Kamaroula Mia Stalla,0.665,0.61,-7.296,0.0263,0.326,5.64e-05,0.278,0.69,98.755
Ena Koritsi Tis Prokopis,Giannis Poulopoulos,Meres Tou Kalokairiou / Mila Mou Gia Ti Lefteria (24 Agapimena Tragoudia),0.597,0.597,-5.183,0.0429,0.576,0.0,0.189,0.811,148.69
Apopse Antamosa To Haro,Giannis Poulopoulos,Giannis Poulopoulos,0.608,0.576,-5.53,0.0294,0.211,2.88e-05,0.121,0.422,123.705
Osa De Vani O Logismos,Giannis Poulopoulos,Mia Zoi Tragoudia,0.723,0.359,-14.516,0.0273,0.596,4.85e-06,0.229,0.367,110.331
I Pikra Kleidose Ta Heili,Giannis Poulopoulos,Kamaroula Mia Stalla,0.582,0.545,-6.359,0.0345,0.183,6.8e-05,0.0761,0.592,114.809
Ena Frago Malama,Giannis Poulopoulos,Kamaroula Mia Stalla,0.799,0.524,-5.817,0.0358,0.366,0.0,0.137,0.917,97.696
Na' Moun Ageras,Giannis Poulopoulos,Ola Dika Sou Matia Mou,0.489,0.456,-7.833,0.0255,0.124,0.0,0.225,0.439,98.234
Strose To Stroma Sou Gia Dyo,Giannis Poulopoulos,Ola Dika Sou Matia Mou,0.526,0.331,-6.144,0.029,0.855,3.13e-05,0.0963,0.421,104.183
Dipli Zoi,Giannis Poulopoulos,Giannis Poulopoulos,0.648,0.4,-7.849,0.0334,0.146,0.00129,0.122,0.734,112.449
Mikros Diavatis,Giannis Poulopoulos,Kamaroula Mia Stalla,0.464,0.215,-12.765,0.0311,0.929,0.00294,0.116,0.165,101.315
Na 'Ha Ti Dynami,Giannis Poulopoulos,Na 'Ha Ti Dynami,0.731,0.45,-7.428,0.0358,0.511,0.0,0.0836,0.49,109.567
I Xeni Poli,Vicky Mosholiou,Anthropoi Monahoi,0.656,0.406,-8.102,0.0326,0.746,0.0,0.0733,0.54,125.993
Anthropoi Monahoi,Vicky Mosholiou,Anthropoi Monahoi,0.399,0.136,-11.982,0.0374,0.969,0.0,0.109,0.334,100.744
Naftis Vgike Sti Steria,Vicky Mosholiou,Anthropoi Monahoi,0.692,0.675,-6.266,0.0292,0.743,0.0,0.149,0.926,132.716
Eipa Ki Ego,Vicky Mosholiou,Anthropoi Monahoi,0.298,0.49,-8.617,0.0315,0.753,1.47e-06,0.131,0.393,102.609
Peftei Mia Vrohi,Vicky Mosholiou,Anthropoi Monahoi,0.535,0.484,-8.283,0.0329,0.74,0.0,0.113,0.477,117.18
Ora Anahoriseos,Vicky Mosholiou,Anthropoi Monahoi,0.454,0.449,-8.381,0.0364,0.834,0.0,0.101,0.527,117.47
Se Ena Express,Vicky Mosholiou,Anthropoi Monahoi,0.518,0.476,-8.14,0.0681,0.437,0.0,0.168,0.725,89.503
To Ploio Eihe Onoma «patrida»,Vicky Mosholiou,Anthropoi Monahoi,0.244,0.458,-7.865,0.0334,0.512,0.0,0.0536,0.599,169.039
Kato Ap' Ti Markiza,Vicky Mosholiou,Anthropoi Monahoi,0.478,0.466,-8.36,0.0309,0.752,1.24e-06,0.2,0.337,112.994
Ta Karnagia,Vicky Mosholiou,Anthropoi Monahoi,0.647,0.582,-6.429,0.0278,0.686,0.0,0.132,0.438,118.147
As Poume Ora Kali,Vicky Mosholiou,Anthropoi Monahoi,0.504,0.462,-8.455,0.0328,0.865,0.0,0.304,0.574,94.626
S' Afto To Spiti T' Orfano,Vicky Mosholiou,Anthropoi Monahoi,0.456,0.415,-9.941,0.0367,0.817,0.0,0.145,0.273,86.525
Fos Kai Vgaino,Giorgos Karadimos,Fos Kai Vgaino,0.622,0.585,-5.128,0.0245,0.0299,8.93e-06,0.184,0.126,95.823
Me Pnigei Touti I Siopi,Giorgos Karadimos,Fos Kai Vgaino,0.555,0.744,-6.12,0.0457,0.141,0.00048,0.128,0.538,143.937
Sa Na 'nai Psema,Giorgos Karadimos,Fos Kai Vgaino,0.554,0.358,-7.383,0.0268,0.81,2.02e-06,0.105,0.0898,138.184
24 Xypnimata,Giorgos Karadimos,Fos Kai Vgaino,0.548,0.78,-5.036,0.0504,0.34,0.0,0.159,0.477,95.992
Se Thelo Edo - Vivo Per Lei,Giorgos Karadimos,Fos Kai Vgaino,0.502,0.455,-6.298,0.0291,0.721,0.0,0.111,0.161,135.961
Dese Me,Giorgos Karadimos,Fos Kai Vgaino,0.497,0.603,-5.153,0.0308,0.214,0.000212,0.251,0.319,156.173
An Se Xanado,Giorgos Karadimos,Fos Kai Vgaino,0.558,0.632,-4.958,0.0256,0.0112,5.67e-05,0.156,0.266,149.996
Karavakia Apo Charti,Giorgos Karadimos,Fos Kai Vgaino,0.601,0.499,-5.799,0.0306,0.188,0.0,0.31,0.25,144.043
Gkriza Ameriki,Giorgos Karadimos,Fos Kai Vgaino,0.482,0.811,-5.072,0.0414,0.326,4.68e-05,0.315,0.428,103.917
Opisthen,Giorgos Karadimos,Fos Kai Vgaino,0.475,0.676,-7.068,0.0337,0.008,0.00115,0.366,0.156,159.954
Isouna Feggari,Giorgos Stavrianos,Erimi Poli,0.534,0.309,-10.639,0.0354,0.68,0.0,0.124,0.496,101.761
Hilia Peristeria,Giorgos Zabetas,O Pio Kalos O Mathitis,0.679,0.488,-11.8,0.0548,0.654,0.0,0.0964,0.753,131.079
Sto Lefko Pyrgo,Giorgos Zampetas,Ntokoumenta,0.707,0.654,-7.758,0.0357,0.762,0.0,0.151,0.936,121.721
Charavgi,Giorgos Zampetas,Ta Tragoudia Mou,0.486,0.657,-5.547,0.0404,0.362,0.746,0.449,0.754,58.362
S' Aftes Tis Strates,Giorgos Zampetas,Ta Tragoudia Mou,0.485,0.395,-9.512,0.029,0.742,9.51e-06,0.146,0.532,129.976
Malista Kyrie,Giorgos Zampetas,Ta Tragoudia Mou,0.493,0.441,-11.699,0.0427,0.552,0.0,0.0457,0.741,198.53
Stalia Stalia,Giorgos Zampetas,Ta Tragoudia Mou,0.635,0.338,-10.023,0.0331,0.861,9.52e-05,0.319,0.747,117.112
O Penintaris,Giorgos Zampetas,Ta Tragoudia Mou,0.6,0.302,-11.529,0.0281,0.76,0.000126,0.128,0.54,79.076
Agonia,Giorgos Zampetas,Ta Tragoudia Mou,0.571,0.222,-15.531,0.0304,0.741,1.19e-05,0.091,0.656,107.05
Chathikes (Den Echei Dromo Na Diavo),Giorgos Zampetas,Ta Tragoudia Mou,0.708,0.214,-15.447,0.057,0.764,0.00072,0.122,0.7,110.134
Aliti,Giorgos Zampetas,Ta Tragoudia Mou,0.465,0.367,-11.415,0.032,0.626,0.0,0.0935,0.472,107.692
Oi Thalassinoi,Giorgos Zampetas,Ta Tragoudia Mou,0.752,0.58,-8.183,0.0416,0.682,0.0,0.119,0.936,110.457
O Xenychtis,Giorgos Zampetas,Ta Tragoudia Mou,0.589,0.325,-10.34,0.033,0.743,2.71e-05,0.131,0.687,79.617
Pou Pas Choris Agapi,Giorgos Zampetas,Ta Tragoudia Mou,0.704,0.456,-7.243,0.0346,0.706,0.0,0.0753,0.687,112.113
Apospasmata Apo Erotes,Giorgos Zampetas,Ta Tragoudia Mou,0.668,0.37,-13.002,0.109,0.737,0.0,0.137,0.828,119.593
Poios Ein' Aftos,Giorgos Zampetas,Ta Tragoudia Mou,0.531,0.669,-7.684,0.0315,0.754,0.0,0.125,0.848,146.629
Echases To Treno,Giorgos Zampetas,Ta Tragoudia Mou,0.549,0.183,-15.334,0.0406,0.782,0.00306,0.118,0.643,127.036
Pou 'sai Thanasi,Giorgos Zampetas,Ta Tragoudia Mou,0.789,0.33,-11.753,0.0333,0.669,0.0,0.112,0.735,122.085
Tha Tragoudiso Gia Sena,Giorgos Zampetas,Ta Tragoudia Mou,0.662,0.442,-13.808,0.0387,0.7,5.61e-06,0.196,0.956,98.573
Thessaloniki,Giorgos Zampetas,Ta Tragoudia Mou,0.743,0.525,-9.638,0.0339,0.762,0.000357,0.2,0.962,118.92
To Fantaraki,Giorgos Zampetas,Ta Tragoudia Mou,0.71,0.56,-10.27,0.0308,0.746,0.0,0.146,0.852,106.662
O Mathitis (O Pio Kalos O Mathitis),Giorgos Zabetas,30 Hronia Giorgos Zabetas,0.665,0.691,-9.735,0.0363,0.43,0.0,0.393,0.969,135.249
Otan Symvei Sta Perix,Giorgos Zampetas,Aftoprosopos,0.663,0.442,-11.312,0.0373,0.606,2.29e-05,0.124,0.896,159.569
Otan Kapnizei O Loulas,Giorgos Zampetas,Aftoprosopos,0.723,0.439,-9.972,0.0349,0.615,0.0,0.0965,0.837,140.99
Me To Chrima Me To Chrima,Giorgos Zampetas,Aftoprosopos,0.503,0.454,-9.722,0.0276,0.518,0.000217,0.0707,0.654,97.984
Kyr Daskale,Giorgos Zampetas,Aftoprosopos,0.806,0.475,-7.931,0.0448,0.595,0.0,0.0797,0.96,126.974
Epemvaineis,Giorgos Zampetas,Aftoprosopos,0.665,0.458,-12.895,0.0333,0.305,0.0,0.222,0.83,110.662
O Tzak O' Chara,Giorgos Zampetas,16 Spanies Ichografiseis 1964-1972,0.59,0.343,-13.042,0.0347,0.712,0.0,0.473,0.626,118.179
To Saravalaki,George Zambetas,O Pio Kalos O Mathitis,0.339,0.437,-7.67,0.0278,0.241,0.355,0.13,0.48,71.894
O Apogonos,Giorgos Zampetas,Aftoprosopos,0.444,0.485,-11.099,0.0369,0.452,0.0,0.291,0.961,201.552
I Palioparea,Giorgos Zampetas,Ta Glentia Tou Zampeta,0.6,0.436,-10.238,0.0294,0.479,0.0,0.455,0.608,152.907
To Pitsiriki,Giorgos Zampetas,Ntokoumenta,0.639,0.454,-10.276,0.0271,0.603,2.73e-06,0.0753,0.438,102.497
Irtha ki Apopse sta Skalopatia sou,Petros Anagnostakis,Irtha ki Apopse sta Skalopatia sou: Songs by Giorgos Zampetas (1958-1961),0.466,0.313,-10.951,0.0289,0.854,0.000378,0.323,0.582,104.061
Ti Na Ftei,Giorgos Zabetas,30 Hronia Giorgos Zabetas,0.609,0.465,-12.209,0.0419,0.639,1.21e-06,0.131,0.96,144.716
To Gramma Kai I Fotografia,Viky Moscholiou,Prepei! 14 Megales Epitychies,0.638,0.543,-7.326,0.0432,0.718,0.0,0.0456,0.8,113.086
Varycheimonies,Giorgos Zampetas,16 Spanies Ichografiseis 1964-1972,0.628,0.642,-9.599,0.047,0.69,0.0,0.056,0.873,134.739
O Arapis,Giorgos Zabetas,30 Hronia Giorgos Zabetas,0.574,0.531,-10.854,0.0446,0.576,0.000315,0.793,0.918,147.105
Avges Haramata Kai Deilina,George Zambetas,Siko Horepse Syrtaki,0.497,0.667,-5.269,0.0307,0.0815,3.01e-06,0.229,0.708,122.553
I Monterna I Athina,Giorgos Zabetas,O Pio Kalos O Mathitis,0.727,0.482,-11.966,0.0409,0.55,1.21e-06,0.111,0.88,126.678
Siko Chorepse Syrtaki,Giorgos Zampetas,Aftoprosopos,0.562,0.763,-6.872,0.0402,0.56,0.619,0.0704,0.885,116.223
Varate Violitzides,Giorgos Zampetas,Ntokoumenta,0.598,0.787,-9.056,0.031,0.724,0.0256,0.122,0.966,95.843
Vorias Ein' I Agapi Sou,Giorgios Zambetas,"""Aaalla"" 56 Hits of Zambetas",0.678,0.524,-8.884,0.0315,0.621,0.000483,0.259,0.708,130.413
Matia Mou Megala - Ti Glyko Na S' Agapoun,Giorgos Zampetas,80 Chronia,0.64,0.586,-3.865,0.0308,0.599,0.799,0.0865,0.758,120.821
Romios Agapise Romia,Giorgos Zabetas,O Pio Kalos O Mathitis,0.369,0.559,-10.262,0.0548,0.676,6.8e-06,0.276,0.8,159.169
Ta Dilina,Vicky Mosholiou,14 Hrises Epitihies,0.524,0.341,-9.292,0.0339,0.768,2.32e-06,0.103,0.586,106.205
Ta ksimeromata,Viky Moscholiou,Anthologia,0.744,0.663,-3.302,0.0344,0.593,1.76e-06,0.0915,0.651,122.249
Aftoi Pou Menoun Ki Aftoi Pou Fevgoun,Giannis Poulopoulos,Giannis Poulopoulos,0.472,0.355,-6.893,0.0308,0.759,6.4e-06,0.0865,0.492,133.464
Alegro Bouzouki,Various Artists,Piraeus by Night: Piraeus Syrtaki and Other Stories,0.449,0.728,-6.672,0.0394,0.359,0.00724,0.266,0.783,129.254
Chasaposervikos,Giorgos Zampetas,Oi Laikoi Dromoi Tis Mousikis Mas,0.668,0.907,-3.063,0.038,0.614,0.109,0.312,0.948,120.546
Aftoschediasmos Se Matzore (Ouzam),Giorgos Zampetas,Oi Laikoi Dromoi Tis Mousikis Mas,0.51,0.88,-3.855,0.0388,0.569,0.568,0.412,0.616,114.592
Aftoschediasmos Se Matzore - Rast,Giorgos Zampetas,Oi Laikoi Dromoi Tis Mousikis Mas,0.454,0.885,-4.152,0.0335,0.54,0.603,0.161,0.556,102.159
Aftoschediasmos Se Minore - Niaventi,Giorgos Zampetas,80 Chronia,0.48,0.782,-7.58,0.0341,0.547,0.256,0.0844,0.703,103.401
To Filosofisa Poly,Giorgos Zampetas,Ntokoumenta,0.461,0.526,-9.624,0.0324,0.754,0.00374,0.16,0.753,124.042
Metaxourgio,Giorgos Zabetas,O Pio Kalos O Mathitis,0.717,0.185,-12.512,0.04,0.817,0.00253,0.0517,0.735,144.92
Ti Sou 'kana Kai Me Egkateleipses,Panos Tzanetis,To Elliniko Tragoudi,0.66,0.599,-7.816,0.0509,0.814,0.000261,0.0409,0.942,107.191
Mia Kyriaki Sto Giousouroum,Giannis Ntounias,20 Megales Epitychies,0.469,0.525,-5.622,0.0314,0.63,0.000121,0.0653,0.826,164.664
"Katinitsa, Katinoula, Katinaki mou",Petros Anagnostakis,Irtha ki Apopse sta Skalopatia sou: Songs by Giorgos Zampetas (1958-1961),0.529,0.397,-10.779,0.0986,0.702,0.658,0.419,0.633,104.913
Vraziliana Mou Glykia,Petros Anagnostakis,O Petros Anagnostakis Tragouda Giorgo Zampeta,0.628,0.331,-13.521,0.0615,0.728,0.0,0.15,0.927,91.462
Enas Taxidiotis,Giorgos Zampetas,80 Chronia,0.674,0.432,-7.696,0.0338,0.437,2.44e-05,0.149,0.893,118.705
Na Xanakouso Ti Laterna,Giorgos Zampetas,80 Chronia,0.685,0.786,-4.957,0.0333,0.418,0.00949,0.575,0.961,118.604
Eiha Ton Ilio Syntrofia,Zozo Sapountzaki,Panagia Mou Ena Paidi: Authentic Recordings 1955-1965,0.654,0.648,-5.801,0.0326,0.731,0.000167,0.151,0.971,141.544
Xanasmigoun T' Aidonia,Panos Tzanetis,Ta 45aria Tou Panou Tzaneti,0.58,0.471,-4.794,0.0321,0.774,3.83e-05,0.34,0.593,116.422
Anevaino Kai De Ftano,Giorgos Zampetas,16 Spanies Ichografiseis 1964-1972,0.564,0.643,-5.614,0.0348,0.432,5.69e-05,0.0921,0.923,154.165
I Psichala,Giorgos Zampetas,16 Spanies Ichografiseis 1964-1972,0.739,0.318,-11.947,0.0408,0.852,0.0,0.154,0.961,99.373
Mana Irthane Listes,Kostas Papadopoulos,Bouzouxides No 2,0.739,0.493,-10.946,0.0434,0.187,0.106,0.124,0.594,133.702
O Protagonistis,Doukissa,I Doukissa Tragouda Giorgo Zampeta,0.721,0.608,-9.715,0.0437,0.622,3.14e-05,0.247,0.809,156.62
Sto Galazio Ourano,George Zambetas,O Pio Kalos O Mathitis,0.432,0.884,-5.718,0.0487,0.0127,0.956,0.0915,0.893,156.553
San Peristeria Agkalia,George Zambetas,O Pio Kalos O Mathitis,0.745,0.607,-5.956,0.033,0.0276,0.818,0.161,0.842,115.77
O Fifikos,Giorgos Zampetas,Ntokoumenta,0.65,0.472,-7.582,0.0338,0.662,1.07e-05,0.0757,0.756,147.093
Pira To Dromo Tis Zois,George Zambetas,Siko Horepse Syrtaki,0.651,0.772,-6.18,0.0468,0.0806,0.839,0.0573,0.732,118.938
Ante Na Saltaro,Giorgos Zampetas,Ntokoumenta,0.791,0.592,-7.352,0.0301,0.805,2.25e-05,0.119,0.945,131.521
O Protathlitis,Giorgos Zabetas,Ta Kinimatografika,0.815,0.747,-6.718,0.036,0.635,4.33e-05,0.0741,0.954,139.411
Haramata Me Ta Bouzoukia,George Zambetas,Siko Horepse Syrtaki,0.818,0.909,-4.139,0.0383,0.582,0.885,0.0461,0.969,96.315
O Antras Thelei Prosochi,Giorgos Zampetas,Chilia Peristeria,0.857,0.639,-9.638,0.0463,0.599,4e-05,0.116,0.784,117.611
O Giannakis,Giorgos Zabetas,Ta Kinimatografika,0.75,0.688,-6.707,0.0341,0.715,0.0,0.0732,0.976,122.092
Erimos Monos Kai Varys,Giorgos Zampetas,Chilia Peristeria,0.734,0.665,-9.015,0.0482,0.74,5.18e-05,0.0702,0.954,142.992
Kane Me Oti Thes,George Zambetas,O Pio Kalos O Mathitis,0.572,0.845,-5.447,0.054,0.0986,0.76,0.171,0.712,106.717
Ki Olo Kalarame Zoi,Giorgos Zampetas,Chilia Peristeria,0.896,0.681,-8.835,0.0338,0.283,1.85e-06,0.163,0.969,99.825
O Penidaris,Giorgos Zabetas,O Pio Kalos O Mathitis,0.603,0.282,-12.727,0.028,0.815,0.000201,0.0977,0.564,79.019
Ena Dilino,Grigoris Bithikotsis,O Grigoris Bithikotsis Erminevi Miki Theodoraki,0.61,0.362,-7.799,0.0304,0.838,7.24e-06,0.0659,0.51,124.06
Aprilis,Grigoris Bithikotsis,O Grigoris Bithikotsis Erminevi Miki Theodoraki,0.483,0.459,-8.693,0.0356,0.774,0.0,0.0759,0.792,180.408
Mana Mou Ke Panagia,Grigoris Bithikotsis,O Grigoris Bithikotsis Erminevi Miki Theodoraki,0.573,0.197,-12.034,0.0318,0.868,0.0,0.31,0.474,120.054
Vrehi Sti Ftohogitonia,Grigoris Bithikotsis,O Grigoris Bithikotsis Erminevi Miki Theodoraki,0.469,0.271,-10.309,0.028,0.838,0.0,0.115,0.577,72.083
I Balada Tou Adrikou,Grigoris Bithikotsis,O Grigoris Bithikotsis Erminevi Miki Theodoraki,0.771,0.459,-10.073,0.0343,0.517,0.0,0.122,0.903,127.674
Strose To Stroma Sou Gia Dio,Grigoris Bithikotsis,O Grigoris Bithikotsis Erminevi Miki Theodoraki,0.65,0.196,-10.12,0.0293,0.836,0.0,0.07,0.551,98.601
Gonia Gonia,Grigoris Bithikotsis,O Grigoris Bithikotsis Erminevi Miki Theodoraki,0.605,0.322,-11.228,0.0347,0.846,1.91e-05,0.106,0.516,122.876
Iha Fitepsi Mia Kardia,Grigoris Bithikotsis,O Grigoris Bithikotsis Erminevi Miki Theodoraki,0.636,0.334,-9.886,0.0343,0.774,0.0,0.0429,0.694,119.164
Varka Sto Gialo,Grigoris Bithikotsis,O Grigoris Bithikotsis Erminevi Miki Theodoraki,0.762,0.671,-8.374,0.0334,0.36,0.0,0.262,0.972,117.232
Drapetsona,Grigoris Bithikotsis,O Grigoris Bithikotsis Erminevi Miki Theodoraki,0.602,0.263,-13.478,0.0442,0.951,8.15e-05,0.111,0.425,125.682
Doxa To Theo,Grigoris Bithikotsis,O Grigoris Bithikotsis Erminevi Miki Theodoraki,0.747,0.345,-10.017,0.0277,0.674,5.03e-06,0.0855,0.94,108.079
Kaimos,Grigoris Bithikotsis,O Grigoris Bithikotsis Erminevi Miki Theodoraki,0.355,0.225,-11.758,0.03,0.944,2.11e-06,0.0944,0.353,103.659
Vathy Kokkin' Aheili,Hainides,Me Kontra Ton Kairo,0.517,0.395,-8.73,0.0278,0.821,2.79e-05,0.0905,0.692,111.645
"O Sarakinos Koursaros, O Ali",Hainides,Me Kontra Ton Kairo,0.509,0.296,-10.568,0.0275,0.796,0.00231,0.101,0.612,99.951
O Erotas Ki O Thanatos,Hainides,Me Kontra Ton Kairo,0.45,0.371,-9.603,0.0326,0.938,0.347,0.0855,0.685,112.4
Tis Thalassas Ta Kymata,Hainides,Me Kontra Ton Kairo,0.596,0.468,-9.898,0.032,0.837,0.00201,0.0962,0.819,124.414
Sourmelim,Hainides,Me Kontra Ton Kairo,0.381,0.423,-10.374,0.0346,0.859,0.00185,0.109,0.767,190.003
To Taxidi Tou Feggariou,Hainides,Me Kontra Ton Kairo,0.5,0.227,-11.196,0.0297,0.841,0.000173,0.105,0.542,74.321
O Akrovatis,Hainides,Me Kontra Ton Kairo,0.286,0.357,-10.483,0.0311,0.844,1.01e-05,0.0982,0.254,85.858
I Mikri Elpida,Hainides,Me Kontra Ton Kairo,0.528,0.334,-10.33,0.0434,0.824,2.69e-06,0.338,0.822,152.66
I Agapi,Hainides,Me Kontra Ton Kairo,0.542,0.285,-11.786,0.0277,0.929,0.00741,0.0883,0.365,82.082
T' Astro Tou Notia,Hainides,Me Kontra Ton Kairo,0.547,0.347,-10.51,0.0269,0.739,2.41e-06,0.1,0.626,101.438
To Panigyri Tou Trelou,Various Artists,O Giteftis Kai To Drakodonti,0.507,0.775,-4.875,0.0443,0.294,3.78e-06,0.057,0.84,145.413
Prosfygitsa,Various Artists,O Giteftis Kai To Drakodonti,0.332,0.647,-4.514,0.0344,0.278,5.22e-05,0.324,0.756,174.871
To Ahyrenio Spiti,Various Artists,O Giteftis Kai To Drakodonti,0.637,0.544,-6.64,0.0393,0.592,0.00746,0.0964,0.502,79.925
Syntages Mageirikis,Various Artists,O Giteftis Kai To Drakodonti,0.459,0.535,-6.223,0.0287,0.586,0.0,0.129,0.642,82.112
Ta Osa I Moira Mou 'Grafe,Various Artists,O Giteftis Kai To Drakodonti,0.46,0.64,-5.684,0.0307,0.527,0.000421,0.241,0.667,123.045
Tsigaraki Mou Strifto,Various Artists,O Giteftis Kai To Drakodonti,0.619,0.615,-6.442,0.0401,0.569,5.53e-05,0.0679,0.487,133.922
Hitzaz Longka,Various Artists,O Giteftis Kai To Drakodonti,0.275,0.728,-4.335,0.0706,0.0119,0.82,0.0825,0.734,205.574
I Ariadni,Various Artists,O Giteftis Kai To Drakodonti,0.481,0.678,-6.445,0.0294,0.465,3.1e-06,0.332,0.931,167.979
Efta Potamia,Various Artists,O Giteftis Kai To Drakodonti,0.29,0.53,-6.539,0.027,0.746,0.00119,0.103,0.182,91.525
Tis Lithis To Skotadi,Various Artists,O Giteftis Kai To Drakodonti,0.296,0.417,-8.528,0.0347,0.519,0.000895,0.456,0.579,81.398
I Notia,Various Artists,O Giteftis Kai To Drakodonti,0.325,0.616,-5.967,0.0352,0.533,1.1e-05,0.19,0.603,84.325
Kontylies Tis Avgis,Various Artists,O Giteftis Kai To Drakodonti,0.319,0.581,-8.279,0.0509,0.491,0.0731,0.105,0.542,84.215
To Syrto Tou Ouranou,Various Artists,O Giteftis Kai To Drakodonti,0.29,0.626,-6.768,0.0376,0.544,0.00162,0.111,0.0661,157.622
Selena,Various Artists,O Giteftis Kai To Drakodonti,0.175,0.0818,-11.217,0.0409,0.962,0.0,0.135,0.251,74.058
Mikri Erotiki Istoria,Various Artists,O Giteftis Kai To Drakodonti,0.358,0.31,-9.753,0.0261,0.816,0.047,0.13,0.12,94.6
Outi Taximi Ousak / Kartzigar,Various Artists,O Giteftis Kai To Drakodonti,0.395,0.334,-13.393,0.117,0.781,0.93,0.146,0.37,78.261
To Oneiro Tis Katerinas,Various Artists,O Giteftis Kai To Drakodonti,0.564,0.478,-7.244,0.0326,0.0226,0.0,0.114,0.653,113.59
I Fygi,Various Artists,O Giteftis Kai To Drakodonti,0.454,0.365,-9.05,0.0321,0.87,2.9e-05,0.193,0.555,104.82
Pontikos,Various Artists,O Giteftis Kai To Drakodonti,0.615,0.00719,-7.906,0.439,0.751,0.0,0.0858,0.54,110.134
Pnoi,Various Artists,O Giteftis Kai To Drakodonti,0.135,0.132,-22.582,0.0367,0.927,0.929,0.0791,0.0577,83.815
Stou Pothou Ta Skepasmata,Various Artists,O Giteftis Kai To Drakodonti,0.373,0.178,-21.536,0.0515,0.526,0.097,0.25,0.141,64.874
O Geros Tou Vounou,Various Artists,O Giteftis Kai To Drakodonti,0.245,0.532,-8.863,0.0403,0.341,0.00232,0.111,0.145,97.305
Anazitisi (Aftosxediasmos),Various Artists,O Giteftis Kai To Drakodonti,0.417,0.279,-17.13,0.0327,0.258,0.622,0.463,0.315,77.241
To Spiti Tis Erimou,Various Artists,O Giteftis Kai To Drakodonti,0.379,0.18,-18.447,0.0438,0.953,0.502,0.252,0.0659,85.997
I Aithousa Tou Thronou,Various Artists,O Giteftis Kai To Drakodonti,0.236,0.337,-21.808,0.0466,0.892,0.568,0.435,0.151,73.042
To Parathyro,Various Artists,O Giteftis Kai To Drakodonti,0.681,0.475,-16.64,0.161,0.465,0.643,0.236,0.643,196.29
O Drakontas,Various Artists,O Giteftis Kai To Drakodonti,0.367,0.513,-9.025,0.0443,0.154,0.00112,0.317,0.358,129.948
Myries Arithmites Genies,Various Artists,O Giteftis Kai To Drakodonti,0.397,0.499,-9.49,0.0313,0.719,1.46e-05,0.199,0.286,85.682
I Matomeni Vrysi,Various Artists,O Giteftis Kai To Drakodonti,0.29,0.0698,-13.408,0.0327,0.954,1e-05,0.332,0.221,99.082
O Thanatos Tou Drakou,Various Artists,O Giteftis Kai To Drakodonti,0.406,0.41,-13.334,0.0305,0.358,0.0159,0.101,0.155,142.686
To Rotima,Various Artists,O Giteftis Kai To Drakodonti,0.358,0.267,-10.71,0.031,0.9,0.0,0.107,0.205,78.665
I Kardia Tou Theou,Various Artists,O Giteftis Kai To Drakodonti,0.198,0.00991,-30.992,0.0448,0.868,0.00351,0.654,0.039,60.1
Ton Gerakion Oi Kykloi,Various Artists,O Giteftis Kai To Drakodonti,0.229,0.305,-15.612,0.0326,0.857,0.000254,0.114,0.55,84.038
To Mystiko,Various Artists,O Giteftis Kai To Drakodonti,0.265,0.0987,-24.535,0.0564,0.513,0.322,0.101,0.071,87.436
I Anagennisi,Various Artists,O Giteftis Kai To Drakodonti,0.338,0.444,-8.798,0.0392,0.145,0.0757,0.434,0.223,196.242
O Kyklos,Various Artists,O Giteftis Kai To Drakodonti,0.44,0.248,-20.318,0.0335,0.952,0.319,0.355,0.456,97.993
Ti Ein' Afto Pou To Lene Agapi,Haris Alexiou,Gyrizontas Ton Kosmo & Ena Fili Tou Kosmou / Live 92-97,0.357,0.096,-18.323,0.0441,0.844,0.000156,0.338,0.151,87.773
To Tango Tis Nefelis,Haris Alexiou,Gyrizontas Ton Kosmo & Ena Fili Tou Kosmou / Live 92-97,0.652,0.274,-13.899,0.0356,0.835,9e-05,0.0909,0.456,119.803
Minoraki,Haris Alexiou,Gyrizontas Ton Kosmo & Ena Fili Tou Kosmou / Live 92-97,0.366,0.418,-14.915,0.101,0.812,0.0,0.935,0.36,87.643
Psyches Kai Somata,Haris Alexiou,Gyrizontas Ton Kosmo & Ena Fili Tou Kosmou / Live 92-97,0.278,0.377,-11.646,0.0371,0.678,0.0,0.938,0.173,83.908
Theos An Einai,Haris Alexiou,Gyrizontas Ton Kosmo & Ena Fili Tou Kosmou / Live 92-97,0.233,0.228,-14.022,0.0533,0.723,0.0,0.644,0.202,82.003
Panselinos,Haris Alexiou,Gyrizontas Ton Kosmo & Ena Fili Tou Kosmou / Live 92-97,0.528,0.369,-16.084,0.0647,0.66,0.0,0.956,0.345,128.194
Anthropoi Monachoi,Haris Alexiou,Gyrizontas Ton Kosmo & Ena Fili Tou Kosmou / Live 92-97,0.286,0.27,-13.473,0.0335,0.883,0.00106,0.788,0.26,87.211
Tampakiera,Haris Alexiou,Gyrizontas Ton Kosmo & Ena Fili Tou Kosmou / Live 92-97,0.468,0.418,-11.287,0.0308,0.493,0.0,0.889,0.354,88.078
To Nou Mou Esygyrisa,Haris Alexiou,Gyrizontas Ton Kosmo & Ena Fili Tou Kosmou / Live 92-97,0.436,0.627,-9.708,0.0422,0.354,0.0,0.256,0.707,169.92
Oi Filoi,Haris Alexiou,Gyrizontas Ton Kosmo & Ena Fili Tou Kosmou / Live 92-97,0.633,0.465,-12.217,0.0464,0.535,0.0,0.53,0.578,108.971
Gia Ena Tango,Haris Alexiou,Gyrizontas Ton Kosmo & Ena Fili Tou Kosmou / Live 92-97,0.649,0.354,-11.129,0.0302,0.475,5.05e-06,0.308,0.416,114.409
Sy Mou Charaxes Poreia,Haris Alexiou,Gyrizontas Ton Kosmo & Ena Fili Tou Kosmou / Live 92-97,0.438,0.572,-10.067,0.0676,0.63,0.0,0.954,0.488,70.871
Synnefa,Haris Alexiou,Gyrizontas Ton Kosmo & Ena Fili Tou Kosmou / Live 92-97,0.49,0.508,-10.631,0.055,0.597,0.0,0.697,0.474,94.748
Ach Chelidoni Mou,Haris Alexiou,Gyrizontas Ton Kosmo & Ena Fili Tou Kosmou / Live 92-97,0.298,0.344,-12.191,0.0352,0.694,0.000178,0.381,0.235,146.307
S' Echasa,Haris Alexiou,Gyrizontas Ton Kosmo & Ena Fili Tou Kosmou / Live 92-97,0.404,0.751,-9.738,0.0797,0.077,1.2e-06,0.672,0.281,100.194
Synavlia,Haris Alexiou,Gyrizontas Ton Kosmo & Ena Fili Tou Kosmou / Live 92-97,0.404,0.406,-9.913,0.0375,0.7,0.0,0.702,0.304,91.317
Na Ziso I Na Pethano (Flamenco),Haris Alexiou,Gyrizontas Ton Kosmo & Ena Fili Tou Kosmou / Live 92-97,0.455,0.638,-10.761,0.122,0.412,0.0,0.914,0.405,126.052
Magissa,Haris Alexiou,Gyrizontas Ton Kosmo & Ena Fili Tou Kosmou / Live 92-97,0.707,0.688,-9.869,0.0527,0.656,0.0,0.242,0.827,123.325
Di' Efchon,Haris Alexiou,Gyrizontas Ton Kosmo & Ena Fili Tou Kosmou / Live 92-97,0.589,0.531,-10.605,0.0381,0.351,0.0,0.991,0.477,101.856
To Tragoudi Tou Chelidoniou,Haris Alexiou,Gyrizontas Ton Kosmo & Ena Fili Tou Kosmou / Live 92-97,0.306,0.23,-10.82,0.0341,0.925,0.0,0.103,0.0998,95.282
Krata Gia To Telos,Haris Alexiou,Gyrizontas Ton Kosmo & Ena Fili Tou Kosmou / Live 92-97,0.688,0.492,-8.995,0.0318,0.221,3.34e-06,0.107,0.666,110.867
Kratai Hronia Afti I Kolonia,Haris Alexiou,Kratai Hronia Afti I Kolonia (Remastered),0.67,0.495,-6.968,0.0323,0.624,0.0,0.0982,0.682,127.452
Tha Pathis Erota,Haris Alexiou,Kratai Hronia Afti I Kolonia (Remastered),0.54,0.633,-6.513,0.0364,0.365,0.0,0.0888,0.922,142.985
Adistrofi Metrisi,Haris Alexiou,Kratai Hronia Afti I Kolonia (Remastered),0.225,0.372,-8.079,0.035,0.789,0.0,0.101,0.404,203.017
Kita Mia Nihta,Haris Alexiou,Kratai Hronia Afti I Kolonia (Remastered),0.424,0.557,-7.468,0.0277,0.375,0.0,0.0344,0.585,130.781
Opos Pezi To Fos,Haris Alexiou,Kratai Hronia Afti I Kolonia (Remastered),0.67,0.565,-6.57,0.031,0.444,0.0,0.0574,0.676,117.779
Kimata,Haris Alexiou,Kratai Hronia Afti I Kolonia (Remastered),0.351,0.41,-9.36,0.0377,0.814,0.0,0.114,0.455,154.892
O Tilefonitis,Haris Alexiou,Kratai Hronia Afti I Kolonia (Remastered),0.671,0.708,-5.904,0.151,0.588,0.0,0.425,0.754,75.07
Mi Se Niazi,Haris Alexiou,Kratai Hronia Afti I Kolonia (Remastered),0.648,0.61,-8.078,0.0455,0.607,0.0,0.393,0.845,82.655
O Ellinas,Haris Alexiou,Kratai Hronia Afti I Kolonia (Remastered),0.402,0.515,-6.611,0.0309,0.66,0.0,0.133,0.359,138.845
Psemma Ki Esi,Haris Alexiou,Kratai Hronia Afti I Kolonia (Remastered),0.406,0.785,-6.549,0.108,0.591,3.12e-05,0.28,0.677,86.522
Mia Pista Apo Fosforo,Haris Alexiou,Kratai Hronia Afti I Kolonia (Remastered),0.526,0.507,-8.532,0.0262,0.653,0.000114,0.1,0.513,105.717
Apopse Thelo Na Pio,Haris Alexiou,Os Tin Akri Tou Ouranou Sou,0.712,0.489,-7.622,0.0315,0.475,7.94e-06,0.115,0.424,119.756
To Kima,Haris Alexiou,Os Tin Akri Tou Ouranou Sou,0.362,0.422,-8.984,0.0313,0.841,0.000142,0.126,0.401,88.17
I Hara Ferni Hara,Haris Alexiou,Os Tin Akri Tou Ouranou Sou,0.665,0.538,-6.899,0.0305,0.531,2.14e-06,0.0736,0.359,125.98
To Poli Mazi Skotoni,Haris Alexiou,Os Tin Akri Tou Ouranou Sou,0.769,0.557,-10.047,0.0303,0.371,0.000147,0.0776,0.907,133.924
Esi Me Xeris Pio Poli,Haris Alexiou,Os Tin Akri Tou Ouranou Sou,0.743,0.563,-9.556,0.0368,0.663,0.000134,0.182,0.23,119.961
I Fili Mou Haramata,Haris Alexiou,Os Tin Akri Tou Ouranou Sou,0.695,0.53,-6.687,0.0307,0.65,0.0,0.104,0.509,109.93
Mia Mera Meta,Haris Alexiou,Os Tin Akri Tou Ouranou Sou,0.571,0.541,-8.174,0.0315,0.505,1.74e-06,0.172,0.568,132.108
Ola Ine Sto Mialo,Haris Alexiou,Os Tin Akri Tou Ouranou Sou,0.639,0.502,-9.205,0.0237,0.308,0.000662,0.15,0.358,107.986
Na Me Lene Maria,Haris Alexiou,Os Tin Akri Tou Ouranou Sou,0.706,0.71,-7.689,0.0736,0.433,0.0,0.0899,0.437,100.084
Ta Kalitera Tha 'Rthoun,Haris Alexiou,Os Tin Akri Tou Ouranou Sou,0.706,0.443,-8.622,0.0281,0.65,2.35e-05,0.0943,0.269,120.045
Tha Megalonoume Mazi,Haris Alexiou,Os Tin Akri Tou Ouranou Sou,0.569,0.407,-8.681,0.0277,0.839,0.000592,0.113,0.257,129.589
Ena Limani I Agalia Mou,Haris Alexiou,Os Tin Akri Tou Ouranou Sou,0.543,0.398,-9.643,0.0301,0.807,1.47e-06,0.106,0.265,109.716
Eho Mia Agapi Gia Sena,Haris Alexiou,Os Tin Akri Tou Ouranou Sou,0.631,0.663,-7.358,0.0414,0.313,3.38e-06,0.134,0.24,95.033
I Agapi Ine Zali,Haris Alexiou,I Megaliteres Epitihies Tis Haris Alexiou,0.452,0.434,-15.292,0.0571,0.494,0.0,0.126,0.513,85.68
To Gramma,Haris Alexiou,I Megaliteres Epitihies Tis Haris Alexiou,0.518,0.359,-15.925,0.239,0.406,0.0,0.0713,0.192,132.654
Vima Vima,Haris Alexiou,I Megaliteres Epitihies Tis Haris Alexiou,0.342,0.288,-17.229,0.0374,0.446,0.0,0.118,0.378,86.478
Zilia Mou,Haris Alexiou,I Megaliteres Epitihies Tis Haris Alexiou,0.614,0.42,-13.059,0.0269,0.0823,0.0,0.363,0.802,100.792
Oles Tou Kosmou I Kiriakes,Haris Alexiou,I Megaliteres Epitihies Tis Haris Alexiou,0.532,0.258,-17.596,0.0297,0.634,0.0,0.0987,0.398,102.176
Fevgo,Haris Alexiou,I Megaliteres Epitihies Tis Haris Alexiou,0.598,0.324,-13.856,0.0313,0.219,0.0,0.0805,0.506,141.867
O Fadaros,Haris Alexiou,I Megaliteres Epitihies Tis Haris Alexiou,0.497,0.311,-14.393,0.034,0.213,0.0,0.068,0.622,132.728
Ximeroni,Haris Alexiou,I Megaliteres Epitihies Tis Haris Alexiou,0.414,0.23,-15.755,0.0284,0.298,0.0,0.0996,0.283,90.657
O Kaixis,Haris Alexiou,I Megaliteres Epitihies Tis Haris Alexiou,0.526,0.311,-14.463,0.0303,0.0135,0.00342,0.328,0.532,115.706
I Mages Den Iparhoun Pia,Haris Alexiou,I Megaliteres Epitihies Tis Haris Alexiou,0.509,0.356,-12.229,0.035,0.287,0.0,0.0522,0.166,94.187
Mia Ine I Ousia,Haris Alexiou,I Megaliteres Epitihies Tis Haris Alexiou,0.721,0.522,-11.049,0.0483,0.532,7e-06,0.0661,0.645,122.009
An Pethani Mia Agapi,Haris Alexiou,I Megaliteres Epitihies Tis Haris Alexiou,0.467,0.297,-13.797,0.0336,0.103,0.0,0.145,0.4,84.031
Odos Aristotelous,Haris Alexiou,I Megaliteres Epitihies Tis Haris Alexiou,0.299,0.291,-16.535,0.0376,0.261,2.28e-06,0.37,0.512,174.691
Opia Ke Na 'Se,Haris Alexiou,I Megaliteres Epitihies Tis Haris Alexiou,0.398,0.133,-17.39,0.0367,0.856,0.0,0.125,0.229,119.074
Canto Per Me,Haris Alexiou,I Megaliteres Epitihies Tis Haris Alexiou,0.507,0.324,-12.071,0.0294,0.368,0.0,0.116,0.652,106.988
Kitrini Poli,Haris Alexiou,I Megaliteres Epitihies Tis Haris Alexiou,0.266,0.0976,-20.689,0.0313,0.74,1.03e-05,0.129,0.21,93.494
Erotiko - Live,Haris Alexiou,I Megaliteres Epitihies Tis Haris Alexiou,0.464,0.412,-12.832,0.0417,0.45,0.0,0.104,0.301,128.499
Ola Se Thimizoun,Haris Alexiou,I Megaliteres Epitihies Tis Haris Alexiou,0.47,0.0939,-19.94,0.0295,0.307,0.0,0.148,0.363,98.335
Eleni,Haris Alexiou,I Megaliteres Epitihies Tis Haris Alexiou,0.293,0.244,-15.371,0.0456,0.348,0.0,0.0962,0.312,74.717
I Balada Tis Ifigenias,Haris Alexiou,I Megaliteres Epitihies Tis Haris Alexiou,0.417,0.153,-19.186,0.0464,0.613,0.0,0.0741,0.42,121.759
Ipame Na Mi Hathoume,Haris Alexiou,I Agapi Ine Zali,0.31,0.351,-8.752,0.0302,0.795,6.76e-06,0.175,0.203,68.219
I Skakiera,Haris Alexiou,I Agapi Ine Zali,0.583,0.587,-6.456,0.0694,0.781,0.0,0.157,0.658,130.33
Ki Olo Megalono,Haris Alexiou,I Agapi Ine Zali,0.509,0.463,-6.225,0.0287,0.855,0.0,0.0865,0.392,114.888
Efta Nani Sto S/S Cyrenia,Haris Alexiou,I Agapi Ine Zali,0.609,0.716,-5.546,0.121,0.467,0.0,0.0785,0.561,125.463
Mikri Mou Mov Vedalia,Haris Alexiou,I Agapi Ine Zali,0.359,0.232,-11.608,0.0314,0.863,6.83e-05,0.108,0.195,103.169
Theatro Skion,Haris Alexiou,I Agapi Ine Zali,0.489,0.511,-6.033,0.0318,0.836,0.0,0.0626,0.467,114.805
Fevgo Ke Mi Me Perimenis,Haris Alexiou,I Agapi Ine Zali,0.446,0.183,-12.508,0.0337,0.976,0.00108,0.157,0.364,134.012
Esenane Tha Dialega,Haris Alexiou,Laikes Kiriakes (Remastered),0.65,0.528,-5.837,0.0326,0.471,1.74e-06,0.158,0.665,127.065
Ta Mavra Koroidevis,Haris Alexiou,Laikes Kiriakes (Remastered),0.599,0.628,-5.47,0.0303,0.457,0.0,0.0509,0.894,134.043
Tris I Ora Nihta,Haris Alexiou,Laikes Kiriakes (Remastered),0.652,0.703,-5.846,0.0313,0.556,0.0,0.0938,0.964,91.335
Eftexa Eftexa,Haris Alexiou,Laikes Kiriakes (Remastered),0.619,0.655,-6.439,0.0344,0.586,0.0,0.157,0.963,131.158
Sou Stelno Heretismata,Haris Alexiou,Laikes Kiriakes (Remastered),0.553,0.434,-8.035,0.0287,0.762,0.0,0.0671,0.786,131.927
Tha 'Tan 12 Tou Marti,Haris Alexiou,Laikes Kiriakes (Remastered),0.43,0.457,-8.389,0.0326,0.754,0.0,0.169,0.596,78.466
Ta Skoura Matia,Haris Alexiou,Laikes Kiriakes (Remastered),0.476,0.632,-5.893,0.0492,0.328,0.0,0.111,0.893,186.335
Hronia San Vrohi,Haris Alexiou,Laikes Kiriakes (Remastered),0.607,0.55,-7.013,0.0435,0.443,0.0,0.0756,0.841,170.895
Ap' Ton Perasmeno Marti,Haris Alexiou,Laikes Kiriakes (Remastered),0.68,0.54,-6.757,0.035,0.42,0.0,0.104,0.927,129.207
Figane Ta Hronia,Haris Alexiou,Laikes Kiriakes (Remastered),0.313,0.419,-9.533,0.0332,0.674,0.0,0.108,0.509,173.798
Matia Mou Matia Mou,Haris Alexiou,Laikes Kiriakes (Remastered),0.705,0.827,-5.868,0.0272,0.667,0.0,0.124,0.962,93.47
Pinelopi - Remastered,Haris Alexiou,Laikes Kiriakes (Remastered),0.379,0.261,-11.54,0.0332,0.793,0.0,0.232,0.528,138.273
Tora Ki Ego Tha Ziso,Haris Alexiou,Emfilios Erotas (Remastered 2005),0.297,0.377,-11.992,0.0348,0.852,4.43e-06,0.107,0.481,172.323
Den Tin Adehis Efkola Tin Anixi,Haris Alexiou,Emfilios Erotas (Remastered 2005),0.476,0.308,-7.405,0.0377,0.859,1.26e-05,0.105,0.423,78.086
I Diathiki,Haris Alexiou,Emfilios Erotas (Remastered 2005),0.567,0.539,-5.802,0.0319,0.693,0.0,0.0792,0.615,121.929
To Adiexodo,Haris Alexiou,Emfilios Erotas (Remastered 2005),0.753,0.738,-5.371,0.0338,0.432,0.0,0.0773,0.852,121.58
Ola Girizoun,Haris Alexiou,Emfilios Erotas (Remastered 2005),0.516,0.345,-6.945,0.0344,0.878,0.0,0.111,0.318,125.449
Mi Me Rotisis,Haris Alexiou,Emfilios Erotas (Remastered 2005),0.444,0.382,-8.99,0.031,0.853,0.0,0.0885,0.503,96.435
Ke Mas Elege To Kima,Haris Alexiou,Emfilios Erotas (Remastered 2005),0.442,0.613,-6.656,0.0346,0.487,0.0,0.0895,0.681,153.193
Na 'moun To Kokkino,Haris Alexiou,Emfilios Erotas (Remastered 2005),0.483,0.793,-6.05,0.205,0.658,0.0,0.389,0.781,119.638
Niotho Ti Zoi Na Fevgi,Haris Alexiou,Emfilios Erotas (Remastered 2005),0.404,0.371,-8.468,0.0306,0.875,0.00041,0.142,0.375,82.669
Dimitroula Mou,Haris Alexiou,12 Laika Tragoudia (Remastered 2005),0.647,0.628,-6.243,0.0368,0.856,0.0,0.11,0.935,119.253
Otan Pini Mia Gineka,Haris Alexiou,12 Laika Tragoudia (Remastered 2005),0.641,0.375,-7.176,0.0376,0.616,0.0,0.0702,0.355,117.287
I Roza I Naziara,Haris Alexiou,12 Laika Tragoudia (Remastered 2005),0.688,0.634,-6.386,0.0295,0.466,0.0,0.299,0.803,104.878
Pos To Lene,Haris Alexiou,12 Laika Tragoudia (Remastered 2005),0.669,0.431,-5.821,0.0379,0.564,0.0,0.0636,0.735,128.776
Etsi Pou To Pas,Haris Alexiou,12 Laika Tragoudia (Remastered 2005),0.548,0.642,-5.863,0.0505,0.755,0.0,0.0798,0.908,157.222
Pergame,Haris Alexiou,12 Laika Tragoudia (Remastered 2005),0.586,0.511,-6.566,0.0348,0.567,0.0,0.289,0.635,138.824
Elenitsa,Haris Alexiou,12 Laika Tragoudia (Remastered 2005),0.54,0.512,-6.122,0.0382,0.728,0.0,0.154,0.575,121.458
S' Ena Vraho,Haris Alexiou,12 Laika Tragoudia (Remastered 2005),0.522,0.377,-7.39,0.0292,0.738,0.0,0.0799,0.379,114.716
Mia Stenahoria,Haris Alexiou,12 Laika Tragoudia (Remastered 2005),0.601,0.365,-7.573,0.0295,0.748,0.0,0.243,0.377,111.729
Tsahpin,Haris Alexiou,12 Laika Tragoudia (Remastered 2005),0.424,0.436,-6.877,0.0288,0.516,0.0,0.149,0.765,82.491
Souroupomata,Haris Alexiou,12 Laika Tragoudia (Remastered 2005),0.697,0.488,-5.539,0.0313,0.728,4.82e-06,0.16,0.652,132.412
Ellada (Lengo - Lengo),Haris Alexiou,12 Laika Tragoudia (Remastered 2005),0.428,0.246,-12.391,0.0473,0.96,0.000421,0.105,0.293,82.857
Mikri Patrida,Haris Alexiou,Psithyroi,0.479,0.144,-11.971,0.0345,0.977,0.000111,0.112,0.222,129.928
Agapao Kai Adiaforo,Haris Alexiou,Psithyroi,0.498,0.143,-14.911,0.0367,0.974,4.02e-05,0.0914,0.384,93.359
Mi Ton Rotas Ton Ourano,Haris Alexiou,Psithyroi,0.41,0.108,-14.155,0.0405,0.984,6.67e-05,0.178,0.151,76.673
Pare Me,Haris Alexiou,Psithyroi,0.349,0.128,-13.423,0.0331,0.948,3.31e-05,0.125,0.322,180.181
Ena Asteri Peftei - Peftei,Haris Alexiou,Psithyroi,0.549,0.195,-11.227,0.0308,0.974,0.000464,0.108,0.186,91.906
Liga Psichoula Agapis Sou Gyrevo,Haris Alexiou,Psithyroi,0.459,0.194,-10.89,0.0436,0.98,1.75e-05,0.113,0.22,75.57
I Pio Megali Ora,Haris Alexiou,Psithyroi,0.503,0.153,-14.137,0.0394,0.975,0.000322,0.12,0.296,69.791
To Agriolouloudo,Haris Alexiou,Psithyroi,0.362,0.229,-10.363,0.0336,0.951,9.73e-05,0.112,0.257,83.542
Pare Ta Chnaria Mou,Haris Alexiou,Psithyroi,0.484,0.159,-12.154,0.0312,0.925,3.67e-06,0.111,0.353,95.253
Leli Gialeli,Haris Alexiou,I Zoi Mou Kiklous Kani,0.645,0.523,-6.628,0.0274,0.603,0.0,0.0482,0.639,126.102
Ftani-Ftani (I Zoi Mou Kiklous Kani),Haris Alexiou,I Zoi Mou Kiklous Kani,0.362,0.345,-10.791,0.0348,0.621,0.0,0.224,0.334,114.604
Elega,Haris Alexiou,I Zoi Mou Kiklous Kani,0.5,0.483,-7.439,0.0284,0.657,0.0,0.116,0.648,96.19
Kalinihta,Haris Alexiou,I Zoi Mou Kiklous Kani,0.213,0.11,-20.024,0.0538,0.889,5.68e-05,0.095,0.0969,87.072
Me Tsakises Me Ragises,Haris Alexiou,I Zoi Mou Kiklous Kani,0.573,0.451,-6.098,0.0303,0.614,0.0,0.132,0.509,117.767
Giati Ise Anthropos Aplos,Haris Alexiou,I Zoi Mou Kiklous Kani,0.6,0.68,-5.405,0.0377,0.447,0.0,0.1,0.812,133.412
Tora Xero,Haris Alexiou,I Zoi Mou Kiklous Kani,0.452,0.56,-6.038,0.0327,0.704,0.0,0.236,0.405,126.693
Trehis Poli,Haris Alexiou,I Zoi Mou Kiklous Kani,0.711,0.526,-5.77,0.0325,0.423,0.0,0.0987,0.957,78.462
Me Pia Tragoudia,Haris Alexiou,I Zoi Mou Kiklous Kani,0.402,0.331,-9.101,0.0279,0.5,0.0,0.123,0.275,91.901
Tis Tavernas To Roloi - Live,Haris Alexiou,Cine Keramikos - Live Recording,0.37,0.367,-10.378,0.0389,0.852,0.000125,0.975,0.0791,70.309
Kato Apo Ti Markiza - Live,Haris Alexiou,Cine Keramikos - Live Recording,0.446,0.474,-9.492,0.0407,0.579,3.01e-06,0.928,0.109,118.103
Hronia Helidonia - Live,Haris Alexiou,Cine Keramikos - Live Recording,0.424,0.7,-7.539,0.0459,0.525,6.57e-05,0.838,0.387,201.811
Matia Mou- Matia Mou - Live,Haris Alexiou,Cine Keramikos - Live Recording,0.462,0.72,-7.879,0.0516,0.34,0.0,0.759,0.612,203.191
Onira Agoria Mou - Live,Haris Alexiou,Cine Keramikos - Live Recording,0.442,0.695,-8.427,0.0418,0.59,1.45e-06,0.916,0.48,126.61
Exartate - Live,Haris Alexiou,Cine Keramikos - Live Recording,0.477,0.728,-9.253,0.236,0.136,8.11e-06,0.964,0.427,101.092
Poso Se Thelo - Live / Featuring Lavredis Maheritsas,Haris Alexiou,Cine Keramikos - Live Recording,0.356,0.617,-10.709,0.0491,0.0516,0.000675,0.906,0.128,135.228
Ouzo Otan Piis - Live,Haris Alexiou,Cine Keramikos - Live Recording,0.511,0.593,-6.803,0.0296,0.639,2.97e-06,0.877,0.428,102.815
To Papaki,Haris Alexiou,I Balades Tis Haroulas,0.533,0.0422,-20.152,0.0393,0.963,0.000157,0.125,0.415,93.144
Ei...! Trelathika,Haris Alexiou,Ei,0.649,0.528,-9.722,0.031,0.118,3.37e-06,0.0354,0.595,102.846
Eisai I Nychta Me Ta Ainigmata,Haris Alexiou,Ei,0.57,0.445,-9.797,0.026,0.38,4.34e-06,0.0678,0.271,101.61
To Pio Mavro Fengari,Haris Alexiou,Ei,0.628,0.49,-9.955,0.0314,0.536,0.00057,0.104,0.325,99.844
Chara,Haris Alexiou,Ei,0.253,0.255,-13.812,0.034,0.603,0.00167,0.119,0.131,179.561
Paei...Xanagyrnaei,Haris Alexiou,Ei,0.657,0.489,-11.373,0.0348,0.0447,1.22e-05,0.256,0.273,103.836
I Mana,Haris Alexiou,Ei,0.406,0.255,-12.094,0.0425,0.669,1.12e-05,0.256,0.273,159.727
To Psema,Haris Alexiou,Ei,0.535,0.336,-11.015,0.0396,0.505,1.25e-06,0.317,0.359,157.591
Ola Tha 'chane Allaxei,Haris Alexiou,Ei,0.751,0.534,-11.065,0.0383,0.0841,1.23e-06,0.161,0.547,125.883
I Balanta Tou Katadikou,Haris Alexiou,Ei,0.416,0.194,-13.278,0.0341,0.882,0.00181,0.127,0.157,117.622
Paradinomai,Haris Alexiou,Ei,0.532,0.373,-11.102,0.029,0.642,0.00406,0.286,0.251,97.705
Dromoi Lismonimenoi,Haris Alexiou,Ei,0.515,0.2,-14.841,0.0312,0.786,0.0,0.0844,0.256,113.721
To S' Agapo Mia Apli Lexi,Haris Alexiou,I Alexiou Tragoudai Hatzi (Remastered),0.51,0.287,-10.182,0.0614,0.734,0.0,0.0992,0.44,72.503
Gerni O Ilios,Haris Alexiou,I Alexiou Tragoudai Hatzi (Remastered),0.628,0.207,-12.239,0.0361,0.867,0.00103,0.105,0.39,98.457
Pou Piges Arage,Haris Alexiou,I Alexiou Tragoudai Hatzi (Remastered),0.566,0.302,-9.253,0.0635,0.814,1.52e-05,0.15,0.778,110.976
Agapo Ti Zoi Gia To Hthes,Haris Alexiou,I Alexiou Tragoudai Hatzi (Remastered),0.442,0.202,-11.214,0.0449,0.764,0.0,0.126,0.582,175.386
To Tabourlo,Haris Alexiou,I Alexiou Tragoudai Hatzi (Remastered),0.59,0.564,-7.785,0.302,0.788,5.22e-05,0.362,0.481,113.415
O Stathmos,Haris Alexiou,I Alexiou Tragoudai Hatzi (Remastered),0.366,0.307,-10.107,0.0303,0.903,0.000995,0.11,0.511,100.959
Bi Paesko,Haris Alexiou,I Alexiou Tragoudai Hatzi (Remastered),0.507,0.48,-8.194,0.0456,0.846,0.000265,0.0999,0.854,168.585
Anemostrovilos I Agapi,Haris Alexiou,I Alexiou Tragoudai Hatzi (Remastered),0.409,0.294,-8.699,0.0317,0.619,1.24e-05,0.115,0.319,108.456
An Me Prolavi I Anixi,Haris Alexiou,I Alexiou Tragoudai Hatzi (Remastered),0.524,0.322,-11.083,0.0418,0.728,3.18e-06,0.139,0.335,103.004
I Exosi,Haris Alexiou,I Alexiou Tragoudai Hatzi (Remastered),0.615,0.382,-7.56,0.0528,0.502,0.0,0.125,0.836,147.325
I Gineka Tis Nihtas,Haris Alexiou,I Alexiou Tragoudai Hatzi (Remastered),0.418,0.225,-10.017,0.0405,0.541,0.0,0.167,0.152,123.488
An Se Rotisoune Pou Menis - Live,Haris Alexiou,I Alexiou Tragoudai Hatzi (Remastered),0.658,0.511,-9.672,0.0543,0.594,7.31e-06,0.332,0.642,121.506
Hamogelo Ma Den Gelo - Live,Haris Alexiou,I Alexiou Tragoudai Hatzi (Remastered),0.483,0.695,-7.92,0.289,0.663,0.00129,0.814,0.756,182.274
Stasou Pou Pas - Live,Haris Alexiou,I Alexiou Tragoudai Hatzi (Remastered),0.448,0.617,-9.217,0.0942,0.719,1.01e-05,0.572,0.378,74.526
Ki Istera Ki Istera - Live,Haris Alexiou,I Alexiou Tragoudai Hatzi (Remastered),0.455,0.514,-9.048,0.0416,0.705,0.0,0.437,0.659,103.012
Hasame - Live,Haris Alexiou,I Alexiou Tragoudai Hatzi (Remastered),0.475,0.489,-10.154,0.0361,0.702,0.000384,0.31,0.492,76.233
Min Zitas - Live,Haris Alexiou,I Alexiou Tragoudai Hatzi (Remastered),0.404,0.716,-10.365,0.213,0.676,3.05e-06,0.531,0.936,168.005
Spoudei Anthropi Alla - Live,Haris Alexiou,I Alexiou Tragoudai Hatzi (Remastered),0.391,0.826,-9.779,0.338,0.157,0.0,0.735,0.53,54.401
Oso Kratai Afti I Apati - Live,Haris Alexiou,I Alexiou Tragoudai Hatzi (Remastered),0.537,0.723,-8.659,0.0873,0.651,7.49e-05,0.956,0.614,112.867
Den Kano Piso - Live,Haris Alexiou,I Alexiou Tragoudai Hatzi (Remastered),0.425,0.805,-9.506,0.834,0.755,0.0,0.691,0.518,80.231
Kaliba - Live,Haris Alexiou,I Alexiou Tragoudai Hatzi (Remastered),0.606,0.764,-5.1,0.14,0.704,0.0,0.716,0.733,77.853
"Zita Mou O,ti Thes - Live",Haris Alexiou,I Alexiou Tragoudai Hatzi (Remastered),0.622,0.718,-8.867,0.0684,0.619,0.0,0.796,0.587,119.963
Katsiava - Live,Haris Alexiou,I Alexiou Tragoudai Hatzi (Remastered),0.508,0.793,-6.362,0.276,0.666,0.0,0.452,0.617,135.454
Bi Paesko - Live,Haris Alexiou,I Alexiou Tragoudai Hatzi (Remastered),0.421,0.89,-6.143,0.62,0.668,0.0,0.818,0.662,176.31
Gremismena Spitia - Live,Haris Alexiou,I Alexiou Tragoudai Hatzi (Remastered),0.46,0.517,-11.694,0.0526,0.832,7.63e-06,0.665,0.503,103.722
Hartino To Feggaraki - Live,Haris Alexiou,I Alexiou Tragoudai Hatzi (Remastered),0.368,0.228,-14.622,0.0766,0.916,8.36e-06,0.178,0.0798,137.482
To Gramma - Live,Haris Alexiou,I Alexiou Tragoudai Hatzi (Remastered),0.435,0.451,-12.948,0.385,0.888,0.0,0.929,0.766,94.128
O Stratis - Live,Haris Alexiou,I Alexiou Tragoudai Hatzi (Remastered),0.754,0.68,-6.076,0.0509,0.794,0.0,0.605,0.815,105.442
Tzamaika - Live,Haris Alexiou,I Alexiou Tragoudai Hatzi (Remastered),0.541,0.605,-6.842,0.0309,0.847,0.0,0.526,0.696,107.296
Pare Ena Kohili Apo To Egeo - Live,Haris Alexiou,I Alexiou Tragoudai Hatzi (Remastered),0.519,0.417,-8.564,0.0556,0.882,0.0,0.196,0.561,123.704
Kitrini Poli - Live,Haris Alexiou,I Alexiou Tragoudai Hatzi (Remastered),0.405,0.377,-11.379,0.0463,0.889,0.0,0.23,0.296,79.38
Nahan Oli I Anthropi Mia Agapi - Live,Haris Alexiou,I Alexiou Tragoudai Hatzi (Remastered),0.366,0.421,-8.32,0.0709,0.851,0.0,0.523,0.444,93.285
To Minore Tis Avgis - Live,Haris Alexiou,I Alexiou Tragoudai Hatzi (Remastered),0.219,0.342,-11.291,0.0402,0.932,0.0,0.41,0.326,170.386
Den Variese Aderfe - Live,Haris Alexiou,I Alexiou Tragoudai Hatzi (Remastered),0.574,0.941,-6.907,0.558,0.742,0.0,0.687,0.693,124.277
Dos' Mou Mia Mera,Haris Alexiou,To Paichnidi Tis Agapis,0.541,0.212,-14.565,0.03,0.82,0.00223,0.0879,0.0874,85.379
Romantzo,Haris Alexiou,To Paichnidi Tis Agapis,0.518,0.31,-13.091,0.0306,0.53,0.0,0.0826,0.169,99.321
Cheimonas,Haris Alexiou,To Paichnidi Tis Agapis,0.589,0.349,-11.607,0.0306,0.701,0.000342,0.141,0.136,111.581
Enas Fantaros S' Ena Treno,Haris Alexiou,To Paichnidi Tis Agapis,0.633,0.399,-9.42,0.0334,0.701,9.89e-06,0.311,0.343,136.015
Oi Dikoi Mou Xenoi,Haris Alexiou,To Paichnidi Tis Agapis,0.463,0.285,-12.632,0.0416,0.751,0.0,0.129,0.22,145.148
I Raptomichani,Haris Alexiou,To Paichnidi Tis Agapis,0.574,0.313,-11.144,0.0306,0.674,1.75e-06,0.0918,0.243,77.815
Mitera Fili Mou Palia,Haris Alexiou,To Paichnidi Tis Agapis,0.309,0.286,-12.16,0.0306,0.652,5.96e-06,0.158,0.162,174.709
Rempetikos Skopos,Haris Alexiou,To Paichnidi Tis Agapis,0.751,0.56,-7.783,0.0389,0.0737,0.0,0.0572,0.455,156.271
Ela Konta Mou Apopse,Haris Alexiou,To Paichnidi Tis Agapis,0.607,0.262,-12.651,0.0312,0.429,0.000418,0.167,0.0465,122.412
I Palia Agora,Haris Alexiou,To Paichnidi Tis Agapis,0.841,0.488,-7.655,0.031,0.249,0.0,0.138,0.704,104.99
Chamena Chronia,Haris Alexiou,To Paichnidi Tis Agapis,0.643,0.419,-9.687,0.0325,0.023,0.0,0.152,0.437,120.013
Apochairetismos,Haris Alexiou,To Paichnidi Tis Agapis,0.133,0.165,-15.223,0.0365,0.911,0.307,0.106,0.074,161.575
To Treno Fevgi Stis Ohto,Haris Alexiou,Ta Doueta Tis Haroulas,0.298,0.097,-20.614,0.0393,0.963,0.000713,0.109,0.282,168.466
Kokkino Garifallo,Haris Alexiou,Ta Doueta Tis Haroulas,0.359,0.148,-18.433,0.0389,0.931,1.99e-05,0.0712,0.128,116.556
Blexan I Grammes Mas,Haris Alexiou,Ta Doueta Tis Haroulas,0.52,0.403,-12.86,0.0295,0.522,0.0,0.0776,0.302,132.86
Kaliba,Haris Alexiou,Ta Doueta Tis Haroulas,0.606,0.552,-10.663,0.107,0.712,0.0,0.204,0.778,77.915
Tzamaika,Haris Alexiou,Ta Doueta Tis Haroulas,0.582,0.254,-14.474,0.0391,0.761,2.73e-05,0.14,0.635,120.765
Roz - Live,Haris Alexiou,Ta Doueta Tis Haroulas,0.626,0.56,-9.854,0.0316,0.744,0.000402,0.362,0.903,133.413
Mes' Sta Dio Tis Matia,Haris Alexiou,Ta Doueta Tis Haroulas,0.582,0.473,-12.046,0.0433,0.327,2.71e-05,0.16,0.186,165.864
Chronia (Anni),Haris Alexiou,Ta Doueta Tis Haroulas,0.59,0.708,-12.617,0.138,0.602,0.000118,0.942,0.734,92.233
Tha Metho Ke Tha Ta Spao (Belalis Karsilamas),Haris Alexiou,Ta Tsilika,0.646,0.596,-6.045,0.0327,0.397,0.0,0.126,0.833,114.705
As Mi Ximerone Pote,Haris Alexiou,Ta Tsilika,0.355,0.474,-7.494,0.0313,0.575,7.58e-06,0.144,0.4,174.523
Dio Mages Mes' Sti Filaki,Haris Alexiou,Ta Tsilika,0.714,0.449,-7.681,0.0357,0.49,0.0,0.0899,0.712,109.052
Krasopino,Haris Alexiou,Ta Tsilika,0.742,0.464,-6.41,0.0313,0.534,0.0,0.0736,0.726,92.217
Magiko,Haris Alexiou,Ta Tsilika,0.713,0.649,-5.631,0.026,0.446,0.0,0.162,0.962,100.842
M' Eblexe Enas Mortis,Haris Alexiou,Ta Tsilika,0.631,0.429,-6.895,0.0318,0.408,0.0,0.291,0.688,82.742
Mi Mou Les Pos Den Ponao,Haris Alexiou,Ta Tsilika,0.795,0.667,-6.896,0.0263,0.389,0.0,0.0797,0.922,100.381
Bournovalios Manes,Haris Alexiou,Ta Tsilika,0.428,0.453,-6.814,0.0314,0.7,0.0,0.0768,0.382,86.373
O Magas,Haris Alexiou,Ta Tsilika,0.459,0.586,-5.923,0.086,0.26,0.0,0.0919,0.827,202.434
Se Gelasane,Haris Alexiou,Ta Tsilika,0.757,0.543,-7.262,0.0258,0.405,0.0,0.144,0.88,94.927
Patoma,Haris Alexiou,Psithyroi,0.515,0.0906,-14.025,0.0343,0.986,0.000126,0.13,0.204,92.583
Kalosorisma - Live,George Dalaras,Iparhi Logos (Live),0.326,0.486,-14.357,0.0776,0.139,0.0,0.687,0.308,151.575
An Iparhi Logos - Live,George Dalaras,Iparhi Logos (Live),0.498,0.687,-10.957,0.0486,0.328,0.0,0.877,0.559,98.897
Ti Pathos - Live,George Dalaras,Iparhi Logos (Live),0.534,0.479,-13.01,0.0377,0.45,0.0,0.93,0.526,93.048
Canzone Per Te - Live,George Dalaras,Iparhi Logos (Live),0.41,0.426,-12.764,0.0529,0.565,0.0,0.852,0.382,90.417
O Paliatsos Ke O Listis - Live,George Dalaras,Iparhi Logos (Live),0.548,0.918,-9.545,0.0731,0.00637,0.000435,0.96,0.621,133.303
Gela Pouli Mou - Live,George Dalaras,Iparhi Logos (Live),0.227,0.663,-12.446,0.271,0.494,0.0,0.925,0.309,106.779
Erotiko Kalesma,Harrys Katsimichas,I Monaxia Tou Shinovati,0.234,0.257,-13.373,0.0329,0.87,0.0203,0.106,0.116,117.524
Ela Sto Oniro Mou,Harrys Katsimichas,I Monaxia Tou Shinovati,0.514,0.576,-11.753,0.043,0.472,0.0,0.177,0.633,84.034
Den Ftes Esi,Harrys Katsimichas,I Monaxia Tou Shinovati,0.613,0.414,-12.759,0.0284,0.301,0.000167,0.189,0.403,131.937
Ta Hilia Gramata,Harrys Katsimichas,I Monaxia Tou Shinovati,0.627,0.483,-9.912,0.0452,0.709,5.44e-05,0.0932,0.613,109.967
To Oreo Kalokeri,Harrys Katsimichas,I Monaxia Tou Shinovati,0.516,0.318,-13.142,0.0354,0.572,0.00519,0.204,0.378,123.845
Kalo Taxidi,Harrys Katsimichas,I Monaxia Tou Shinovati,0.671,0.546,-12.034,0.0346,0.181,0.000709,0.0647,0.884,143.936
Gimni Skia,Harrys Katsimichas,I Monaxia Tou Shinovati,0.57,0.424,-11.784,0.0322,0.417,9.75e-05,0.416,0.343,133.894
Exegersi,Harrys Katsimichas,I Monaxia Tou Shinovati,0.542,0.701,-11.135,0.0563,0.00954,0.0115,0.122,0.27,95.914
I Monaxia Tou Shinovati,Harrys Katsimichas,I Monaxia Tou Shinovati,0.447,0.474,-12.517,0.0658,0.262,0.00229,0.0959,0.495,169.898
Don't Worry (Be Happy),Harrys Katsimichas,I Monaxia Tou Shinovati,0.591,0.365,-12.756,0.0611,0.338,0.00533,0.93,0.797,138.207
Pexe Vrahni Mou Fisarmonika,Haris & Panos Katsimihas,Zesta Pota,0.29,0.184,-13.747,0.0363,0.922,0.0,0.114,0.171,104.01
Prosopikes Optasies,Haris & Panos Katsimihas,Zesta Pota,0.582,0.724,-9.036,0.0381,0.39,1.08e-06,0.0681,0.655,89.624
Fanis,Haris & Panos Katsimihas,Zesta Pota,0.392,0.465,-9.217,0.032,0.648,0.0,0.174,0.37,95.269
Tis Kiriakes Apo Pedi Tis Sihenomouna,Haris & Panos Katsimihas,Zesta Pota,0.557,0.263,-10.288,0.0284,0.751,4.58e-06,0.118,0.132,112.79
Mia Vradia Sto Louki,Haris & Panos Katsimihas,Zesta Pota,0.516,0.546,-9.114,0.0321,0.666,1.58e-06,0.0888,0.493,83.234
Rita Ritaki,Haris & Panos Katsimihas,Zesta Pota,0.685,0.586,-7.598,0.06,0.624,1.47e-05,0.131,0.256,142.64
Gia Ena Kommati Psomi,Haris & Panos Katsimihas,Zesta Pota,0.582,0.485,-8.178,0.027,0.709,0.000518,0.137,0.343,128.637
Ipogio,Haris & Panos Katsimihas,Zesta Pota,0.393,0.446,-10.767,0.0558,0.82,9.59e-05,0.0813,0.525,85.029
Koritsia Tis Signomis,Haris & Panos Katsimihas,Zesta Pota,0.511,0.23,-13.321,0.031,0.846,9.76e-06,0.0945,0.273,128.077
Gela Pouli Mou,Haris & Panos Katsimihas,Zesta Pota,0.498,0.388,-9.211,0.0286,0.627,0.0,0.205,0.206,113.124
O Megalos Adelfos,Haris Katsimihas,Tripies Simees,0.597,0.74,-8.102,0.0327,0.0847,8.66e-05,0.174,0.437,89.981
Tripies Simees,Haris Katsimihas,Tripies Simees,0.525,0.532,-7.969,0.0293,0.156,8.46e-06,0.201,0.501,110.007
Ta Tragoudia Mou Ine Kapos,Haris Katsimihas,Tripies Simees,0.49,0.876,-5.17,0.0386,0.000623,9.89e-05,0.343,0.794,147.003
An Ise Theos,Haris Katsimihas,Tripies Simees,0.518,0.467,-7.616,0.0296,0.0433,0.0,0.104,0.441,126.033
Ego Ithela Na Gino Dentro,Haris Katsimihas,Tripies Simees,0.459,0.533,-9.182,0.0307,0.498,3.05e-06,0.167,0.338,114.965
Gineka Tis Psichis Mou,Haris Katsimihas,Tripies Simees,0.372,0.113,-14.749,0.0384,0.893,0.000336,0.121,0.0799,119.866
Kerinia,Haris Katsimihas,Tripies Simees,0.431,0.471,-7.949,0.0308,0.201,0.0,0.317,0.388,114.236
Poios Ti Zoi Mou,Haris Katsimihas,Tripies Simees,0.606,0.642,-9.314,0.0344,0.0771,0.00016,0.0597,0.615,85.541
Parathiro Sto Fos,Haris Katsimihas,Tripies Simees,0.413,0.322,-9.387,0.0301,0.81,0.0474,0.114,0.178,111.075
Pios Ti Zoi Mou,Haris Katsimihas,Tripies Simees,0.233,0.218,-12.388,0.0386,0.797,4.21e-05,0.105,0.0838,174.241
Nihtose Nihta,Haris & Panos Katsimihas,Haris & Panos Katsimihas Compilation,0.51,0.543,-8.112,0.0265,0.0787,1.97e-06,0.196,0.475,79.534
Shima Logou,Haris & Panos Katsimihas,Haris & Panos Katsimihas Compilation,0.371,0.414,-7.282,0.0328,0.618,0.0,0.13,0.22,80.358
I Synelefsi Ton Pontikon,Haris & Panos Katsimihas,Haris & Panos Katsimihas Compilation,0.659,0.532,-5.958,0.0307,0.199,0.0,0.121,0.537,99.938
Kataggelo,Haris & Panos Katsimihas,Haris & Panos Katsimihas Compilation,0.72,0.62,-6.196,0.0445,0.148,0.0,0.369,0.642,132.048
Omorfi Mera,Haris & Panos Katsimihas,Haris & Panos Katsimihas Compilation,0.516,0.681,-7.227,0.0274,0.386,0.00263,0.235,0.344,89.958
Santorini,Haris & Panos Katsimihas,Haris & Panos Katsimihas Compilation,0.483,0.65,-6.853,0.0326,0.314,4.3e-06,0.112,0.46,125.151
Markos Kai Anna,Haris & Panos Katsimihas,Haris & Panos Katsimihas Compilation,0.478,0.478,-8.244,0.0289,0.314,0.0,0.239,0.249,130.141
Mi Girisis,Haris & Panos Katsimihas,Haris & Panos Katsimihas Compilation,0.538,0.503,-7.514,0.0268,0.0198,1.48e-05,0.147,0.081,131.895
Amorgiano Mou Perama,Haris & Panos Katsimihas,Haris & Panos Katsimihas Compilation,0.532,0.532,-6.353,0.0338,0.493,0.0,0.27,0.678,82.022
An Yparhi Logos,Haris & Panos Katsimihas,Haris & Panos Katsimihas Compilation,0.67,0.758,-6.345,0.0313,0.139,0.0,0.261,0.694,100.987
Anoites Agapes,Haris & Panos Katsimihas,Haris & Panos Katsimihas Compilation,0.448,0.428,-8.024,0.0297,0.456,0.0,0.126,0.0861,128.045
Dos Mou To Psema Sou,Haris & Panos Katsimihas,Haris & Panos Katsimihas Compilation,0.455,0.746,-7.169,0.0337,0.17,4.98e-06,0.363,0.606,92.933
Don'T Worry Be Happy,Haris & Panos Katsimihas,Haris & Panos Katsimihas Compilation,0.549,0.674,-7.013,0.0513,0.195,0.000239,0.181,0.622,132.117
Tou Erota,Haris & Panos Katsimihas,Haris & Panos Katsimihas Compilation,0.298,0.681,-6.442,0.0463,0.512,0.000125,0.0958,0.0552,135.871
Bleib Treu Cafe - Berlin 1976,Haris & Panos Katsimihas,Haris & Panos Katsimihas Compilation,0.35,0.388,-9.264,0.0318,0.116,8.05e-05,0.103,0.229,121.391
To Domatio,Haris & Panos Katsimihas,Haris & Panos Katsimihas Compilation,0.436,0.457,-8.267,0.0308,0.186,0.0,0.117,0.103,117.631
O Paliatsos Ki O Listis,Haris & Panos Katsimihas,Haris & Panos Katsimihas Compilation,0.605,0.721,-6.646,0.0285,0.00226,0.000179,0.227,0.76,129.986
Louloudi Tou Dasous,Haris & Panos Katsimihas,Haris & Panos Katsimihas Compilation,0.551,0.616,-6.408,0.0373,0.0323,0.000119,0.329,0.511,130.87
Otan Sou Leo Portokali Na Vgenis,Haris & Panos Katsimihas,Haris & Panos Katsimihas Compilation,0.283,0.366,-8.812,0.0294,0.623,0.000266,0.111,0.337,143.717
Theofilos Hadjimihail,Haris & Panos Katsimihas,Haris & Panos Katsimihas Compilation,0.375,0.305,-9.784,0.0324,0.83,1.7e-05,0.103,0.179,112.782
Torpedo Blues,Haris & Panos Katsimihas,Haris & Panos Katsimihas Compilation,0.623,0.47,-9.564,0.0309,0.405,0.0,0.378,0.444,122.473
I'M Calling Earth,Haris & Panos Katsimihas,Haris & Panos Katsimihas Compilation,0.427,0.627,-9.046,0.0369,0.466,0.000806,0.101,0.34,89.945
Mitera Signomi Pou Den Pantreftika Esena,Haris & Panos Katsimihas,Haris & Panos Katsimihas Compilation,0.352,0.285,-10.872,0.038,0.797,0.0,0.0958,0.205,50.479
I Ehemythia,Haris & Panos Katsimihas,"Haris & Panos Katsimihas Compilation, Vol. 2",0.275,0.239,-11.515,0.0335,0.71,2.79e-06,0.103,0.217,133.294
Kokkinos Horos,Haris & Panos Katsimihas,"Haris & Panos Katsimihas Compilation, Vol. 2",0.543,0.702,-8.206,0.0398,0.0169,4.12e-06,0.11,0.741,138.796
I Veziropoula Me To Sazi,Haris & Panos Katsimihas,"Haris & Panos Katsimihas Compilation, Vol. 2",0.462,0.538,-12.029,0.033,0.452,0.0975,0.111,0.462,88.548
Simata Mors,Haris & Panos Katsimihas,"Haris & Panos Katsimihas Compilation, Vol. 2",0.598,0.362,-10.227,0.0306,0.65,1.01e-06,0.16,0.288,113.623
To Koritsi Me Ta Spirta,Haris & Panos Katsimihas,"Haris & Panos Katsimihas Compilation, Vol. 2",0.35,0.306,-9.734,0.0338,0.822,0.0,0.384,0.559,81.207
Palia Kalokeria,Harrys Katsimichas,Tis Agapis Maheria,0.614,0.179,-15.531,0.0315,0.925,0.00268,0.0998,0.399,92.874
Etsi Trelenese,Harrys Katsimichas,Tis Agapis Maheria,0.8,0.674,-11.449,0.0549,0.0666,0.000313,0.0573,0.68,97.014
Ta Logia Ta Megala Pou Ho Pi,Harrys Katsimichas,Tis Agapis Maheria,0.448,0.693,-12.804,0.371,0.683,0.000358,0.978,0.427,182.732
I Tsatsara,Harrys Katsimichas,Tis Agapis Maheria,0.626,0.363,-12.171,0.0442,0.555,1.8e-05,0.116,0.428,129.792
Ta Rempetika Mas Mes Sti Strata,Sotiria Bellou,Laika Proastia,0.676,0.637,-4.997,0.0473,0.549,0.0,0.122,0.67,106.27
Plateia Vathis,Sotiria Bellou,Laika Proastia,0.4,0.604,-6.789,0.0358,0.513,0.0,0.145,0.352,94.431
Metaxourgeio,Sotiria Bellou,Laika Proastia,0.453,0.453,-6.952,0.0338,0.757,0.0,0.0926,0.277,128.65
Kaisariani,Sotiria Bellou,Laika Proastia,0.556,0.624,-5.7,0.0381,0.616,0.0,0.0713,0.553,126.633
Skopeftirio,Sotiria Bellou,Laika Proastia,0.597,0.561,-5.117,0.0288,0.682,0.0,0.0523,0.579,100.649
O Ageras Stous Dromous,Sotiria Bellou,Laika Proastia,0.408,0.551,-8.449,0.03,0.612,4.08e-06,0.304,0.483,112.71
Min Klais,Sotiria Bellou,Laika Proastia,0.389,0.503,-7.061,0.0312,0.498,1.03e-06,0.082,0.313,132.096
Stis Laspomenes Strates,Sotiria Bellou,Laika Proastia,0.61,0.68,-4.234,0.0304,0.471,0.0,0.103,0.748,132.12
Kapoio Vrady T' Oneiro Mou,Sotiria Bellou,Laika Proastia,0.483,0.629,-3.867,0.0496,0.757,0.0,0.0916,0.544,112.02
Akronafplia,Sotiria Bellou,Laika Proastia,0.659,0.672,-4.592,0.0322,0.504,0.0,0.043,0.595,125.626
Eipa Na Sou Steilo,Sotiria Bellou,Laika Proastia,0.35,0.396,-8.757,0.0321,0.705,3.18e-06,0.0867,0.661,117.19
Laika Proastia,Sotiria Bellou,Laika Proastia,0.439,0.425,-8.612,0.0377,0.723,0.0,0.177,0.449,83.836
Tha Se Xanavro Stous Baxedes,Alkistis Protopsalti,Grammata Sto Makrygianni Kai Alla Laika,0.502,0.647,-5.745,0.03,0.696,0.0,0.0671,0.767,109.729
Htypo Tin Porta Tou Theou,Alkistis Protopsalti,Grammata Sto Makrygianni Kai Alla Laika,0.632,0.508,-6.551,0.0287,0.635,0.0,0.313,0.798,140.406
Eihes Thalasses Sta Matia,Alkistis Protopsalti,Grammata Sto Makrygianni Kai Alla Laika,0.656,0.577,-7.464,0.0307,0.73,3.84e-06,0.156,0.767,136.164
Stin Ithaki,Alkistis Protopsalti,Grammata Sto Makrygianni Kai Alla Laika,0.362,0.362,-10.275,0.0306,0.86,0.0,0.0928,0.293,184.123
Osoi Gyrisoun Tsakismenoi,Alkistis Protopsalti,Grammata Sto Makrygianni Kai Alla Laika,0.802,0.561,-6.439,0.0353,0.482,0.0,0.0806,0.897,115.575
Mporeis An Theleis,Alkistis Protopsalti,Grammata Sto Makrygianni Kai Alla Laika,0.506,0.433,-8.352,0.0354,0.909,0.0,0.105,0.599,116.95
Ti Tragoudi Na Sou Grapso,Alkistis Protopsalti,Grammata Sto Makrygianni Kai Alla Laika,0.272,0.406,-8.551,0.0298,0.822,0.0,0.124,0.43,174.788
Ta Laika Tragoudia Mou,Alkistis Protopsalti,Grammata Sto Makrygianni Kai Alla Laika,0.435,0.52,-6.188,0.0327,0.743,0.0,0.122,0.529,147.365
Deilina Sti Sparti,Alkistis Protopsalti,Grammata Sto Makrygianni Kai Alla Laika,0.305,0.392,-7.29,0.0298,0.923,0.0,0.144,0.635,181.903
Se Kapoio Magazi,Alkistis Protopsalti,Grammata Sto Makrygianni Kai Alla Laika,0.7,0.504,-7.64,0.0361,0.714,0.0,0.118,0.746,128.48
Aftes Oi Xenes Agkalies,Alkistis Protopsalti,Grammata Sto Makrygianni Kai Alla Laika,0.4,0.383,-8.159,0.0264,0.591,5.8e-06,0.0654,0.392,95.971
Mou 'Pes Fevgeis Metanastis,Alkistis Protopsalti,Grammata Sto Makrygianni Kai Alla Laika,0.434,0.538,-6.922,0.0406,0.669,0.0,0.112,0.592,105.732
O Erotas,Ilias Andriopoulos,Prosanatolismoi,0.409,0.296,-10.002,0.0303,0.903,0.0,0.082,0.673,103.606
Floisvos Fili,Ilias Andriopoulos,Prosanatolismoi,0.174,0.315,-10.779,0.034,0.908,0.000198,0.0905,0.146,82.001
Oneira Ki Oneira,Ilias Andriopoulos,Prosanatolismoi,0.259,0.285,-11.135,0.0283,0.923,0.00187,0.114,0.321,94.689
Monahiki Mousiki,Ilias Andriopoulos,Prosanatolismoi,0.669,0.0265,-17.475,0.105,0.974,0.902,0.0829,0.366,101.668
Ola Ta Kyparissia,Ilias Andriopoulos,Prosanatolismoi,0.419,0.167,-13.75,0.0294,0.951,0.0101,0.103,0.243,97.078
Katanyxi Erimiki,Ilias Andriopoulos,Prosanatolismoi,0.48,0.242,-14.799,0.0492,0.645,0.848,0.146,0.279,173.723
Tin Afouriti Nychtia,Ilias Andriopoulos,Prosanatolismoi,0.283,0.24,-10.916,0.0316,0.689,0.000844,0.113,0.397,103.284
To Stafyli Afto,Ilias Andriopoulos,Prosanatolismoi,0.426,0.274,-9.616,0.0278,0.583,1.15e-06,0.081,0.516,84.273
Poulia Sta Hilia Hromata,Ilias Andriopoulos,Prosanatolismoi,0.604,0.378,-9.101,0.029,0.731,0.000192,0.0751,0.489,71.391
Marazi Tou Erota,Ilias Andriopoulos,Prosanatolismoi,0.471,0.311,-10.959,0.033,0.32,0.138,0.0844,0.59,107.382
Ouranos Katharoaimos,Ilias Andriopoulos,Prosanatolismoi,0.497,0.205,-11.768,0.0309,0.864,1.77e-05,0.0896,0.238,135.487
Amerimnos Anemos,Ilias Andriopoulos,Prosanatolismoi,0.436,0.25,-11.756,0.0413,0.554,0.304,0.128,0.41,105.433
Ola Ta Synnefa,Ilias Andriopoulos,Prosanatolismoi,0.4,0.0314,-19.739,0.055,0.985,0.000136,0.0847,0.28,60.373
Otan Mas Kopsan Ta Ftera,Sotiria Bellou,Oi Xenes Portes,0.3,0.536,-4.675,0.0359,0.812,0.0,0.114,0.499,154.738
Ta Teleftaia Simata,Sotiria Bellou,Oi Xenes Portes,0.604,0.604,-5.146,0.0457,0.79,3.33e-05,0.087,0.433,126.206
Kaimos Paliou Rebeti,Sotiria Bellou,Oi Xenes Portes,0.469,0.502,-4.774,0.037,0.824,0.0,0.073,0.666,146.493
Feggari Makrino,Sotiria Bellou,Oi Xenes Portes,0.432,0.42,-5.529,0.0251,0.843,0.0013,0.25,0.113,94.979
Monahike Mou File,Sotiria Bellou,Oi Xenes Portes,0.485,0.377,-6.508,0.0288,0.912,6.34e-05,0.0955,0.422,144.658
Tis Xenes Portes Min Htypas,Sotiria Bellou,Oi Xenes Portes,0.306,0.596,-4.936,0.0318,0.788,0.0,0.127,0.19,145.882
Ta Magika Pou Sou 'Grapsa Tragoudia,Sotiria Bellou,Oi Xenes Portes,0.648,0.633,-4.124,0.0441,0.839,3.65e-06,0.11,0.535,127.136
Epese Vrohi Ki Ageras,Sotiria Bellou,Oi Xenes Portes,0.491,0.444,-7.49,0.0303,0.804,0.000523,0.0905,0.219,77.817
Me To Trimeno Sou Palto,Sotiria Bellou,Oi Xenes Portes,0.799,0.767,-3.673,0.0402,0.822,0.000126,0.25,0.954,130.929
Tragoudi Tou 1985,Sotiria Bellou,Oi Xenes Portes,0.342,0.343,-8.159,0.0295,0.903,0.0,0.125,0.287,146.142
Motivo Paliou Kairou - Instrumental,Sotiria Bellou,Oi Xenes Portes,0.596,0.343,-7.37,0.0262,0.94,0.88,0.146,0.456,95.56
Epilogos,Sotiria Bellou,Oi Xenes Portes,0.448,0.146,-12.499,0.0334,0.973,0.0,0.186,0.354,131.862
Epitimvio,Various Artists,Kiklos Seferi,0.67,0.492,-9.316,0.0343,0.852,2.42e-06,0.166,0.592,119.058
Emis Pou Xekinisame,Various Artists,Kiklos Seferi,0.361,0.299,-10.727,0.0374,0.694,0.0,0.071,0.547,84.804
Tria Kokkina Peristeria,Various Artists,Kiklos Seferi,0.254,0.389,-10.826,0.0356,0.762,0.0,0.28,0.296,97.179
Sadorini (Stin Alli Zoi),Various Artists,Kiklos Seferi,0.192,0.419,-11.105,0.0373,0.74,0.0,0.107,0.377,189.124
Ki An O Ageras Fisa,Various Artists,Kiklos Seferi,0.431,0.446,-9.832,0.0304,0.577,0.0,0.173,0.607,106.865
Agianagia V' (Sikomouria),Various Artists,Kiklos Seferi,0.565,0.462,-9.483,0.0276,0.813,0.0,0.0742,0.561,106.14
To Ema Sou Pagone,Various Artists,Kiklos Seferi,0.224,0.32,-11.731,0.0337,0.757,1.08e-05,0.569,0.144,105.08
Tris Vrahi / Edo Araxame Karavi,Various Artists,Kiklos Seferi,0.464,0.221,-11.832,0.0563,0.565,0.0,0.14,0.287,94.191
Edo Telionoun Ta Erga Tis Thalassas,Various Artists,Kiklos Seferi,0.506,0.366,-9.301,0.0343,0.733,0.0,0.102,0.608,109.727
Oniro,Various Artists,Kiklos Seferi,0.477,0.5,-9.401,0.0288,0.876,0.0,0.0858,0.6,96.898
Ntomates Gemistes,Irini Qn,Horis To Tokso Stin Arena,0.662,0.51,-8.11,0.0411,0.528,0.0,0.0787,0.698,69.742
To Koritsi Me To Ryzi,Irini Qn,Horis To Tokso Stin Arena,0.631,0.468,-10.883,0.0318,0.122,8.19e-06,0.19,0.12,118.1
Yunan,Irini Qn,Horis To Tokso Stin Arena,0.61,0.481,-9.998,0.0344,0.372,1.6e-06,0.106,0.0692,124.321
Erinyes,Irini Qn,Horis To Tokso Stin Arena,0.419,0.526,-9.15,0.103,0.359,0.0,0.0873,0.211,87.16
Animus,Irini Qn,Horis To Tokso Stin Arena,0.425,0.663,-10.749,0.0371,0.849,0.000256,0.118,0.495,96.843
O Monologos Mias Diatarahis,Irini Qn,Horis To Tokso Stin Arena,0.531,0.554,-8.561,0.0305,0.0239,0.0,0.138,0.388,140.096
Horis To Tokso Stin Arena,Irini Qn,Horis To Tokso Stin Arena,0.52,0.421,-10.761,0.0245,0.0531,0.0,0.16,0.103,97.706
Paihnidia,Irini Qn,Horis To Tokso Stin Arena,0.51,0.189,-16.231,0.0509,0.932,0.0,0.172,0.3,137.53
Gerasame Mazi,Irini Qn,Horis To Tokso Stin Arena,0.622,0.374,-12.0,0.0604,0.397,0.0,0.234,0.123,102.49
Eksomologisi Mias Anapantitis Klisis,Irini Qn,Horis To Tokso Stin Arena,0.421,0.279,-11.568,0.0382,0.849,0.0,0.275,0.378,129.037
Astro Tis Anatolis,Kostas Grigoreas,Tetradio Gia Kithara,0.445,0.277,-15.59,0.0446,0.947,0.861,0.122,0.46,86.983
Nihterinos Horos,Kostas Grigoreas,Tetradio Gia Kithara,0.49,0.202,-15.931,0.0875,0.944,0.94,0.0986,0.267,114.626
Kourasmeno Pallikari,Kostas Grigoreas,Tetradio Gia Kithara,0.35,0.0988,-17.82,0.0472,0.951,0.879,0.106,0.635,137.644
I Parthena Tis Gitonias Mou,Kostas Grigoreas,Tetradio Gia Kithara,0.385,0.35,-14.552,0.0579,0.969,0.891,0.11,0.284,152.254
Aeriko,Kostas Grigoreas,Tetradio Gia Kithara,0.339,0.106,-19.509,0.0437,0.983,0.915,0.11,0.575,145.689
To Limani,Kostas Grigoreas,Tetradio Gia Kithara,0.588,0.0862,-16.034,0.0819,0.937,0.627,0.103,0.31,117.042
O Glaros,Kostas Grigoreas,Tetradio Gia Kithara,0.471,0.253,-17.451,0.0492,0.953,0.898,0.0894,0.54,137.296
Kapou Iparhi I Agapi Mou,Kostas Grigoreas,Tetradio Gia Kithara,0.482,0.0365,-20.505,0.0456,0.97,0.804,0.123,0.179,77.607
Pes Mou Mia Lexi,Kostas Grigoreas,Tetradio Gia Kithara,0.486,0.193,-16.473,0.038,0.964,0.89,0.109,0.393,92.823
Athanasia,Kostas Grigoreas,Tetradio Gia Kithara,0.481,0.124,-19.926,0.0761,0.985,0.669,0.107,0.106,75.654
Mia Fora Ki Ena Kero,Kostas Grigoreas,Tetradio Gia Kithara,0.514,0.0557,-21.766,0.0516,0.982,0.907,0.108,0.416,121.709
I Balada Tou Ouri,Kostas Grigoreas,Tetradio Gia Kithara,0.557,0.246,-15.998,0.0483,0.976,0.873,0.103,0.673,77.435
Agapi Mou,Kostas Grigoreas,Tetradio Gia Kithara,0.527,0.112,-16.826,0.0523,0.97,0.825,0.0951,0.147,108.729
Mirizi O Kosmos Giasemi,Kostas Grigoreas,Tetradio Gia Kithara,0.605,0.256,-14.189,0.048,0.936,0.947,0.113,0.603,97.645
O Kemal,Kostas Grigoreas,Tetradio Gia Kithara,0.512,0.129,-17.938,0.047,0.981,0.947,0.11,0.55,146.062
I Sexoualiki Polirithmia,Kostas Grigoreas,Tetradio Gia Kithara,0.553,0.154,-18.465,0.0696,0.977,0.885,0.114,0.572,108.43
I Balada Ton Esthiseon Ke Ton Paresthiseon,Kostas Grigoreas,Tetradio Gia Kithara,0.427,0.191,-16.281,0.0463,0.964,0.933,0.0994,0.488,145.94
To Vals Ton Hamenon Oniron Gia Dio Kithares,Kostas Grigoreas,Tetradio Gia Kithara,0.482,0.301,-16.007,0.048,0.937,0.788,0.0671,0.706,152.242
Ta Ble Papoutsia,Lakis Papadopoulos,Dikeoma St' Oniro,0.745,0.645,-15.605,0.0484,0.168,0.0433,0.0592,0.948,116.715
O Koursaros - Live,Lakis Papadopoulos,Dikeoma St' Oniro,0.335,0.315,-16.749,0.0431,0.737,0.0047,0.756,0.378,160.088
Dikeoma St' Oniro,Lakis Papadopoulos,Dikeoma St' Oniro,0.41,0.348,-14.244,0.0492,0.569,0.00881,0.221,0.553,168.452
Menexedia - Live,Lakis Papadopoulos,Dikeoma St' Oniro,0.559,0.643,-13.987,0.0331,0.654,0.392,0.421,0.468,109.401
Kapies Ores,Lakis Papadopoulos,Dikeoma St' Oniro,0.308,0.886,-10.335,0.0683,0.0104,0.546,0.323,0.785,117.788
Giristroula,Lakis Papadopoulos,Dikeoma St' Oniro,0.504,0.476,-13.237,0.0289,0.045,0.0105,0.0626,0.954,124.384
San Exogiini Romadiki,Lakis Papadopoulos,Dikeoma St' Oniro,0.533,0.304,-15.876,0.0545,0.233,0.000432,0.22,0.539,104.084
Se Zitao,Lakis Papadopoulos,Dikeoma St' Oniro,0.743,0.45,-14.816,0.0402,0.719,0.0933,0.0887,0.472,129.096
Ti Nihta Afti,Lakis Papadopoulos,Dikeoma St' Oniro,0.35,0.36,-14.663,0.0371,0.487,0.0154,0.484,0.354,89.571
Filake Kerkiras,Lakis Papadopoulos,Dikeoma St' Oniro,0.496,0.73,-11.335,0.0475,0.0666,3.45e-06,0.271,0.877,158.988
Enohi Siopi,Lakis Papadopoulos,Dikeoma St' Oniro,0.339,0.265,-15.925,0.0292,0.0565,0.456,0.131,0.148,105.059
I Anemona Tou Sikagou,Lakis Papadopoulos,Dikeoma St' Oniro,0.601,0.43,-14.853,0.0353,0.334,0.00846,0.108,0.655,141.68
I Alithia Vgazi Mati,Lakis Papadopoulos,Dikeoma St' Oniro,0.657,0.372,-17.554,0.0428,0.179,0.0436,0.0427,0.489,138.711
Vaggeli,Lakis Papadopoulos,Dikeoma St' Oniro,0.494,0.396,-14.888,0.0488,0.414,0.0688,0.0854,0.565,127.952
Mia Nihta Pathon (Ihografisi Se Aplo Kasetofono),Lakis Papadopoulos,Dikeoma St' Oniro,0.681,0.0771,-22.602,0.103,0.961,0.875,0.0679,0.711,93.73
Monahos Sto Agio Oros,Lakis Papadopoulos,Dikeoma St' Oniro,0.578,0.702,-15.435,0.05,0.702,0.0691,0.116,0.811,106.155
Larri,Lakis Papadopoulos,Dikeoma St' Oniro,0.401,0.472,-13.113,0.035,0.837,0.8,0.095,0.375,131.616
Pragmata Pou Den Ekanes,Lakis Papadopoulos,Dikeoma St' Oniro,0.539,0.484,-14.429,0.0415,0.307,0.0,0.114,0.443,97.02
Esi Eki - Live,Lakis Papadopoulos,Dikeoma St' Oniro,0.596,0.539,-13.54,0.0415,0.642,0.0304,0.0819,0.487,127.275
Rixe Kokkino Sti Nihta,Lavrentis Machairitsas,Rixe Kokkino Sti Nihta,0.544,0.383,-13.317,0.0325,0.435,1.84e-06,0.0962,0.248,88.755
Mikros Titanikos,Lavrentis Machairitsas,Rixe Kokkino Sti Nihta,0.739,0.373,-15.23,0.037,0.8,4.03e-05,0.105,0.424,127.21
Mikrasiatiko,Lavrentis Machairitsas,Rixe Kokkino Sti Nihta,0.465,0.25,-17.216,0.0544,0.784,9.42e-05,0.135,0.15,161.725
Imifos,Lavrentis Machairitsas,Rixe Kokkino Sti Nihta,0.602,0.257,-18.191,0.0345,0.848,0.0131,0.105,0.164,145.586
Hameni Psifos,Lavrentis Machairitsas,Rixe Kokkino Sti Nihta,0.764,0.34,-17.984,0.0393,0.502,0.000416,0.104,0.554,92.974
Na Dis Ti Sou 'Ho Gia Meta,Lavrentis Machairitsas,Rixe Kokkino Sti Nihta,0.577,0.276,-17.819,0.0501,0.657,0.0,0.0652,0.0742,145.01
Sta Kamena,Lavrentis Machairitsas,Rixe Kokkino Sti Nihta,0.463,0.258,-20.495,0.0436,0.879,0.0,0.0813,0.396,106.832
Den Me Pistevis (We Are No Angels),Lavrentis Machairitsas,Rixe Kokkino Sti Nihta,0.655,0.139,-20.98,0.0344,0.823,8.67e-05,0.121,0.136,121.164
Tango Ston Kathrefti Mou,Lavrentis Machairitsas,Rixe Kokkino Sti Nihta,0.572,0.528,-13.134,0.0374,0.0348,2.24e-06,0.112,0.396,81.441
Nin Apoliis Ton Doulo Sou Despota,Lavrentis Machairitsas,Rixe Kokkino Sti Nihta,0.543,0.215,-22.021,0.0403,0.736,0.00114,0.111,0.182,92.948
Ela Psihoula Mou (To Tragoudi Tis Kathrin),Lavrentis Machairitsas,To Dialimma Kratai Dio Zoes,0.484,0.476,-9.218,0.0454,0.427,0.0,0.0622,0.877,203.201
Matia Dihos Logiki,Lavrentis Machairitsas,To Dialimma Kratai Dio Zoes,0.45,0.481,-8.789,0.0267,0.27,3.1e-05,0.165,0.0783,160.088
Mehri Ema Na Vgi,Lavrentis Machairitsas,To Dialimma Kratai Dio Zoes,0.755,0.631,-8.963,0.0732,0.284,0.0211,0.117,0.698,89.675
To Diari,Lavrentis Machairitsas,To Dialimma Kratai Dio Zoes,0.598,0.343,-10.753,0.035,0.652,0.00161,0.0998,0.0744,68.487
Parti Me Palious Sou Erastes,Lavrentis Machairitsas,To Dialimma Kratai Dio Zoes,0.407,0.562,-10.596,0.0738,0.018,0.144,0.451,0.208,134.318
Giati Ine Tehni,Lavrentis Machairitsas,To Dialimma Kratai Dio Zoes,0.667,0.62,-8.171,0.113,0.123,2.65e-05,0.155,0.367,73.014
Klise Ta Matakia Sou,Lavrentis Machairitsas,To Dialimma Kratai Dio Zoes,0.392,0.451,-9.798,0.0385,0.677,0.000827,0.0937,0.324,80.755
O Egokedrikos,Lavrentis Machairitsas,To Dialimma Kratai Dio Zoes,0.694,0.623,-8.793,0.0274,0.0331,0.00182,0.133,0.6,108.024
Ine To Gelio Sou,Lavrentis Machairitsas,To Dialimma Kratai Dio Zoes,0.41,0.614,-7.711,0.0371,0.137,4.53e-05,0.138,0.354,160.494
I Farma,Lavrentis Machairitsas,To Dialimma Kratai Dio Zoes,0.557,0.839,-6.274,0.0543,0.331,0.00239,0.0847,0.731,139.897
Teratakia Tsepis,Lavrentis Machairitsas,To Dialimma Kratai Dio Zoes,0.641,0.547,-8.217,0.0584,0.617,0.0,0.108,0.447,94.309
O Soultanos Tis Vavilonas Ke I Gineka - Mediterranean Mix,Lavrentis Machairitsas,To Dialimma Kratai Dio Zoes,0.707,0.827,-7.043,0.0622,0.237,0.0,0.0867,0.96,136.017
Tragoudaki,Lavrentis Machairitsas,To Dialimma Kratai Dio Zoes,0.601,0.491,-8.998,0.04,0.84,3.34e-06,0.161,0.485,135.116
Se Stil Na Mi Xehniomaste,Lavrentis Machairitsas,Didimotiho Blues,0.433,0.202,-16.628,0.0377,0.649,0.0,0.234,0.521,132.714
Se Vrisko,Lavrentis Machairitsas,Didimotiho Blues,0.489,0.3,-17.662,0.0365,0.517,0.0,0.222,0.507,66.568
Kineziki Gimnastiki,Lavrentis Machairitsas,Didimotiho Blues,0.393,0.344,-16.702,0.0459,0.399,0.0,0.0554,0.709,175.612
Pios Mpike Sti Grammi Mas Kirii,Lavrentis Machairitsas,Didimotiho Blues,0.539,0.314,-16.31,0.0407,0.223,9.17e-06,0.169,0.349,141.581
Gia Na Min Paretitho,Lavrentis Machairitsas,Didimotiho Blues,0.629,0.33,-17.312,0.0338,0.346,0.0546,0.112,0.577,126.609
Didimotiho Blues,Lavrentis Machairitsas,Didimotiho Blues,0.397,0.35,-14.18,0.0418,0.415,2.01e-05,0.0895,0.311,131.943
Kitrina Fota,Lavrentis Machairitsas,Didimotiho Blues,0.551,0.266,-19.794,0.0422,0.525,7.72e-06,0.115,0.619,128.7
I Aliki I Merilin Ki Ego,Lavrentis Machairitsas,Didimotiho Blues,0.474,0.234,-19.006,0.0537,0.552,0.0,0.0866,0.251,73.946
Matia Apo Nihta,Lavrentis Machairitsas,Didimotiho Blues,0.637,0.314,-16.956,0.0297,0.557,0.00129,0.272,0.869,118.168
Ti Na Po,Lavrentis Machairitsas,Didimotiho Blues,0.33,0.224,-16.296,0.0407,0.456,8.55e-05,0.156,0.241,73.002
Enas Tourkos Sto Parisi,Lavrentis Machairitsas,Pafsilipon,0.548,0.395,-12.434,0.0319,0.0613,0.0,0.274,0.576,98.368
Pafsilipon,Lavrentis Machairitsas,Pafsilipon,0.288,0.262,-14.359,0.035,0.874,0.0303,0.148,0.232,146.604
Patera S' Agapo,Lavrentis Machairitsas,Pafsilipon,0.683,0.477,-9.983,0.0271,0.127,0.000552,0.144,0.218,129.998
Se Perimeno,Lavrentis Machairitsas,Pafsilipon,0.66,0.313,-11.064,0.0288,0.692,1.16e-05,0.0741,0.217,142.04
Sta Routhounia Tous,Lavrentis Machairitsas,Pafsilipon,0.817,0.329,-10.926,0.0476,0.144,3.49e-06,0.117,0.181,132.118
Notos,Lavrentis Machairitsas,Pafsilipon,0.514,0.372,-10.073,0.0297,0.347,0.0,0.194,0.233,139.994
Stin Agapi Ime Knitis,Lavrentis Machairitsas,Pafsilipon,0.797,0.244,-14.333,0.0454,0.545,0.0,0.0969,0.662,118.135
Kitrina Vradia,Lavrentis Machairitsas,Pafsilipon,0.343,0.245,-12.984,0.0373,0.827,0.0,0.113,0.228,95.546
Apousia,Lavrentis Machairitsas,Pafsilipon,0.412,0.24,-13.11,0.0334,0.527,0.00134,0.084,0.125,106.64
Idipodio,Lavrentis Machairitsas,Pafsilipon,0.754,0.473,-10.024,0.0391,0.263,5.86e-05,0.098,0.191,91.392
Teleftea Praxi,Lavrentis Machairitsas,Pafsilipon,0.33,0.357,-11.962,0.0374,0.386,0.0,0.114,0.147,80.419
Nistia Erotas Ke Prosefhi,Lavrentis Machairitsas,Sto Afierono,0.526,0.44,-10.439,0.0327,0.17,0.00403,0.0989,0.162,122.659
Sto Afierono,Lavrentis Machairitsas,Sto Afierono,0.332,0.255,-10.572,0.0302,0.942,0.0103,0.0913,0.144,138.746
O Dianooumenos,Lavrentis Machairitsas,Sto Afierono,0.718,0.387,-8.583,0.033,0.361,0.0,0.105,0.624,96.047
Prostiho,Lavrentis Machairitsas,Sto Afierono,0.812,0.575,-6.487,0.0673,0.447,0.0,0.18,0.464,123.492
Kati Savvatokiriaka,Lavrentis Machairitsas,Sto Afierono,0.652,0.426,-8.316,0.0278,0.227,0.0628,0.196,0.145,120.186
Da Capo,Lavrentis Machairitsas,Sto Afierono,0.86,0.432,-9.31,0.0428,0.57,0.0828,0.114,0.423,127.967
Ta Farmaka,Lavrentis Machairitsas,Sto Afierono,0.825,0.363,-8.592,0.0375,0.613,0.0,0.129,0.163,112.02
To Vima,Lavrentis Machairitsas,Sto Afierono,0.648,0.56,-9.437,0.0573,0.0685,0.00901,0.198,0.352,126.902
O Tzitzikas Ke O Mermigas,Lavrentis Machairitsas,Sto Afierono,0.817,0.676,-6.823,0.0328,0.267,1.2e-05,0.0679,0.593,120.033
Ta Onomata,Lavrentis Machairitsas,Sto Afierono,0.635,0.618,-7.509,0.034,0.206,0.0132,0.166,0.305,141.998
Na Zisis I Na Pexis,Lavrentis Machairitsas,Sto Afierono,0.606,0.464,-8.88,0.0327,0.581,5.51e-05,0.119,0.235,122.062
Agnostos H (Vita Spericolata),Lavrentis Machairitsas,Sto Afierono,0.654,0.454,-8.96,0.0284,0.651,2.51e-06,0.108,0.239,115.99
Boliki Filosofia,Lavrentis Machairitsas,Sto Afierono,0.738,0.607,-9.379,0.0304,0.232,2.62e-06,0.0799,0.919,117.023
O Magapas Ki I Sagapo,Lavrentis Machairitsas,O Magapas Ke I Sagapo,0.755,0.376,-14.325,0.0426,0.528,1.95e-06,0.0798,0.615,125.605
Kapse Me,Lavrentis Machairitsas,O Magapas Ke I Sagapo,0.658,0.686,-10.057,0.0467,0.471,0.00201,0.199,0.631,135.618
Kravgi Tis Nihtas,Lavrentis Machairitsas,O Magapas Ke I Sagapo,0.367,0.269,-12.232,0.0333,0.497,4.71e-05,0.127,0.144,104.005
I Polithrones,Lavrentis Machairitsas,O Magapas Ke I Sagapo,0.709,0.475,-10.054,0.0493,0.218,2.68e-06,0.0689,0.698,77.409
Siderenios Dromos,Lavrentis Machairitsas,O Magapas Ke I Sagapo,0.65,0.619,-14.959,0.051,0.722,0.00108,0.175,0.782,106.693
Pirates,Lavrentis Machairitsas,O Magapas Ke I Sagapo,0.52,0.296,-11.817,0.0366,0.642,1.47e-05,0.121,0.189,134.227
Lilika I Fimismeni,Lavrentis Machairitsas,O Magapas Ke I Sagapo,0.682,0.394,-11.627,0.042,0.811,0.0,0.147,0.35,118.253
Veloudo Ki Atsali,Lavrentis Machairitsas,O Magapas Ke I Sagapo,0.569,0.344,-15.456,0.0311,0.807,5.86e-05,0.134,0.387,89.502
Eftihia Me Kima,Lavrentis Machairitsas,O Magapas Ke I Sagapo,0.822,0.647,-11.856,0.0308,0.698,0.0769,0.468,0.652,93.947
Gia Tin Agapi Tis Vrohis,Lavrentis Machairitsas,O Magapas Ke I Sagapo,0.39,0.227,-17.426,0.0439,0.855,0.000166,0.122,0.196,112.146
To Sagapaki,Lavrentis Machairitsas,O Magapas Ke I Sagapo,0.592,0.0836,-22.065,0.0391,0.739,0.0,0.0705,0.352,117.747
Mou 'Hi Figi I Psihi (Hollywood Nights),Lavrentis Machairitsas,Parathira Pou Kourase H Thea,0.708,0.346,-14.297,0.0324,0.159,3.42e-06,0.0885,0.157,144.129
Pos Na Tin Kimithis Afti Ti Nihta,Lavrentis Machairitsas,Parathira Pou Kourase H Thea,0.359,0.121,-14.956,0.0312,0.592,0.00107,0.16,0.0394,87.975
Ap' Ta Exarhia Os To Pekino,Lavrentis Machairitsas,Parathira Pou Kourase H Thea,0.492,0.322,-12.395,0.0535,0.872,0.0,0.132,0.384,150.982
San Ehthri Agapithikame,Lavrentis Machairitsas,Parathira Pou Kourase H Thea,0.531,0.157,-16.342,0.033,0.619,0.00182,0.0892,0.0947,142.288
Epetios Dio Parallilon,Lavrentis Machairitsas,Parathira Pou Kourase H Thea,0.75,0.537,-12.547,0.036,0.526,0.000384,0.0817,0.394,122.22
Parathira Pou Kourase I Thea,Lavrentis Machairitsas,Parathira Pou Kourase H Thea,0.807,0.343,-15.092,0.0374,0.87,0.00167,0.101,0.504,105.171
Ola Ine Edo,Lavrentis Machairitsas,Parathira Pou Kourase H Thea,0.745,0.263,-16.052,0.0343,0.793,0.00127,0.106,0.318,132.302
Mia Idea Tis Stigmis,Lavrentis Machairitsas,Parathira Pou Kourase H Thea,0.712,0.365,-13.635,0.0528,0.578,1e-05,0.026,0.472,125.037
Tis Miras Mou To Toxo,Lavrentis Machairitsas,Parathira Pou Kourase H Thea,0.525,0.357,-15.694,0.0479,0.855,0.0,0.241,0.563,136.528
Mi Milate,Lavrentis Machairitsas,Parathira Pou Kourase H Thea,0.665,0.507,-12.987,0.056,0.572,1.02e-05,0.205,0.4,135.357
Kounoupaki,Lavrentis Machairitsas,Parathira Pou Kourase H Thea,0.372,0.412,-14.582,0.0505,0.506,2.35e-05,0.0914,0.167,86.161
Filakes Anilikon,Lavrentis Machairitsas,Parathira Pou Kourase H Thea,0.474,0.35,-14.673,0.0376,0.194,0.102,0.0664,0.0811,100.07
Filakes Anilikon B' Meros,Lavrentis Machairitsas,Parathira Pou Kourase H Thea,0.452,0.236,-16.637,0.035,0.212,0.0219,0.0814,0.235,100.017
Ke Ti Zitao,Lavrentis Machairitsas,Etsi Drapetevo Ap' Tis Parees,0.696,0.545,-9.93,0.028,0.534,0.0,0.094,0.486,104.49
Mia Mera Daniki,Lavrentis Machairitsas,Etsi Drapetevo Ap' Tis Parees,0.658,0.349,-11.503,0.0392,0.298,0.00999,0.117,0.449,100.177
Leo Na Tin Kano Siga-Siga (To Zeibekiko Tou Hristopoulou),Lavrentis Machairitsas,Etsi Drapetevo Ap' Tis Parees,0.694,0.277,-12.356,0.0639,0.569,3.79e-06,0.0765,0.305,119.332
Anasenis,Lavrentis Machairitsas,Etsi Drapetevo Ap' Tis Parees,0.389,0.447,-9.611,0.0855,0.123,0.000225,0.195,0.31,85.563
Ena Magio Ke Mia Helona,Lavrentis Machairitsas,Etsi Drapetevo Ap' Tis Parees,0.54,0.184,-13.956,0.0893,0.0499,6.95e-05,0.0757,0.369,73.067
I Thea,Lavrentis Machairitsas,Etsi Drapetevo Ap' Tis Parees,0.582,0.499,-10.967,0.035,0.21,0.0,0.319,0.513,138.198
Filise Mou Ta Pedia,Lavrentis Machairitsas,Etsi Drapetevo Ap' Tis Parees,0.591,0.363,-10.568,0.0266,0.0542,0.000359,0.106,0.157,130.17
Anna,Lavrentis Machairitsas,Etsi Drapetevo Ap' Tis Parees,0.589,0.429,-10.888,0.0292,0.35,0.00339,0.118,0.213,88.751
I Vardia,Lavrentis Machairitsas,Etsi Drapetevo Ap' Tis Parees,0.359,0.5,-10.396,0.0378,0.28,4.16e-06,0.323,0.444,113.394
Pithia,Lavrentis Machairitsas,Etsi Drapetevo Ap' Tis Parees,0.727,0.393,-11.069,0.0296,0.712,6.89e-06,0.252,0.659,109.952
Den Ftani Mono N' Agapas,Lavrentis Machairitsas,Etsi Drapetevo Ap' Tis Parees,0.363,0.131,-15.613,0.0588,0.524,0.0125,0.0971,0.0725,70.898
Alkionides Meres - Live,Lavrentis Machairitsas,Alkionides Meres - Apo Tin Niremvergi Stin Palia Lefkosia (Live),0.539,0.506,-9.513,0.0412,0.181,1.89e-05,0.72,0.456,130.024
Afise Me Edo - Live,Lavrentis Machairitsas,Alkionides Meres - Apo Tin Niremvergi Stin Palia Lefkosia (Live),0.361,0.661,-8.71,0.0621,0.0784,0.0,0.833,0.452,170.536
Proto Tragoudi - Live,Lavrentis Machairitsas,Alkionides Meres - Apo Tin Niremvergi Stin Palia Lefkosia (Live),0.639,0.639,-8.291,0.0354,0.175,0.000846,0.837,0.709,107.897
Idanikos Ke Anaxios Erastis - Live,Lavrentis Machairitsas,Alkionides Meres - Apo Tin Niremvergi Stin Palia Lefkosia (Live),0.575,0.413,-11.551,0.0322,0.782,0.0816,0.702,0.348,119.959
Ah Ellada S' Agapo - Live,Lavrentis Machairitsas,Alkionides Meres - Apo Tin Niremvergi Stin Palia Lefkosia (Live),0.506,0.484,-8.888,0.0271,0.556,0.0329,0.934,0.322,111.195
O Palios Stratiotis - Live,Lavrentis Machairitsas,Alkionides Meres - Apo Tin Niremvergi Stin Palia Lefkosia (Live),0.55,0.282,-10.744,0.0319,0.781,1.28e-06,0.828,0.164,109.462
Etsi Ki Allios - Live,Lavrentis Machairitsas,Alkionides Meres - Apo Tin Niremvergi Stin Palia Lefkosia (Live),0.564,0.591,-8.014,0.0348,0.599,1.07e-06,0.65,0.259,98.768
Efapax - Live,Lavrentis Machairitsas,Alkionides Meres - Apo Tin Niremvergi Stin Palia Lefkosia (Live),0.58,0.355,-8.772,0.034,0.812,0.0,0.324,0.482,85.528
Sinnefiasmene Mou Ourane - Live,Lavrentis Machairitsas,Alkionides Meres - Apo Tin Niremvergi Stin Palia Lefkosia (Live),0.605,0.533,-8.179,0.0264,0.431,0.000309,0.653,0.391,93.278
Shopping Therapy - Live,Lavrentis Machairitsas,Alkionides Meres - Apo Tin Niremvergi Stin Palia Lefkosia (Live),0.748,0.699,-7.116,0.0345,0.153,0.0,0.473,0.849,111.59
Vrahikikloma - Live,Lavrentis Machairitsas,Alkionides Meres - Apo Tin Niremvergi Stin Palia Lefkosia (Live),0.765,0.626,-7.889,0.209,0.268,0.0,0.806,0.648,134.947
Banaki Manaki - Live,Lavrentis Machairitsas,Alkionides Meres - Apo Tin Niremvergi Stin Palia Lefkosia (Live),0.667,0.862,-6.93,0.04,0.793,1.39e-05,0.701,0.845,140.426
Ti Na Po - Live,Lavrentis Machairitsas,Alkionides Meres - Apo Tin Niremvergi Stin Palia Lefkosia (Live),0.552,0.382,-9.726,0.0327,0.382,5.99e-05,0.574,0.205,133.632
Rock 'n' Roll Sto Krevati - Live,Lavrentis Machairitsas,Alkionides Meres - Apo Tin Niremvergi Stin Palia Lefkosia (Live),0.289,0.798,-7.323,0.0408,0.0781,0.00184,0.75,0.583,158.305
Rixe Kokkino Sti Nihta (You Are The Voice) - Live,Lavrentis Machairitsas,Alkionides Meres - Apo Tin Niremvergi Stin Palia Lefkosia (Live),0.461,0.629,-7.45,0.0304,0.177,1.22e-06,0.995,0.256,86.958
Iptameno Hali - Live,Lavrentis Machairitsas,Alkionides Meres - Apo Tin Niremvergi Stin Palia Lefkosia (Live),0.363,0.237,-11.028,0.0523,0.909,0.00142,0.201,0.04,81.689
Stin Giorti Tis Avgis - Live,Lavrentis Machairitsas,Alkionides Meres - Apo Tin Niremvergi Stin Palia Lefkosia (Live),0.451,0.601,-8.672,0.135,0.765,1.63e-06,0.933,0.485,122.519
Paei Efyge To Treno,Savina Yannatou,To '62 Tou Manou Hadjidaki,0.342,0.0531,-16.003,0.0431,0.933,0.0,0.241,0.297,138.68
Pame Mia Volta Sto Feggari,Savina Yannatou,To '62 Tou Manou Hadjidaki,0.386,0.208,-14.262,0.0378,0.872,0.00162,0.0871,0.112,108.462
O Tahydromos Pethane,Savina Yannatou,To '62 Tou Manou Hadjidaki,0.347,0.279,-9.989,0.0349,0.865,0.00447,0.106,0.377,130.065
O Kyr-Antonis,Savina Yannatou,To '62 Tou Manou Hadjidaki,0.616,0.186,-15.055,0.162,0.777,0.0,0.301,0.624,74.405
To Tragoudi Tis Evrydikis,Savina Yannatou,To '62 Tou Manou Hadjidaki,0.3,0.0897,-13.852,0.0464,0.973,0.00762,0.23,0.378,137.73
Hartino To Feggaraki,Savina Yannatou,To '62 Tou Manou Hadjidaki,0.293,0.0858,-20.418,0.0408,0.914,0.000354,0.314,0.216,87.639
Kapou Yparhei I Agapi Mou,Savina Yannatou,To '62 Tou Manou Hadjidaki,0.34,0.108,-15.987,0.086,0.81,0.0,0.257,0.0583,80.618
Itan Kamari Tis Avgis,Savina Yannatou,To '62 Tou Manou Hadjidaki,0.342,0.0875,-11.468,0.0368,0.95,0.0,0.0988,0.19,102.744
To Pelago Einai Vathy,Savina Yannatou,To '62 Tou Manou Hadjidaki,0.245,0.224,-11.964,0.0368,0.944,0.000111,0.13,0.132,130.034
To Mantolino,Savina Yannatou,To '62 Tou Manou Hadjidaki,0.32,0.114,-13.804,0.0483,0.946,0.0,0.138,0.201,172.564
Epilogos - Instrumental,Savina Yannatou,To '62 Tou Manou Hadjidaki,0.272,0.207,-16.829,0.0452,0.987,0.827,0.0942,0.256,155.198
Pou To Pane To Paidi,Savina Yannatou,To '62 Tou Manou Hadjidaki,0.231,0.278,-10.177,0.0342,0.916,2.62e-05,0.0913,0.0824,68.385
Tha Synantithoume Sto Saloon,Lena Platonos,Sampotaz,0.465,0.734,-5.755,0.279,0.327,0.0258,0.102,0.364,94.009
Galazia Kithara,Lena Platonos,Sampotaz,0.275,0.175,-14.365,0.0401,0.937,0.00354,0.111,0.151,73.763
Rantevou Stin Oasi,Lena Platonos,Sampotaz,0.471,0.822,-6.135,0.0633,0.273,0.00191,0.0959,0.854,159.439
O Gyros Tou Kosmou Se 1',Lena Platonos,Sampotaz,0.333,0.183,-12.646,0.042,0.932,2.07e-06,0.126,0.0945,136.985
Ptisi 201,Lena Platonos,Sampotaz,0.398,0.57,-10.0,0.0347,0.579,0.324,0.192,0.508,134.325
Ta Magika Blue Jean,Lena Platonos,Sampotaz,0.607,0.834,-7.246,0.0523,0.454,0.0,0.125,0.773,124.267
Hilies Kai Mia Nychtes Cinema,Lena Platonos,Sampotaz,0.607,0.726,-7.354,0.26,0.387,0.0,0.561,0.728,82.765
To Koperti,Lena Platonos,Sampotaz,0.275,0.306,-10.709,0.0376,0.664,0.0,0.0462,0.29,82.154
Sabotage,Lena Platonos,Sampotaz,0.428,0.74,-6.144,0.0386,0.000492,2.47e-05,0.28,0.139,104.563
Ta Kinoumena Skitsa,Lena Platonos,Sampotaz,0.653,0.402,-8.351,0.0688,0.827,5.29e-05,0.353,0.218,74.918
An M' Agapas Ela Na Kanoume Erota,Lena Platonos,Sampotaz,0.537,0.813,-6.794,0.134,0.325,0.0,0.328,0.583,81.214
Pame Mia Volta Sto Super Market,Lena Platonos,Sampotaz,0.343,0.761,-5.979,0.143,0.75,0.0,0.137,0.295,88.092
Sto Asterismo Tou Pigkouinou,Lena Platonos,Sampotaz,0.237,0.316,-13.418,0.0394,0.854,0.853,0.344,0.0359,115.505
Ta Tzitzikia,Rena Koumioti,To Thalassino Trifylli,0.685,0.669,-5.197,0.0292,0.698,0.0,0.11,0.864,120.317
O Tahydromos,Rena Koumioti,To Thalassino Trifylli,0.584,0.704,-5.257,0.0306,0.549,0.000321,0.311,0.761,126.806
Ntoukou Ntoukou Mihanaki,Rena Koumioti,To Thalassino Trifylli,0.553,0.655,-6.128,0.0356,0.559,0.0,0.13,0.962,129.047
I Eleni,Rena Koumioti,To Thalassino Trifylli,0.747,0.494,-7.301,0.039,0.432,1.45e-05,0.129,0.842,119.424
To Thalassino Trifylli,Rena Koumioti,To Thalassino Trifylli,0.569,0.626,-5.321,0.0287,0.26,0.0,0.0881,0.775,133.679
To Delfinokoritso,Rena Koumioti,To Thalassino Trifylli,0.769,0.597,-5.555,0.0369,0.729,0.0,0.293,0.963,121.948
To Erimonisi,Rena Koumioti,To Thalassino Trifylli,0.518,0.574,-4.665,0.0348,0.77,0.0,0.327,0.645,122.071
O Avgoustos,Rena Koumioti,To Thalassino Trifylli,0.679,0.848,-4.944,0.0444,0.603,0.0,0.0969,0.831,105.393
To Chryso Kleidi,Rena Koumioti,To Thalassino Trifylli,0.393,0.83,-5.92,0.114,0.467,0.0,0.187,0.525,208.24
Tha Katso Spiti,Loukianos Kilaidonis,Tragoudia Gia Kaka Pedia,0.869,0.718,-13.785,0.073,0.253,6.67e-05,0.198,0.894,128.596
BH 4530,Loukianos Kilaidonis,Tragoudia Gia Kaka Pedia,0.523,0.279,-15.965,0.034,0.545,0.21,0.138,0.372,173.54
O Imnos Ton Mavron Skilion,Loukianos Kilaidonis,Tragoudia Gia Kaka Pedia,0.689,0.666,-14.417,0.0974,0.403,0.0,0.144,0.923,110.884
Kakan-Kakan,Loukianos Kilaidonis,Tragoudia Gia Kaka Pedia,0.743,0.447,-15.712,0.0311,0.43,4.47e-05,0.0422,0.761,103.986
Aftes I Kaliteres Meres,Loukianos Kilaidonis,Tragoudia Gia Kaka Pedia,0.434,0.242,-16.678,0.0275,0.342,0.00534,0.179,0.222,73.685
Masao Tsihla,Loukianos Kilaidonis,Tragoudia Gia Kaka Pedia,0.656,0.354,-15.86,0.113,0.679,0.00467,0.0337,0.802,87.973
Xanthoula No2,Loukianos Kilaidonis,Tragoudia Gia Kaka Pedia,0.49,0.242,-15.133,0.0281,0.715,0.0481,0.132,0.151,82.805
Parte Kana Tilefono,Loukianos Kilaidonis,Tragoudia Gia Kaka Pedia,0.787,0.567,-14.744,0.114,0.299,0.00256,0.0822,0.967,128.504
Exi Pragmata,Loukianos Kilaidonis,Tragoudia Gia Kaka Pedia,0.773,0.568,-13.98,0.0714,0.481,0.00602,0.137,0.902,121.384
The Fucking Fifties,Loukianos Kilaidonis,Tragoudia Gia Kaka Pedia,0.525,0.177,-15.633,0.0411,0.63,0.0464,0.182,0.209,64.546
Kapou Tin Ehoume Patisei,Loukianos Kilaidonis,Eimai Enas Ftohos Kai Monos Cowboy,0.532,0.676,-6.686,0.0855,0.606,0.0,0.186,0.93,175.545
Athina Tou '78,Loukianos Kilaidonis,Eimai Enas Ftohos Kai Monos Cowboy,0.626,0.641,-7.865,0.0308,0.246,0.0,0.234,0.744,123.078
Deltion Taftotitas,Loukianos Kilaidonis,Eimai Enas Ftohos Kai Monos Cowboy,0.646,0.729,-6.779,0.0878,0.473,0.0,0.132,0.776,129.194
Ta Therina Cinema,Loukianos Kilaidonis,Eimai Enas Ftohos Kai Monos Cowboy,0.305,0.575,-6.52,0.0387,0.384,0.0,0.173,0.485,171.013
Otan I Poli Koimatai,Loukianos Kilaidonis,Eimai Enas Ftohos Kai Monos Cowboy,0.471,0.494,-7.586,0.0256,0.329,0.0,0.158,0.482,101.445
Sti Vouliagmeni,Loukianos Kilaidonis,Eimai Enas Ftohos Kai Monos Cowboy,0.658,0.542,-6.363,0.0517,0.775,0.0,0.236,0.882,140.903
Pros Neo Syntheti,Loukianos Kilaidonis,Eimai Enas Ftohos Kai Monos Cowboy,0.631,0.682,-5.63,0.0375,0.681,0.0,0.305,0.962,132.443
Eimai Enas Ftohos Kai Monos Cowboy,Loukianos Kilaidonis,Eimai Enas Ftohos Kai Monos Cowboy,0.713,0.9,-5.725,0.0711,0.512,0.0,0.286,0.891,113.948
Vatzigtzelo Vatzigtzo,Loukianos Kilaidonis,Ah! Patrida Mou Glikia (Remastered),0.647,0.567,-6.802,0.0496,0.932,0.0,0.114,0.888,126.426
Itan Ena Karavi Pedia,Loukianos Kilaidonis,Ah! Patrida Mou Glikia (Remastered),0.456,0.295,-11.066,0.037,0.871,0.0,0.0901,0.432,101.371
Ah! Patrida Mou Glikia,Loukianos Kilaidonis,Ah! Patrida Mou Glikia (Remastered),0.468,0.415,-9.635,0.0333,0.92,0.0,0.155,0.529,122.085
Ta Hristianopoula,Loukianos Kilaidonis,Ah! Patrida Mou Glikia (Remastered),0.633,0.356,-9.436,0.0378,0.874,0.0,0.121,0.926,115.152
Is To Vouno Psila Eki,Loukianos Kilaidonis,Ah! Patrida Mou Glikia (Remastered),0.241,0.113,-11.075,0.0424,0.921,0.0,0.3,0.216,144.703
Nato Nato To Dahtilidi,Loukianos Kilaidonis,Ah! Patrida Mou Glikia (Remastered),0.709,0.249,-10.2,0.0372,0.737,0.0,0.238,0.704,93.051
Mia Gida Mia Fora,Loukianos Kilaidonis,Ah! Patrida Mou Glikia (Remastered),0.749,0.575,-7.355,0.0591,0.911,0.0,0.148,0.928,130.916
Perdika,Loukianos Kilaidonis,Ah! Patrida Mou Glikia (Remastered),0.541,0.355,-9.602,0.0402,0.899,0.0,0.138,0.865,152.972
Flamouria,Loukianos Kilaidonis,Ah! Patrida Mou Glikia (Remastered),0.188,0.258,-11.839,0.0329,0.941,0.0,0.0939,0.173,74.651
Emis I Mavri Kleftes,Loukianos Kilaidonis,Ah! Patrida Mou Glikia (Remastered),0.396,0.239,-14.558,0.0481,0.957,1.35e-06,0.203,0.427,78.082
I Makedonia Mas,Loukianos Kilaidonis,Ah! Patrida Mou Glikia (Remastered),0.521,0.259,-10.474,0.0311,0.899,0.0,0.119,0.577,125.017
Im' Ena Mikro Pedaki,Loukianos Kilaidonis,Ah! Patrida Mou Glikia (Remastered),0.332,0.0265,-18.509,0.0578,0.967,0.0,0.128,0.147,163.794
E Genee Pase,Loukianos Kilaidonis,Ah! Patrida Mou Glikia (Remastered),0.14,0.283,-9.382,0.0319,0.952,0.0,0.146,0.327,84.032
Pera Stous Pera Kabous,Loukianos Kilaidonis,Ah! Patrida Mou Glikia (Remastered),0.595,0.358,-10.775,0.0314,0.926,3.13e-06,0.257,0.869,106.302
To Kakao Psinete,Loukianos Kilaidonis,Ah! Patrida Mou Glikia (Remastered),0.772,0.382,-8.83,0.0753,0.672,0.0,0.104,0.934,125.065
Thimisou Opou Pas,Loukianos Kilaidonis,Ah! Patrida Mou Glikia (Remastered),0.291,0.365,-10.693,0.0318,0.534,0.0,0.126,0.375,177.347
Ohi Den Horizomaste,Loukianos Kilaidonis,Ah! Patrida Mou Glikia (Remastered),0.196,0.202,-12.266,0.0309,0.665,0.0,0.0989,0.158,183.124
Laloun T' Aidonia,Loukianos Kilaidonis,Ah! Patrida Mou Glikia (Remastered),0.675,0.59,-8.314,0.034,0.72,0.0,0.15,0.867,108.961
I Xanthoula,Loukianos Kilaidonis,Ah! Patrida Mou Glikia (Remastered),0.348,0.279,-13.157,0.0264,0.934,0.0246,0.291,0.218,87.574
Stis Ekklisias Ta Skalopatia,Loukianos Kilaidonis,Ah! Patrida Mou Glikia (Remastered),0.62,0.491,-8.646,0.0263,0.717,2.04e-06,0.101,0.794,90.794
Thelo N' Afiso,Loukianos Kilaidonis,Ah! Patrida Mou Glikia (Remastered),0.389,0.325,-14.056,0.0285,0.95,0.614,0.112,0.135,109.801
S' Ena Paporo Mesa,Loukianos Kilaidonis,Ah! Patrida Mou Glikia (Remastered),0.795,0.619,-8.071,0.0402,0.599,0.0,0.139,0.85,118.12
Mia Moni Potho,Loukianos Kilaidonis,Ah! Patrida Mou Glikia (Remastered),0.746,0.417,-9.65,0.0305,0.487,0.000157,0.312,0.702,102.007
Kimino Kimino Kimino,Loukianos Kilaidonis,Ah! Patrida Mou Glikia (Remastered),0.699,0.383,-10.338,0.0416,0.806,0.000186,0.0868,0.534,118.432
Kinoune Tris Fili,Loukianos Kilaidonis,Ah! Patrida Mou Glikia (Remastered),0.397,0.272,-14.12,0.0275,0.608,0.0,0.079,0.256,85.752
Diavolopedo,Loukianos Kilaidonis,Ah! Patrida Mou Glikia (Remastered),0.354,0.463,-8.702,0.0393,0.541,8.19e-06,0.159,0.589,205.886
Vre Dounia,Loukianos Kilaidonis,Ah! Patrida Mou Glikia (Remastered),0.565,0.377,-10.26,0.0318,0.82,0.000473,0.108,0.529,104.403
To Proi Me Xipnas Me Filia,Loukianos Kilaidonis,Ah! Patrida Mou Glikia (Remastered),0.554,0.525,-6.628,0.0378,0.834,0.0,0.167,0.895,100.322
Vres An Boris,Loukianos Kilaidonis,Ah! Patrida Mou Glikia (Remastered),0.557,0.325,-10.745,0.027,0.923,0.0,0.13,0.831,100.327
Lae Sklavomene,Loukianos Kilaidonis,Ah! Patrida Mou Glikia (Remastered),0.254,0.246,-11.086,0.0403,0.966,0.0,0.173,0.538,169.857
Gioupi Gia Gia,Loukianos Kilaidonis,Ah! Patrida Mou Glikia (Remastered),0.629,0.423,-9.295,0.0335,0.83,0.0,0.0992,0.95,133.763
Enas Haroumenos Alitis,Loukianos Kilaidonis,Ah! Patrida Mou Glikia (Remastered),0.337,0.414,-9.701,0.0529,0.77,4.14e-06,0.0725,0.588,206.332
Tsikita Mia,Loukianos Kilaidonis,Ah! Patrida Mou Glikia (Remastered),0.725,0.448,-9.832,0.0728,0.812,5.12e-05,0.0773,0.724,139.775
Pame Mia Volta Sto Faliraki,Loukianos Kilaidonis,Ah! Patrida Mou Glikia (Remastered),0.637,0.405,-10.122,0.0321,0.74,0.0,0.304,0.522,104.658
Sou Axizi,Loukianos Kilaidonis,Ah! Patrida Mou Glikia (Remastered),0.594,0.248,-12.183,0.0429,0.949,3.78e-05,0.106,0.424,89.862
Koritsi Mou Gia Sena Polemo,Loukianos Kilaidonis,Ah! Patrida Mou Glikia (Remastered),0.704,0.394,-10.612,0.0532,0.91,1.37e-06,0.0622,0.574,117.763
Vaya Con Dios,Loukianos Kilaidonis,Ah! Patrida Mou Glikia (Remastered),0.509,0.174,-13.836,0.0307,0.954,1.41e-05,0.0945,0.371,101.073
Oli I Rebetes Tou Dounia,Loukianos Kilaidonis,Ah! Patrida Mou Glikia (Remastered),0.615,0.526,-9.073,0.0362,0.63,0.00139,0.105,0.723,152.151
O Boufetzis,Loukianos Kilaidonis,Ah! Patrida Mou Glikia (Remastered),0.837,0.55,-7.725,0.0373,0.427,7.08e-05,0.0508,0.963,103.679
"O,ti Ki An Po Den Se Xehno",Loukianos Kilaidonis,Ah! Patrida Mou Glikia (Remastered),0.521,0.412,-10.35,0.0317,0.678,1.91e-05,0.192,0.486,111.375
I Ora Perase,Loukianos Kilaidonis,Ah! Patrida Mou Glikia (Remastered),0.776,0.458,-9.371,0.0342,0.831,3.7e-05,0.11,0.881,95.772
O Periplanomenos,Loukianos Kilaidonis,Ah! Patrida Mou Glikia (Remastered),0.522,0.529,-10.089,0.0352,0.739,0.00509,0.257,0.858,154.243
Ap' Tis Zeas To Limani,Loukianos Kilaidonis,Ah! Patrida Mou Glikia (Remastered),0.549,0.537,-7.926,0.039,0.779,3.8e-06,0.0992,0.758,90.07
Pame Sto Faliro,Loukianos Kilaidonis,Ah! Patrida Mou Glikia (Remastered),0.709,0.598,-6.678,0.0263,0.641,0.000163,0.139,0.767,97.183
Dodeka I Ora Tha 'rtho Vre Mario,Loukianos Kilaidonis,Ah! Patrida Mou Glikia (Remastered),0.638,0.575,-8.678,0.0309,0.803,5.62e-06,0.157,0.851,181.157
Vaggelitsa,Loukianos Kilaidonis,Ah! Patrida Mou Glikia (Remastered),0.612,0.643,-8.87,0.0289,0.576,2.11e-05,0.174,0.787,91.161
Ta Dialehta Pedia,Loukianos Kilaidonis,Ah! Patrida Mou Glikia (Remastered),0.594,0.569,-7.168,0.0381,0.54,0.0,0.0852,0.824,202.081
St' Orkizome Sto Kima,Loukianos Kilaidonis,Ah! Patrida Mou Glikia (Remastered),0.362,0.361,-9.863,0.0489,0.663,0.0,0.119,0.609,80.623
Hamili Ptisi,Loukianos Kilaidonis,Hamili Ptisi,0.503,0.439,-10.26,0.0379,0.337,0.0405,0.044,0.372,101.455
Pou Vadizoume Kyrioi?,Loukianos Kilaidonis,Hamili Ptisi,0.724,0.878,-8.972,0.0591,0.383,3.75e-06,0.288,0.937,117.56
Nychta Katastrofis,Loukianos Kilaidonis,Hamili Ptisi,0.637,0.193,-12.45,0.0318,0.833,0.000478,0.1,0.359,95.216
"Tetarti, 28 Louliou",Loukianos Kilaidonis,Hamili Ptisi,0.561,0.612,-9.926,0.165,0.449,9.25e-05,0.141,0.452,93.561
Ena Gourouni Ligotero,Loukianos Kilaidonis,Hamili Ptisi,0.65,0.633,-8.173,0.233,0.334,0.0,0.0787,0.492,96.243
Decadenza,Loukianos Kilaidonis,Hamili Ptisi,0.463,0.0908,-15.227,0.0498,0.893,0.0,0.0815,0.204,165.766
Mia Mera Mias Mairis,Loukianos Kilaidonis,Hamili Ptisi,0.634,0.644,-8.059,0.133,0.67,0.0,0.121,0.531,103.641
To Party,Loukianos Kilaidonis,Hamili Ptisi,0.554,0.506,-10.465,0.144,0.661,0.0,0.3,0.678,107.919
Ta Nea Metra,Loukianos Kilaidonis,Psychraimia Paidia!,0.839,0.854,-6.024,0.0838,0.835,0.0263,0.0669,0.961,121.262
Empaine Charry,Loukianos Kilaidonis,Psychraimia Paidia!,0.855,0.756,-6.649,0.0626,0.773,0.0,0.106,0.97,117.084
Epaggelmatikos Prosanatolismos,Loukianos Kilaidonis,Psychraimia Paidia!,0.753,0.727,-6.956,0.0519,0.747,3.45e-06,0.096,0.967,113.869
Gia Ena Klarino,Loukianos Kilaidonis,Psychraimia Paidia!,0.803,0.319,-10.137,0.0885,0.956,0.0355,0.134,0.673,125.152
Ah! Rita!,Loukianos Kilaidonis,Psychraimia Paidia!,0.781,0.45,-10.297,0.0359,0.84,0.00431,0.16,0.381,107.872
I Parea,Loukianos Kilaidonis,Psychraimia Paidia!,0.624,0.681,-6.081,0.0506,0.741,0.00194,0.273,0.963,199.703
Tzin Tzin Tzin,Loukianos Kilaidonis,Psychraimia Paidia!,0.721,0.371,-11.919,0.0544,0.895,0.631,0.0884,0.892,168.834
Pos Gennietai O Kamikazi,Loukianos Kilaidonis,Psychraimia Paidia!,0.853,0.617,-7.725,0.0625,0.68,6.36e-05,0.325,0.973,109.576
Sto Rythmo Tis Disco,Loukianos Kilaidonis,Psychraimia Paidia!,0.74,0.838,-7.124,0.199,0.548,1.45e-06,0.153,0.877,136.793
To Mats,Loukianos Kilaidonis,Psychraimia Paidia!,0.729,0.864,-5.682,0.0585,0.691,6.29e-06,0.263,0.903,132.624
17 Amaryllidos Str. Blues,Loukianos Kilaidonis,Psychraimia Paidia!,0.295,0.304,-11.803,0.0331,0.866,0.942,0.0999,0.334,184.039
To Thavma,Loukianos Kilaidonis,Psychraimia Paidia!,0.514,0.773,-6.705,0.195,0.744,4.65e-06,0.285,0.844,162.506
Ai Ai Ai Maria (Maria De Bahia),Loukianos Kilaidonis,Fifties & Xero Psomi,0.655,0.648,-10.777,0.0637,0.537,0.0,0.12,0.887,126.031
Zilia,Loukianos Kilaidonis,Fifties & Xero Psomi,0.414,0.381,-12.543,0.054,0.683,3.47e-06,0.151,0.743,173.889
I Tris Kabaleros,Loukianos Kilaidonis,Fifties & Xero Psomi,0.634,0.603,-10.341,0.0348,0.502,0.0,0.25,0.822,123.096
Ela Apopse Na Horepsoume Mazi,Loukianos Kilaidonis,Fifties & Xero Psomi,0.742,0.648,-11.189,0.0556,0.306,0.0,0.161,0.905,101.111
Maniana,Loukianos Kilaidonis,Fifties & Xero Psomi,0.512,0.832,-10.129,0.059,0.0704,2.22e-06,0.329,0.944,125.958
Vira Tis Agires,Loukianos Kilaidonis,Fifties & Xero Psomi,0.575,0.527,-11.566,0.0873,0.686,0.0,0.225,0.776,107.698
Ena Filaki Ine Ligo,Loukianos Kilaidonis,Fifties & Xero Psomi,0.731,0.53,-11.393,0.0473,0.34,0.0,0.839,0.884,114.142
Kane Ipomoni,Loukianos Kilaidonis,Fifties & Xero Psomi,0.704,0.535,-11.164,0.0384,0.583,0.0,0.066,0.92,119.035
Amaxas,Loukianos Kilaidonis,Fifties & Xero Psomi,0.622,0.408,-11.767,0.0324,0.705,6.46e-05,0.0785,0.853,95.705
Ise Karatia Ikosi Tessera,Loukianos Kilaidonis,Fifties & Xero Psomi,0.427,0.507,-12.059,0.078,0.611,0.0,0.321,0.852,164.23
Otan Pas Kammia Fora Sto Mexiko,Loukianos Kilaidonis,Fifties & Xero Psomi,0.407,0.732,-11.491,0.0778,0.685,6.94e-06,0.081,0.718,104.814
Ena Spitaki,Loukianos Kilaidonis,Fifties & Xero Psomi,0.408,0.589,-10.544,0.0562,0.627,0.0,0.0834,0.824,174.446
Mia Mexikana,Loukianos Kilaidonis,Fifties & Xero Psomi,0.363,0.417,-11.608,0.0452,0.573,0.000175,0.137,0.524,115.446
Tis Agapis To Klidi,Loukianos Kilaidonis,Fifties & Xero Psomi,0.608,0.523,-10.332,0.058,0.516,0.0,0.118,0.853,79.749
To Sistima,Loukianos Kilaidonis,Apla Mathimata Politikis Ikonomias,0.39,0.358,-9.689,0.0294,0.799,0.0,0.144,0.465,92.904
Apli Arithmitiki,Loukianos Kilaidonis,Apla Mathimata Politikis Ikonomias,0.702,0.421,-9.378,0.0354,0.977,0.0,0.0921,0.946,102.661
Epanastatiko Alma,Loukianos Kilaidonis,Apla Mathimata Politikis Ikonomias,0.524,0.378,-9.385,0.0373,0.917,0.0,0.125,0.903,106.793
I Ennies,Loukianos Kilaidonis,Apla Mathimata Politikis Ikonomias,0.455,0.31,-10.442,0.0329,0.907,0.0,0.0932,0.722,111.938
I Patrida,Loukianos Kilaidonis,Apla Mathimata Politikis Ikonomias,0.529,0.27,-10.28,0.0314,0.931,0.0,0.0753,0.59,116.75
I Simvasis,Loukianos Kilaidonis,Apla Mathimata Politikis Ikonomias,0.488,0.392,-11.804,0.0383,0.786,0.0,0.111,0.658,101.256
I Dorea,Loukianos Kilaidonis,Apla Mathimata Politikis Ikonomias,0.365,0.744,-10.849,0.0756,0.873,0.0,0.111,0.645,200.02
I Adimetopisi Ton Psihoseon,Loukianos Kilaidonis,Apla Mathimata Politikis Ikonomias,0.661,0.0819,-15.116,0.143,0.831,0.0,0.105,0.125,101.868
Simvivasmos,Loukianos Kilaidonis,Apla Mathimata Politikis Ikonomias,0.623,0.377,-9.767,0.036,0.739,0.0,0.0927,0.806,91.703
I Thia Taxis,Loukianos Kilaidonis,Apla Mathimata Politikis Ikonomias,0.631,0.615,-8.136,0.045,0.861,0.0,0.11,0.866,109.9
I Ennia Tis Timiotitas,Loukianos Kilaidonis,Apla Mathimata Politikis Ikonomias,0.509,0.455,-9.154,0.0573,0.909,0.0,0.201,0.76,106.723
I Metanastefsi,Loukianos Kilaidonis,Apla Mathimata Politikis Ikonomias,0.661,0.404,-9.555,0.0346,0.855,0.0,0.0929,0.932,97.6
Ta Logia Ke I Praxi,Loukianos Kilaidonis,Apla Mathimata Politikis Ikonomias,0.535,0.422,-9.989,0.0441,0.899,0.0,0.184,0.66,94.599
O Tokoglifos,Loukianos Kilaidonis,Apla Mathimata Politikis Ikonomias,0.628,0.241,-9.957,0.0309,0.793,0.0,0.126,0.265,110.454
Apolito Ke Shetiko,Loukianos Kilaidonis,Apla Mathimata Politikis Ikonomias,0.588,0.3,-12.003,0.0314,0.933,0.0,0.0952,0.733,73.995
Prosexe Ergati,Loukianos Kilaidonis,Apla Mathimata Politikis Ikonomias,0.664,0.298,-10.81,0.0542,0.924,0.0,0.167,0.848,114.212
Kolliga Gios,Loukianos Kilaidonis,Mikroastika (Remastered),0.558,0.228,-11.901,0.0307,0.871,1.03e-05,0.125,0.357,95.712
Makria Apo Tin Poli,Loukianos Kilaidonis,Mikroastika (Remastered),0.353,0.581,-7.608,0.061,0.578,0.0,0.625,0.925,196.304
Kapios Palios Sinadelfos,Loukianos Kilaidonis,Mikroastika (Remastered),0.461,0.443,-10.515,0.0373,0.867,3.18e-06,0.255,0.877,99.011
Ergenis,Loukianos Kilaidonis,Mikroastika (Remastered),0.434,0.194,-16.424,0.0354,0.892,2.31e-06,0.31,0.575,88.477
Proini Gimnastiki,Loukianos Kilaidonis,Mikroastika (Remastered),0.685,0.23,-12.888,0.395,0.729,1.71e-06,0.174,0.321,126.98
O Giorgos,Loukianos Kilaidonis,Mikroastika (Remastered),0.517,0.446,-9.928,0.0288,0.736,5.31e-05,0.231,0.618,130.878
O Gamos,Loukianos Kilaidonis,Mikroastika (Remastered),0.531,0.288,-12.142,0.035,0.785,0.0,0.0863,0.425,140.685
Ikonomia Kane,Loukianos Kilaidonis,Mikroastika (Remastered),0.524,0.727,-7.186,0.0586,0.795,0.0,0.168,0.926,121.265
Xerizoma,Loukianos Kilaidonis,Mikroastika (Remastered),0.253,0.364,-12.882,0.0323,0.787,0.000355,0.148,0.19,149.493
Dropi Tetio Pedi,Loukianos Kilaidonis,Mikroastika (Remastered),0.499,0.414,-9.268,0.0378,0.896,0.0,0.396,0.896,112.912
Se Parti Tou '50,Loukianos Kilaidonis,Mikroastika (Remastered),0.495,0.74,-7.593,0.0912,0.909,0.681,0.29,0.652,128.939
Sti Mikri Ethousa Ektheseon Parnassou,Loukianos Kilaidonis,Mikroastika (Remastered),0.564,0.229,-11.991,0.0454,0.987,0.0049,0.147,0.77,84.329
Rekviem,Loukianos Kilaidonis,Mikroastika (Remastered),0.455,0.233,-12.019,0.0279,0.965,0.19,0.109,0.379,85.332
I Maro,Loukianos Kilaidonis,Mikroastika (Remastered),0.677,0.645,-7.649,0.0353,0.76,0.00228,0.108,0.97,116.486
Pam Pam,Makrina Xaderfia,Perimenontas To Thio,0.505,0.42,-10.309,0.0438,0.737,3.8e-06,0.123,0.524,167.932
Makrina Xaderfia,Makrina Xaderfia,Perimenontas To Thio,0.666,0.455,-5.382,0.0322,0.323,1.44e-06,0.0737,0.586,79.314
Poso S' Agapo,Makrina Xaderfia,Perimenontas To Thio,0.439,0.531,-6.255,0.0868,0.309,1.93e-05,0.269,0.578,94.038
Oso Fotizi Mia Astrapi,Makrina Xaderfia,Perimenontas To Thio,0.661,0.474,-7.45,0.03,0.123,1.27e-05,0.111,0.478,107.01
Anixi,Makrina Xaderfia,Perimenontas To Thio,0.541,0.252,-9.162,0.0272,0.864,6.96e-06,0.382,0.336,97.057
To Dendro,Makrina Xaderfia,Perimenontas To Thio,0.621,0.656,-7.357,0.0356,0.402,0.0,0.118,0.501,103.816
Polikos Asteras,Makrina Xaderfia,Perimenontas To Thio,0.356,0.657,-4.096,0.0319,0.224,0.0251,0.39,0.205,123.832
Mia Mera,Makrina Xaderfia,Perimenontas To Thio,0.64,0.567,-9.525,0.0344,0.307,0.0105,0.583,0.19,117.931
To Kouti,Makrina Xaderfia,Perimenontas To Thio,0.717,0.561,-6.801,0.0392,0.112,0.0,0.457,0.691,110.073
Didimi Psyhi,Makrina Xaderfia,Perimenontas To Thio,0.631,0.551,-6.43,0.0494,0.588,2.27e-05,0.14,0.561,100.232
Otan Me Kitazis,Makrina Xaderfia,Perimenontas To Thio,0.606,0.461,-8.216,0.0506,0.662,1.38e-05,0.221,0.433,65.58
Tis Agapis To Dromaki,Makrina Xaderfia,Perimenontas To Thio,0.673,0.618,-6.476,0.0375,0.0464,0.0,0.265,0.682,128.986
Vrehi Stahti,Makrina Xaderfia,Perimenontas To Thio,0.43,0.642,-7.79,0.0641,0.0148,0.19,0.325,0.297,128.96
Ximeroni,Makrina Xaderfia,Perimenontas To Thio,0.39,0.403,-7.552,0.0284,0.316,0.00193,0.124,0.171,143.987
I Giorti Telioni - Instrumental,Makrina Xaderfia,Perimenontas To Thio,0.502,0.577,-7.38,0.0281,0.562,0.531,0.124,0.79,142.004
Kane Mia Efhi,Makrina Xaderfia,Apodohi Klironomias,0.519,0.717,-4.858,0.0384,0.375,0.00101,0.111,0.586,114.432
Oso Den Psahno,Makrina Xaderfia,Apodohi Klironomias,0.458,0.551,-5.835,0.0385,0.609,0.000722,0.093,0.312,92.916
Ipa Na Fygo,Makrina Xaderfia,Apodohi Klironomias,0.45,0.507,-7.024,0.0407,0.817,1.32e-06,0.147,0.267,93.573
I Kardies Pou Xeroun,Makrina Xaderfia,Apodohi Klironomias,0.413,0.389,-9.848,0.0322,0.167,1.07e-05,0.0972,0.369,128.418
To Fthinoporino Aeraki,Makrina Xaderfia,Apodohi Klironomias,0.542,0.614,-5.239,0.0268,0.659,3.09e-06,0.304,0.781,111.944
Ah Na Mouna,Makrina Xaderfia,Apodohi Klironomias,0.383,0.488,-5.637,0.0286,0.534,0.0,0.121,0.453,141.442
Erimos,Makrina Xaderfia,Apodohi Klironomias,0.266,0.354,-8.17,0.0356,0.887,6.71e-05,0.111,0.274,176.999
Milo,Makrina Xaderfia,Apodohi Klironomias,0.289,0.171,-13.896,0.0413,0.954,0.00122,0.103,0.481,173.495
To Fegaraki,Makrina Xaderfia,Apodohi Klironomias,0.403,0.156,-14.649,0.0414,0.91,0.00174,0.101,0.222,77.389
O Glaros - Instrumental,Makrina Xaderfia,Apodohi Klironomias,0.474,0.494,-9.11,0.0259,0.31,0.00111,0.521,0.518,100.702
To Begleri,Makrina Xaderfia,Apodohi Klironomias,0.35,0.371,-8.9,0.0361,0.617,0.000446,0.0956,0.22,87.015
Protovrohi,Makrina Xaderfia,Apodohi Klironomias,0.381,0.368,-9.451,0.0306,0.161,0.0,0.133,0.381,73.593
Pou Pas?,Various Artists,Kalo Taxidi,0.608,0.74,-6.72,0.0769,0.409,0.0,0.259,0.719,154.0
Kalo Taxidi,Various Artists,Kalo Taxidi,0.684,0.531,-6.856,0.0298,0.602,0.000155,0.148,0.738,84.024
Ela Na Se Do,Various Artists,Kalo Taxidi,0.618,0.633,-6.52,0.0276,0.3,0.0118,0.116,0.47,97.963
Oneirohameni Poli,Various Artists,Kalo Taxidi,0.515,0.394,-6.798,0.0271,0.794,0.000578,0.0845,0.28,135.999
To Fainomeno Tou Thermokipiou,Various Artists,Kalo Taxidi,0.594,0.812,-5.549,0.0456,0.135,0.00014,0.362,0.638,101.923
Mes Stis Polis To Hamam,Various Artists,Kalo Taxidi,0.39,0.362,-8.295,0.0337,0.654,0.0365,0.13,0.286,110.087
Hercolumbous,Various Artists,Kalo Taxidi,0.632,0.877,-4.656,0.144,0.0384,0.861,0.216,0.736,136.991
Des Ti Foteini Plevra Tis Zois,Various Artists,Kalo Taxidi,0.8,0.482,-11.47,0.677,0.902,0.0,0.686,0.961,101.243
To Skari,Various Artists,Kalo Taxidi,0.662,0.649,-6.139,0.0766,0.534,0.0,0.123,0.664,121.109
O Ouranos Kai O Gkremos,Various Artists,Kalo Taxidi,0.636,0.662,-8.14,0.0361,0.0688,0.0212,0.328,0.545,120.044
Stoiheiomena Mou Stihakia,Various Artists,Kalo Taxidi,0.415,0.379,-8.759,0.0314,0.902,0.0475,0.374,0.312,114.814
O Theios - Mana Mou Ego Pantreftika,Various Artists,Kalo Taxidi,0.433,0.25,-9.415,0.0574,0.922,0.0,0.391,0.326,127.189
Tou Erota,Various Artists,Kalo Taxidi,0.604,0.55,-7.005,0.0294,0.619,5.02e-06,0.179,0.609,112.063
To Oneiro,Various Artists,Kalo Taxidi,0.35,0.504,-7.288,0.0432,0.599,0.0,0.124,0.48,179.875
Ploio Fantasma,Various Artists,Kalo Taxidi,0.432,0.677,-7.681,0.0412,0.398,0.000129,0.11,0.344,180.216
To Synnefo,Various Artists,Kalo Taxidi,0.433,0.271,-8.242,0.0374,0.95,1.05e-06,0.0945,0.202,148.491
Anoixe Sousami,Various Artists,Kalo Taxidi,0.492,0.522,-7.447,0.0336,0.743,0.000455,0.175,0.365,84.016
I Eftyhia Einai Afto ...,Manolis Famellos,I Eftyhia Einai Afto...(bonus tracks),0.513,0.641,-6.4,0.0253,0.000419,0.00177,0.0788,0.383,94.406
Fidi,Manolis Famellos,I Eftyhia Einai Afto...(bonus tracks),0.557,0.735,-7.174,0.0326,0.0088,0.107,0.336,0.789,132.029
Magiki Eikona,Manolis Famellos,I Eftyhia Einai Afto...(bonus tracks),0.555,0.382,-9.965,0.0275,0.00683,0.0346,0.349,0.203,130.054
Gramma Ap' To Megalo Pouthena,Manolis Famellos,I Eftyhia Einai Afto...(bonus tracks),0.563,0.597,-9.254,0.031,0.00161,0.0103,0.136,0.542,122.027
O Aeras Teleionei,Manolis Famellos,I Eftyhia Einai Afto...(bonus tracks),0.482,0.607,-6.835,0.0308,0.000471,0.256,0.0321,0.438,159.898
Ena Moro Pou Klaiei,Manolis Famellos,I Eftyhia Einai Afto...(bonus tracks),0.595,0.73,-6.1,0.0339,3.92e-05,0.111,0.0934,0.765,150.034
Ena Megalo Foteino Kalokairi,Manolis Famellos,I Eftyhia Einai Afto...(bonus tracks),0.687,0.652,-7.722,0.0269,0.0111,0.0024,0.0595,0.522,122.014
To Koritsi Mou,Manolis Famellos,I Eftyhia Einai Afto...(bonus tracks),0.724,0.627,-8.805,0.0273,0.028,0.000302,0.311,0.636,120.028
Kollisa Sto Meli,Manolis Famellos,I Eftyhia Einai Afto...(bonus tracks),0.545,0.716,-7.229,0.0304,0.000247,0.0052,0.0719,0.448,115.991
Ena Trello Pouli,Manolis Famellos,I Eftyhia Einai Afto...(bonus tracks),0.485,0.448,-12.026,0.0268,0.00748,0.0154,0.0573,0.16,97.535
Kyriakes Stin Poli,Manolis Famellos,I Eftyhia Einai Afto...(bonus tracks),0.408,0.2,-13.069,0.0263,0.881,0.166,0.124,0.227,79.874
S' Echo Toso Onirefti,Manolis Famellos,Mia Politia Sto Vytho,0.696,0.715,-6.01,0.0231,0.0367,0.0528,0.313,0.474,103.028
Mavro Sinnefo,Manolis Famellos,Mia Politia Sto Vytho,0.674,0.718,-6.312,0.0258,0.00778,0.0559,0.105,0.844,121.031
Kapies Meres,Manolis Famellos,Mia Politia Sto Vytho,0.67,0.937,-6.161,0.0405,0.0126,0.00304,0.0408,0.802,121.01
Hartaetos,Manolis Famellos,Mia Politia Sto Vytho,0.487,0.641,-6.825,0.0249,0.0218,0.773,0.403,0.356,167.988
Stin Megali Poli,Manolis Famellos,Mia Politia Sto Vytho,0.555,0.676,-6.689,0.0235,0.0432,0.000961,0.165,0.387,94.023
Kapios Allos,Manolis Famellos,Mia Politia Sto Vytho,0.423,0.586,-7.293,0.0301,0.156,0.000895,0.0517,0.499,95.969
Exi Portes Gia Ton Ourano,Manolis Famellos,Mia Politia Sto Vytho,0.584,0.657,-6.988,0.0261,0.0208,0.000162,0.283,0.475,139.876
I Geitonia Mou,Manolis Famellos,Mia Politia Sto Vytho,0.603,0.681,-6.817,0.0675,0.136,4.53e-06,0.374,0.614,152.057
Ta Tragoudia Mou,Manolis Famellos,Mia Politia Sto Vytho,0.473,0.685,-7.938,0.0329,0.161,0.00485,0.11,0.466,98.951
I Pio Erimi Athina,Manolis Famellos,Mia Politia Sto Vytho,0.607,0.468,-9.511,0.0321,0.514,0.00106,0.11,0.276,118.043
Den Ime Aggelos,Manolis Famellos,Mia Politia Sto Vytho,0.677,0.683,-7.86,0.0256,0.155,0.366,0.134,0.734,114.988
Oh! Les Beaux jours,Manolis Famellos,Mia Politia Sto Vytho,0.67,0.733,-5.932,0.0315,0.0775,0.0899,0.754,0.567,115.021
Isoun Mpaxes,Mikis Theodorakis,Arkadia II Kai III,0.464,0.143,-14.134,0.0342,0.968,0.0276,0.131,0.248,135.185
To Pathos Pou Dioketai,Mikis Theodorakis,70 Chronia Mikis Theodorakis - Mes' Stin Kardia Mou Kleino Tin Ellada,0.694,0.549,-10.667,0.0348,0.202,0.0,0.104,0.771,154.799
Ekeina Pou Eiha Na Sou Po - What I Wanted To Tell You,Mikis Theodorakis,My Life My Music My Legacy - The All Time Greatest Hits,0.276,0.269,-13.122,0.0339,0.793,0.000453,0.131,0.356,77.271
Se Adeio Theatro,Manos Eleftheriou,Panta Kati Menei,0.568,0.264,-9.932,0.0311,0.744,0.0,0.126,0.205,102.021
To Krevati Trizei,Manos Eleftheriou,Panta Kati Menei,0.567,0.513,-9.607,0.0424,0.16,1.28e-05,0.188,0.493,98.081
Panta Kati Menei,Manos Eleftheriou,Panta Kati Menei,0.254,0.229,-13.093,0.0376,0.935,9.87e-05,0.127,0.112,84.615
Enas Zitianos Sta Chrysa,Manos Eleftheriou,Panta Kati Menei,0.351,0.742,-6.658,0.106,0.204,4.83e-06,0.0738,0.373,104.101
Oi Stathmarhes,Manos Eleftheriou,Panta Kati Menei,0.435,0.447,-10.119,0.0372,0.872,2.48e-06,0.165,0.289,104.966
I Panoplia Pou Foras,Manos Eleftheriou,Panta Kati Menei,0.594,0.69,-6.824,0.0287,0.0259,1.04e-06,0.122,0.666,130.001
Stou Spitiou Ti Sala,Manos Eleftheriou,Panta Kati Menei,0.501,0.647,-8.091,0.0535,0.613,1.95e-05,0.0957,0.538,141.417
Mesa Ston Ypno Mou Gyrnas,Manos Eleftheriou,Panta Kati Menei,0.432,0.449,-8.564,0.0343,0.723,0.0,0.19,0.148,107.729
Savvato Vrady,Manos Eleftheriou,Panta Kati Menei,0.696,0.495,-9.511,0.0304,0.685,1.54e-06,0.0667,0.384,104.051
Parastasi Tha Doso,Manos Eleftheriou,Panta Kati Menei,0.694,0.602,-6.898,0.0288,0.746,0.000111,0.333,0.307,108.013
Kapou Yparchei Ena Nisi,Manos Eleftheriou,Panta Kati Menei,0.62,0.483,-9.127,0.0382,0.607,0.00189,0.341,0.256,116.948
Ta Tragoudia Pou 'Ho Grapsei,Manos Eleftheriou,Panta Kati Menei,0.466,0.262,-13.004,0.041,0.614,0.000747,0.187,0.421,68.785
Oi Geroi,Manos Eleftheriou,Panta Kati Menei,0.732,0.454,-8.966,0.0329,0.847,0.00346,0.216,0.732,82.04
Me Tin Proti Stagona Tis Vrohis,Manos Hadjidakis,O Megalos Erotikos Horion O Pothos,0.401,0.205,-12.02,0.0327,0.947,0.0,0.0885,0.124,106.991
S' Agapo,Manos Hadjidakis,O Megalos Erotikos Horion O Pothos,0.396,0.12,-15.518,0.0404,0.983,0.0306,0.0994,0.24,81.167
Meres Tou,Manos Hadjidakis,O Megalos Erotikos Horion O Pothos,0.512,0.334,-11.421,0.0323,0.865,0.000111,0.106,0.275,122.194
Poios Ein' Trelos Apo Erota?,Manos Hadjidakis,O Megalos Erotikos Horion O Pothos,0.63,0.361,-8.959,0.0299,0.954,0.00936,0.105,0.637,130.928
Ta Lianotragouda,Manos Hadjidakis,O Megalos Erotikos Horion O Pothos,0.321,0.191,-11.835,0.0324,0.954,0.0,0.116,0.394,95.828
Pera Sto Tholo Potami,Manos Hadjidakis,O Megalos Erotikos Horion O Pothos,0.258,0.204,-11.469,0.0336,0.973,0.00219,0.139,0.255,95.895
To Oneiro,Manos Hadjidakis,O Megalos Erotikos Horion O Pothos,0.336,0.201,-11.552,0.0363,0.968,0.0,0.0825,0.224,143.348
Kelomai Se Goggyla,Manos Hadjidakis,O Megalos Erotikos Horion O Pothos,0.663,0.139,-12.988,0.0452,0.944,0.00125,0.103,0.494,97.273
Erota Esy,Manos Hadjidakis,O Megalos Erotikos Horion O Pothos,0.397,0.241,-9.711,0.0293,0.891,0.0,0.0977,0.164,105.428
Pathi Apo Ton Erota,Manos Hadjidakis,O Megalos Erotikos Horion O Pothos,0.417,0.385,-9.788,0.0344,0.799,0.0,0.262,0.483,136.283
Krataia Os Thanatos Agapi,Manos Hadjidakis,O Megalos Erotikos Horion O Pothos,0.286,0.25,-11.386,0.033,0.904,0.0,0.0988,0.196,127.904
O Panagis Tis Kyriakis,Manos Hadjidakis,O Megalos Erotikos Horion O Pothos,0.486,0.0678,-12.908,0.0583,0.978,1.97e-06,0.112,0.26,72.756
O Kainourgios Profitis,Manos Hadjidakis,O Megalos Erotikos Horion O Pothos,0.796,0.249,-10.521,0.097,0.916,3.27e-05,0.102,0.701,97.038
Mperdeftika,Manos Hadjidakis,O Megalos Erotikos Horion O Pothos,0.77,0.118,-11.2,0.0442,0.935,0.0,0.115,0.791,95.731
Ena Koritsi Sto Valto,Manos Hadjidakis,O Megalos Erotikos Horion O Pothos,0.554,0.202,-10.512,0.033,0.919,1.66e-06,0.108,0.359,93.489
I Epistrofi,Manos Hadjidakis,O Megalos Erotikos Horion O Pothos,0.49,0.0906,-11.878,0.0331,0.882,0.0,0.103,0.333,119.431
Isodos Tou Horou,Manos Hadjidakis,Pornografia (Remastered),0.42,0.398,-9.615,0.0329,0.928,0.374,0.0789,0.559,137.704
Pornografia - Edit,Manos Hadjidakis,Pornografia (Remastered),0.329,0.344,-12.876,0.0286,0.78,0.00165,0.0995,0.338,86.012
Sholio Gia Ton Serlok Holms,Manos Hadjidakis,Pornografia (Remastered),0.499,0.161,-16.213,0.033,0.881,0.0364,0.114,0.372,105.537
Sholio Gia Ton Serlok Holms Ke Tin Merilin Monroe,Manos Hadjidakis,Pornografia (Remastered),0.443,0.262,-13.551,0.035,0.844,0.0,0.0898,0.398,106.238
Elegia Gia Tin Merilin Monroe,Manos Hadjidakis,Pornografia (Remastered),0.42,0.358,-14.963,0.0367,0.83,0.0222,0.11,0.316,142.028
O Horos Me Ti Maska,Manos Hadjidakis,Pornografia (Remastered),0.373,0.0471,-25.308,0.0433,0.986,0.892,0.114,0.825,146.662
I Panagia Ton Patision,Manos Hadjidakis,Pornografia (Remastered),0.368,0.124,-15.594,0.0542,0.906,4.76e-06,0.113,0.257,89.266
To Tragoudi Tis Blans Epifani,Manos Hadjidakis,Pornografia (Remastered),0.521,0.109,-18.797,0.0624,0.97,7.83e-06,0.145,0.312,52.026
Ela Se Mena,Manos Hadjidakis,Pornografia (Remastered),0.35,0.31,-11.196,0.0341,0.862,0.0,0.102,0.476,71.098
I Ellada Sou Miazi Blans Epifani,Manos Hadjidakis,Pornografia (Remastered),0.684,0.424,-10.032,0.0423,0.809,0.0,0.114,0.969,114.578
Tragoudi Gia Ena Adio Domatio,Manos Hadjidakis,Pornografia (Remastered),0.268,0.237,-12.753,0.0401,0.957,2.31e-05,0.128,0.134,82.182
Sholio Gia Tin Periptosi Tis Sapfet Notero,Manos Hadjidakis,Pornografia (Remastered),0.453,0.146,-15.328,0.0401,0.981,0.0,0.119,0.412,102.927
Stin Odo Tou Blamado,Manos Hadjidakis,Pornografia (Remastered),0.338,0.309,-12.478,0.0467,0.852,0.0,0.122,0.389,85.019
O Erik Sati Zografizi Ennia Mouses,Manos Hadjidakis,Pornografia (Remastered),0.377,0.14,-19.613,0.0437,0.985,0.848,0.0968,0.106,152.848
Sholio Gia Tis Dinatotites Tou Esthisiakou Kinimatografou,Manos Hadjidakis,Pornografia (Remastered),0.407,0.119,-15.438,0.0347,0.986,6.19e-06,0.151,0.503,69.185
Balada Ton Esthiseon Ke Paresthiseon,Manos Hadjidakis,Pornografia (Remastered),0.383,0.434,-11.448,0.0427,0.865,3.38e-06,0.109,0.63,152.217
"Sholio Gia To Tsai, Gia To Pekino Ke Gia Mia Hameni Ethniki Areti",Manos Hadjidakis,Pornografia (Remastered),0.561,0.127,-14.506,0.0741,0.97,0.000321,0.14,0.967,185.6
Tris Rozes 'I To Telos Tou Onirou,Manos Hadjidakis,Pornografia (Remastered),0.294,0.193,-14.983,0.036,0.931,5.35e-06,0.115,0.139,140.523
Pornografia,Manos Hadjidakis,Pornografia (Remastered),0.269,0.379,-11.677,0.0309,0.905,0.00698,0.0814,0.512,175.889
O Horos Ton Trion Koritsion,Manos Hadjidakis,Apopse Aftoshediazoume (Remastered),0.49,0.394,-9.953,0.0274,0.609,0.882,0.18,0.598,93.227
O Tahidromos Pethane,Manos Hadjidakis,Apopse Aftoshediazoume (Remastered),0.33,0.309,-9.756,0.0322,0.679,1.38e-06,0.222,0.18,120.396
To Madolino,Manos Hadjidakis,Apopse Aftoshediazoume (Remastered),0.292,0.369,-8.675,0.0364,0.717,0.0,0.105,0.463,207.705
Horos Se 11/8,Manos Hadjidakis,Apopse Aftoshediazoume (Remastered),0.547,0.391,-11.734,0.0304,0.692,0.706,0.113,0.63,119.058
I Petra,Manos Hadjidakis,Apopse Aftoshediazoume (Remastered),0.36,0.354,-8.968,0.0327,0.919,8.51e-06,0.109,0.203,58.824
"Oniro Pedion Tis Gitonias: a) Odos Oniron, b) Nihterinos Horos, c) Odos Oniron",Manos Hadjidakis,Odos Oniron (Original Motion Picture Soundtrack / Remastered),0.328,0.211,-13.526,0.0331,0.848,0.00672,0.0947,0.107,122.995
Prologos,Manos Hadjidakis,Odos Oniron (Original Motion Picture Soundtrack / Remastered),0.649,0.227,-19.43,0.0683,0.906,7.63e-06,0.139,0.632,74.431
I Mavri Ford,Manos Hadjidakis,Odos Oniron (Original Motion Picture Soundtrack / Remastered),0.551,0.435,-11.634,0.15,0.72,0.0,0.39,0.753,138.804
Aeriko,Manos Hadjidakis,Odos Oniron (Original Motion Picture Soundtrack / Remastered),0.201,0.325,-12.901,0.0478,0.85,0.734,0.0966,0.124,78.391
Oniro Gia Tediboudes,Manos Hadjidakis,Odos Oniron (Original Motion Picture Soundtrack / Remastered),0.518,0.518,-10.614,0.0347,0.437,0.00694,0.156,0.506,130.198
I Adelfes Tata,Manos Hadjidakis,Odos Oniron (Original Motion Picture Soundtrack / Remastered),0.582,0.229,-14.515,0.0825,0.807,0.0,0.131,0.38,121.277
Manoula Mou,Manos Hadjidakis,Odos Oniron (Original Motion Picture Soundtrack / Remastered),0.376,0.0818,-17.649,0.0384,0.894,0.00373,0.151,0.0859,100.563
Hatzi-Hatzi,Manos Hadjidakis,Odos Oniron (Original Motion Picture Soundtrack / Remastered),0.556,0.472,-10.916,0.0437,0.558,0.0,0.11,0.966,152.944
Astro Tis Anatolis,Manos Hadjidakis,Odos Oniron (Original Motion Picture Soundtrack / Remastered),0.56,0.338,-12.739,0.0302,0.206,3.43e-06,0.117,0.658,75.086
Kir Mihalis,Manos Hadjidakis,Odos Oniron (Original Motion Picture Soundtrack / Remastered),0.383,0.0296,-23.072,0.0528,0.966,4.51e-05,0.106,0.125,87.451
O Ithopios,Manos Hadjidakis,Odos Oniron (Original Motion Picture Soundtrack / Remastered),0.386,0.199,-15.584,0.0355,0.746,2.48e-06,0.0857,0.207,99.772
Efige To Treno / Horeftikos Aftoshediasmos / Efige To Treno,Manos Hadjidakis,Odos Oniron (Original Motion Picture Soundtrack / Remastered),0.421,0.19,-14.465,0.0454,0.917,0.000223,0.103,0.118,115.427
To Parti,Manos Hadjidakis,Odos Oniron (Original Motion Picture Soundtrack / Remastered),0.343,0.198,-18.342,0.0462,0.715,0.00104,0.0909,0.578,85.8
To Pouli,Manos Hadjidakis,Odos Oniron (Original Motion Picture Soundtrack / Remastered),0.262,0.104,-16.989,0.0388,0.984,2.14e-05,0.142,0.182,71.066
Epilogos,Manos Hadjidakis,Odos Oniron (Original Motion Picture Soundtrack / Remastered),0.599,0.215,-22.114,0.109,0.878,0.00477,0.0829,0.638,84.443
Egine Parexigisi,Manos Hadjidakis,Dekapede Esperini (Remastered),0.489,0.148,-18.798,0.0351,0.937,0.885,0.121,0.331,104.702
Ta Pedia Tou Pirea,Manos Hadjidakis,Dekapede Esperini (Remastered),0.54,0.344,-12.707,0.0314,0.861,0.942,0.0899,0.551,98.434
I Timoria,Manos Hadjidakis,Dekapede Esperini (Remastered),0.662,0.117,-17.321,0.0461,0.965,0.901,0.113,0.506,124.179
Imittos,Manos Hadjidakis,Dekapede Esperini (Remastered),0.632,0.371,-14.17,0.0363,0.898,0.742,0.113,0.925,110.678
To Feggari Ine Kokkino,Manos Hadjidakis,Dekapede Esperini (Remastered),0.519,0.234,-15.699,0.0384,0.942,0.922,0.0983,0.534,119.525
O Kir-Adonis,Manos Hadjidakis,Dekapede Esperini (Remastered),0.55,0.248,-15.214,0.0379,0.956,0.903,0.0904,0.41,124.46
Ferte Mou Ena Madolino,Manos Hadjidakis,Dekapede Esperini (Remastered),0.552,0.277,-16.146,0.0324,0.912,0.899,0.0722,0.718,100.165
To Triadafillo,Manos Hadjidakis,Dekapede Esperini (Remastered),0.619,0.348,-11.629,0.0473,0.947,0.883,0.108,0.835,118.485
Eimai Tis Agavis Gios,Manos Hadjidakis,Oi Mpalantes Tis Odou Athinas,0.428,0.0949,-16.944,0.0432,0.978,0.00299,0.116,0.113,110.316
To Mystirio Tis 4IS Proinis,Manos Hadjidakis,Oi Mpalantes Tis Odou Athinas,0.558,0.02,-14.147,0.0889,0.989,0.0,0.132,0.35,79.725
Treis Dolofonoi,Manos Hadjidakis,Oi Mpalantes Tis Odou Athinas,0.53,0.337,-9.602,0.035,0.84,0.00222,0.164,0.423,104.901
Archaia Via Progoniki,Manos Hadjidakis,Oi Mpalantes Tis Odou Athinas,0.279,0.295,-11.346,0.0321,0.82,5.85e-06,0.107,0.214,143.31
Ena Aerostato Me Aima,Manos Hadjidakis,Oi Mpalantes Tis Odou Athinas,0.412,0.106,-15.128,0.0383,0.953,0.00375,0.122,0.462,103.372
Nychterina Agalmata,Manos Hadjidakis,Oi Mpalantes Tis Odou Athinas,0.661,0.432,-8.961,0.0297,0.635,0.00427,0.145,0.831,121.099
Erotiki Askisi Gia Dyo,Manos Hadjidakis,Oi Mpalantes Tis Odou Athinas,0.434,0.193,-13.296,0.0337,0.935,0.107,0.113,0.179,101.427
Erotiki Askisi Gia Tesseris,Manos Hadjidakis,Oi Mpalantes Tis Odou Athinas,0.373,0.277,-11.929,0.0345,0.91,9.3e-05,0.095,0.239,103.98
I Marianthi Ton Anemon,Manos Hadjidakis,Oi Mpalantes Tis Odou Athinas,0.704,0.345,-9.443,0.0552,0.89,0.00435,0.139,0.693,118.858
To Aima Pou Pagonei,Manos Hadjidakis,Oi Mpalantes Tis Odou Athinas,0.543,0.287,-12.005,0.0391,0.909,0.00229,0.134,0.487,122.281
Dyo Paidia Mes Sti Vrohi,Manos Hadjidakis,Oi Mpalantes Tis Odou Athinas,0.361,0.164,-13.154,0.0488,0.971,0.000506,0.0848,0.0568,116.685
I Porta Tou Paradeisou,Manos Hadjidakis,Oi Mpalantes Tis Odou Athinas,0.608,0.429,-10.757,0.034,0.96,1.44e-05,0.0816,0.8,116.185
O Politis Idanikon Stigmon,Manos Hadjidakis,Oi Mpalantes Tis Odou Athinas,0.32,0.0523,-18.486,0.0343,0.981,0.388,0.12,0.124,96.962
I Metamorfosi,Manos Hadjidakis,Oi Mpalantes Tis Odou Athinas,0.555,0.344,-10.142,0.056,0.948,0.0,0.151,0.277,109.169
Sti Mnimi Mias Palias Fotografias,Manos Hadjidakis,Oi Mpalantes Tis Odou Athinas,0.387,0.266,-10.983,0.0359,0.92,0.00663,0.1,0.187,114.758
Ntomine,Manos Hadjidakis,Oi Mpalantes Tis Odou Athinas,0.313,0.00327,-18.424,0.0428,0.985,0.0462,0.0828,0.163,76.727
Pame Mia Volta Sto Feggari,Manos Hadjidakis,30 Nihterina (Remastered),0.345,0.192,-14.978,0.039,0.974,0.892,0.265,0.0564,76.41
To Vals Ton Hamenon Oniron,Manos Hadjidakis,30 Nihterina (Remastered),0.197,0.331,-12.839,0.0335,0.748,0.48,0.267,0.324,187.48
Eisodos Kindynou - Instrumental,Manos Hadjidakis,Ta Paraloga (Mousiki Kai Tragoudia Tis Fthoras Kai Tou Oneirou),0.327,0.0752,-20.086,0.0392,0.957,0.103,0.107,0.343,118.412
O Efialtis Tis Persefonis,Manos Hadjidakis,Ta Paraloga (Mousiki Kai Tragoudia Tis Fthoras Kai Tou Oneirou),0.357,0.161,-15.303,0.0408,0.961,0.0,0.117,0.378,92.125
Sta Vouna Tis Aitolias - Instrumental,Manos Hadjidakis,Ta Paraloga (Mousiki Kai Tragoudia Tis Fthoras Kai Tou Oneirou),0.376,0.179,-15.435,0.0302,0.873,0.524,0.114,0.246,93.902
T' Alogo Tou Omer Vryoni,Manos Hadjidakis,Ta Paraloga (Mousiki Kai Tragoudia Tis Fthoras Kai Tou Oneirou),0.417,0.196,-18.105,0.0642,0.896,0.000916,0.182,0.288,121.131
I Magda,Manos Hadjidakis,Ta Paraloga (Mousiki Kai Tragoudia Tis Fthoras Kai Tou Oneirou),0.234,0.177,-16.379,0.053,0.912,0.0,0.135,0.193,179.068
O Choros Ton Poiiton - Instrumental,Manos Hadjidakis,Ta Paraloga (Mousiki Kai Tragoudia Tis Fthoras Kai Tou Oneirou),0.674,0.295,-15.245,0.0392,0.908,0.721,0.111,0.783,119.573
O Amnos Tou Theou,Manos Hadjidakis,Ta Paraloga (Mousiki Kai Tragoudia Tis Fthoras Kai Tou Oneirou),0.358,0.195,-15.901,0.0417,0.933,0.000182,0.0969,0.253,115.841
Cundu Luna Vini,Manos Hadjidakis,Ta Paraloga (Mousiki Kai Tragoudia Tis Fthoras Kai Tou Oneirou),0.44,0.256,-15.557,0.0304,0.942,4.48e-05,0.302,0.54,83.292
Chrismoi Tis Sivyllas,Manos Hadjidakis,Ta Paraloga (Mousiki Kai Tragoudia Tis Fthoras Kai Tou Oneirou),0.335,0.409,-15.111,0.071,0.822,6.12e-05,0.506,0.479,130.189
O Ippotis Kai O Thanatos,Manos Hadjidakis,Ta Paraloga (Mousiki Kai Tragoudia Tis Fthoras Kai Tou Oneirou),0.294,0.0487,-19.747,0.0383,0.97,0.0,0.109,0.192,142.967
I Prosefhi Tis Parthenou,Manos Hadjidakis,Ta Paraloga (Mousiki Kai Tragoudia Tis Fthoras Kai Tou Oneirou),0.639,0.253,-15.418,0.05,0.92,0.000169,0.216,0.693,119.31
Elladografia - Chorus Version,Manos Hadjidakis,Ta Paraloga (Mousiki Kai Tragoudia Tis Fthoras Kai Tou Oneirou),0.434,0.116,-15.813,0.0566,0.933,3.66e-06,0.171,0.318,77.253
Syrtos Se Tropo Chaniotiko,Manos Hadjidakis,Gia Mia Mikri Lefki Achivada / O Kyklos Tou C.N.S.,0.367,0.337,-12.471,0.0562,0.995,0.962,0.119,0.384,163.808
Emvatirio,Manos Hadjidakis,Gia Mia Mikri Lefki Achivada / O Kyklos Tou C.N.S.,0.539,0.203,-14.899,0.0537,0.994,0.945,0.19,0.542,145.153
Synomilia Me To Sergei Prokofiev,Manos Hadjidakis,Gia Mia Mikri Lefki Achivada / O Kyklos Tou C.N.S.,0.613,0.28,-16.26,0.0575,0.983,0.915,0.119,0.601,114.923
Tsamikos,Manos Hadjidakis,Gia Mia Mikri Lefki Achivada / O Kyklos Tou C.N.S.,0.438,0.249,-11.227,0.0399,0.994,0.888,0.127,0.607,173.545
Mantinada,Manos Hadjidakis,Gia Mia Mikri Lefki Achivada / O Kyklos Tou C.N.S.,0.545,0.12,-20.074,0.0756,0.995,0.952,0.0983,0.336,108.131
Balos,Manos Hadjidakis,Gia Mia Mikri Lefki Achivada / O Kyklos Tou C.N.S.,0.497,0.463,-9.712,0.0532,0.993,0.861,0.316,0.903,137.479
Nychterino,Manos Hadjidakis,Gia Mia Mikri Lefki Achivada / O Kyklos Tou C.N.S.,0.583,0.0332,-22.912,0.0486,0.992,0.836,0.129,0.23,104.51
Kalamatianos,Manos Hadjidakis,Gia Mia Mikri Lefki Achivada / O Kyklos Tou C.N.S.,0.462,0.356,-11.813,0.0436,0.993,0.938,0.108,0.597,147.366
Poimeniko,Manos Hadjidakis,Gia Mia Mikri Lefki Achivada / O Kyklos Tou C.N.S.,0.381,0.245,-17.205,0.0482,0.992,0.945,0.116,0.148,62.814
Megali Sousta,Manos Hadjidakis,Gia Mia Mikri Lefki Achivada / O Kyklos Tou C.N.S.,0.5,0.318,-10.343,0.0385,0.994,0.937,0.0698,0.462,72.763
Me Pnigei Etouti I Thalassa,Manos Hadjidakis,Gia Mia Mikri Lefki Achivada / O Kyklos Tou C.N.S.,0.29,0.294,-9.7,0.0306,0.991,0.0238,0.199,0.339,90.795
O Afentis Efyge Proi,Manos Hadjidakis,Gia Mia Mikri Lefki Achivada / O Kyklos Tou C.N.S.,0.37,0.123,-15.229,0.0453,0.975,6.53e-05,0.114,0.152,96.411
Mia Thlimmeni Archontissa,Manos Hadjidakis,Gia Mia Mikri Lefki Achivada / O Kyklos Tou C.N.S.,0.372,0.27,-10.884,0.0407,0.995,0.0458,0.111,0.329,113.997
Stin Apovathra,Manos Hadjidakis,Gia Mia Mikri Lefki Achivada / O Kyklos Tou C.N.S.,0.251,0.405,-8.217,0.0319,0.989,0.249,0.135,0.17,85.37
Ego Eimai Ena Synnefo Ki Esy Enas Kaimos,Manos Hadjidakis,Gia Mia Mikri Lefki Achivada / O Kyklos Tou C.N.S.,0.326,0.371,-9.558,0.0322,0.994,0.114,0.0658,0.459,132.666
Tha Perimeno Se Paralia Erimiki,Manos Hadjidakis,Gia Mia Mikri Lefki Achivada / O Kyklos Tou C.N.S.,0.332,0.178,-11.048,0.0335,0.994,0.243,0.0924,0.248,98.854
I Balada Tou Ouri,Manos Hadjidakis,30 Nihterina (Remastered),0.627,0.392,-11.074,0.0461,0.687,0.00215,0.125,0.641,81.13
I Mikri Rallou,Manos Hadjidakis,30 Nihterina (Remastered),0.492,0.136,-17.407,0.0463,0.945,0.828,0.122,0.54,88.737
I Pikra Simera,Manos Hadjidakis,30 Nihterina (Remastered),0.388,0.121,-17.442,0.0317,0.914,0.867,0.11,0.232,91.341
To Paramithi,Manolis Mitsias,Tis Gis To Hrisafi (Remastered),0.572,0.667,-5.691,0.0308,0.116,0.0,0.328,0.722,111.529
Kikladitiko,Manolis Mitsias,Tis Gis To Hrisafi (Remastered),0.718,0.724,-6.13,0.029,0.296,0.0,0.185,0.96,110.444
Agapi Mesa Stin Kardia,Manolis Mitsias,Tis Gis To Hrisafi (Remastered),0.493,0.457,-6.887,0.0363,0.572,0.0,0.167,0.608,93.668
Bora Ine Tha Perasi,Manolis Mitsias,Tis Gis To Hrisafi (Remastered),0.283,0.367,-8.451,0.0338,0.655,4.6e-06,0.229,0.393,169.078
Aspro Peristeri,Manolis Mitsias,Tis Gis To Hrisafi (Remastered),0.477,0.569,-7.039,0.0598,0.282,4.32e-06,0.1,0.574,149.308
I Mikri Rallou,Manolis Mitsias,Tis Gis To Hrisafi (Remastered),0.447,0.393,-7.923,0.0311,0.699,0.0,0.108,0.352,81.534
Hasapiko '40,Manolis Mitsias,Tis Gis To Hrisafi (Remastered),0.629,0.565,-5.454,0.0309,0.666,0.0,0.517,0.585,116.464
Apopse Fthinoporiase,Manolis Mitsias,Tis Gis To Hrisafi (Remastered),0.484,0.583,-7.229,0.0349,0.616,0.0,0.151,0.428,112.716
Stou Ouranou Tin Akri,Manolis Mitsias,Tis Gis To Hrisafi (Remastered),0.702,0.575,-5.926,0.0335,0.111,0.0,0.103,0.867,109.009
Stou Iliou T' Aloni,Manolis Mitsias,Tis Gis To Hrisafi (Remastered),0.342,0.399,-6.41,0.0286,0.788,0.0,0.432,0.263,142.482
Protominia,Manolis Mitsias,Tis Gis To Hrisafi (Remastered),0.534,0.543,-5.345,0.0286,0.065,0.0,0.0998,0.703,126.242
Agapo Mia Karderina,Manolis Mitsias,Tis Gis To Hrisafi (Remastered),0.516,0.422,-7.58,0.0429,0.733,0.0,0.0913,0.278,98.342
Mia Poli Magiki,Various Artists,O Manos Hadjidakis Sti Romaiki Agora,0.4,0.403,-12.216,0.032,0.761,0.00592,0.0905,0.184,116.227
"Irthe Vorias, Irthe Notias",Various Artists,O Manos Hadjidakis Sti Romaiki Agora,0.237,0.179,-16.098,0.0465,0.854,6.14e-06,0.119,0.316,198.386
Hartino To Feggaraki,Various Artists,O Manos Hadjidakis Sti Romaiki Agora,0.171,0.219,-13.844,0.036,0.908,0.00108,0.106,0.209,176.279
Agapi Pou 'Gines Dikopo Maheri,Various Artists,O Manos Hadjidakis Sti Romaiki Agora,0.472,0.361,-9.806,0.0293,0.824,2.38e-06,0.124,0.355,111.321
Min Ton Rotas Ton Ourano - Remastered,Various Artists,O Manos Hadjidakis Sti Romaiki Agora,0.265,0.225,-12.979,0.0318,0.863,4.07e-06,0.0968,0.147,75.151
Thalassa Platia,Various Artists,O Manos Hadjidakis Sti Romaiki Agora,0.282,0.183,-11.416,0.0338,0.895,5.96e-05,0.0759,0.163,105.995
Kourasmeno Pallikari - Remastered,Various Artists,O Manos Hadjidakis Sti Romaiki Agora,0.222,0.367,-11.259,0.0323,0.896,0.0,0.118,0.357,135.723
Itan Tou Mai To Prosopo (Ki An Tha Dipsasis Gia Nero) - Remastered,Various Artists,O Manos Hadjidakis Sti Romaiki Agora,0.205,0.37,-11.534,0.0335,0.847,6.66e-05,0.384,0.281,82.137
To Pelago Ine Vathi,Various Artists,O Manos Hadjidakis Sti Romaiki Agora,0.219,0.247,-13.249,0.0331,0.957,5.39e-06,0.182,0.254,108.962
Tora Pou Pas Stin Xenitia (Kalimniotiko),Various Artists,O Manos Hadjidakis Sti Romaiki Agora,0.567,0.408,-11.342,0.0369,0.809,2.11e-06,0.0982,0.726,136.05
Im' Aitos Horis Ftera,Various Artists,O Manos Hadjidakis Sti Romaiki Agora,0.359,0.242,-12.122,0.031,0.765,8.54e-06,0.131,0.377,129.052
To Skotino Parathiro,Various Artists,O Manos Hadjidakis Sti Romaiki Agora,0.292,0.185,-11.307,0.0318,0.859,1.79e-05,0.0877,0.325,145.518
To Madolino (Ferte Mou Ena Madolino) - Remastered,Various Artists,O Manos Hadjidakis Sti Romaiki Agora,0.193,0.354,-10.715,0.0383,0.814,0.0,0.153,0.569,68.611
Peribanou,Various Artists,O Manos Hadjidakis Sti Romaiki Agora,0.584,0.309,-13.103,0.0284,0.886,0.011,0.0824,0.45,99.731
Mia Panagia,Various Artists,O Manos Hadjidakis Sti Romaiki Agora,0.19,0.228,-14.047,0.034,0.941,1.7e-05,0.106,0.276,108.889
T' Asteri Tou Voria,Various Artists,O Manos Hadjidakis Sti Romaiki Agora,0.317,0.0876,-15.558,0.0736,0.958,0.0,0.128,0.121,80.943
Pai O Keros,Various Artists,O Manos Hadjidakis Sti Romaiki Agora,0.288,0.262,-12.503,0.0329,0.923,7.35e-05,0.136,0.21,140.13
Stou Digeni T' Alonia (I Treli Tou Feggariou),Various Artists,O Manos Hadjidakis Sti Romaiki Agora,0.234,0.175,-14.027,0.0359,0.94,0.000229,0.215,0.114,83.905
Ta Pedia Kato Ston Kabo,Various Artists,O Manos Hadjidakis Sti Romaiki Agora,0.294,0.173,-13.007,0.0317,0.928,1.65e-06,0.0987,0.32,94.888
To Methismeno Koritsi,Various Artists,O Manos Hadjidakis Sti Romaiki Agora,0.471,0.275,-12.776,0.0308,0.894,5.36e-06,0.0861,0.557,92.915
Mia Fora Ki Enan Kero,Various Artists,O Manos Hadjidakis Sti Romaiki Agora,0.237,0.155,-11.297,0.038,0.914,0.000111,0.0995,0.0754,67.269
Athanasia,Various Artists,O Manos Hadjidakis Sti Romaiki Agora,0.257,0.173,-14.605,0.0434,0.918,2.19e-05,0.0904,0.171,82.06
To Pedi Apo Tin Kriti,Various Artists,O Manos Hadjidakis Sti Romaiki Agora,0.476,0.349,-10.886,0.0337,0.943,0.00072,0.116,0.579,134.367
Exi Koritsia Me Rotoun,Various Artists,O Manos Hadjidakis Sti Romaiki Agora,0.395,0.365,-10.021,0.0347,0.854,0.000345,0.208,0.514,123.83
Agapi Mou,Various Artists,O Manos Hadjidakis Sti Romaiki Agora,0.232,0.253,-12.121,0.0341,0.937,4e-05,0.124,0.12,81.975
Ximeroni,Various Artists,Manos Hatzidakis-Proti Ektelesi,0.491,0.312,-15.351,0.05,0.754,0.0137,0.358,0.534,128.99
Ime Aitos Horis Ftera,Various Artists,Manos Hatzidakis-Proti Ektelesi,0.511,0.337,-12.769,0.0322,0.845,0.00732,0.1,0.632,133.181
Kane Ton Pono Sou Hara,Various Artists,Manos Hatzidakis-Proti Ektelesi,0.515,0.256,-14.506,0.0337,0.856,0.00808,0.0942,0.636,85.275
I Kira,Various Artists,Manos Hatzidakis-Proti Ektelesi,0.628,0.202,-14.089,0.0321,0.953,0.0,0.122,0.688,115.303
O Amaxas,Various Artists,Manos Hatzidakis-Proti Ektelesi,0.533,0.191,-16.816,0.0415,0.969,0.0139,0.08,0.591,88.651
Thalassopoulia,Various Artists,Manos Hatzidakis-Proti Ektelesi,0.308,0.155,-15.67,0.0643,0.992,0.000348,0.113,0.256,85.993
Odos Oniron,Various Artists,Manos Hatzidakis-Proti Ektelesi,0.268,0.137,-18.653,0.0358,0.98,0.24,0.121,0.0535,92.381
Otan Erhode Ta Sinnefa - Remastered,Manos Hadjidakis,To Hamogelo Tis Tzokodas,0.432,0.496,-9.732,0.027,0.319,0.0454,0.327,0.647,98.347
Kodesa Esterhazi - Remastered,Manos Hadjidakis,To Hamogelo Tis Tzokodas,0.183,0.291,-11.678,0.0349,0.828,0.0832,0.0924,0.0388,80.754
I Parthena Tis Gitonias Mou - Remastered,Manos Hadjidakis,To Hamogelo Tis Tzokodas,0.417,0.401,-11.091,0.0272,0.615,0.147,0.113,0.586,136.875
Vrohi - Remastered,Manos Hadjidakis,To Hamogelo Tis Tzokodas,0.599,0.379,-11.178,0.0285,0.452,0.122,0.232,0.68,136.784
Prosopografia Tis Miteras Mou - Remastered,Manos Hadjidakis,To Hamogelo Tis Tzokodas,0.178,0.216,-12.91,0.0324,0.797,0.719,0.199,0.16,95.999
To Konserto - Remastered,Manos Hadjidakis,To Hamogelo Tis Tzokodas,0.356,0.416,-11.515,0.027,0.688,0.0743,0.185,0.451,103.081
O K. Noll - Remastered,Manos Hadjidakis,To Hamogelo Tis Tzokodas,0.254,0.218,-14.701,0.0378,0.873,0.889,0.141,0.15,61.517
I Dolofoni - Remastered,Manos Hadjidakis,To Hamogelo Tis Tzokodas,0.511,0.526,-9.892,0.0303,0.208,0.863,0.162,0.659,127.907
Vradini Epistrofi - Remastered,Manos Hadjidakis,To Hamogelo Tis Tzokodas,0.295,0.356,-9.907,0.0265,0.769,0.108,0.18,0.254,73.241
Horos Me Ti Skia Mou - Remastered,Manos Hadjidakis,To Hamogelo Tis Tzokodas,0.161,0.485,-12.368,0.0373,0.757,0.937,0.171,0.365,69.358
Kita Me Sta Matia,Manos Hadjidakis,30 Nihterina (Remastered),0.397,0.216,-12.915,0.0328,0.757,0.223,0.098,0.477,135.688
Se Mia Ipethria Agora,Manos Hadjidakis,30 Nihterina (Remastered),0.552,0.274,-12.362,0.0413,0.927,0.281,0.0788,0.432,141.025
Triadafillo Sto Stithos,Manos Hadjidakis,30 Nihterina (Remastered),0.437,0.108,-16.195,0.0418,0.908,0.0258,0.0728,0.203,171.367
Garifallo St' Afti,Manos Hadjidakis,30 Nihterina (Remastered),0.626,0.538,-11.198,0.0295,0.76,0.0759,0.205,0.865,132.652
I Melagholia Tis Eftihias,Manos Hadjidakis,30 Nihterina (Remastered),0.384,0.232,-15.538,0.0357,0.923,0.486,0.122,0.327,99.189
Argo Nihterino Zeibekiko,Manos Hadjidakis,30 Nihterina (Remastered),0.434,0.166,-18.078,0.0386,0.974,0.83,0.105,0.17,93.957
To 'Astro Tis Anatolis - Remastered,Manos Hadjidakis,30 Nihterina (Remastered),0.524,0.276,-13.064,0.0318,0.936,0.163,0.0583,0.722,157.86
To Kiparissaki,Manos Hadjidakis,30 Nihterina (Remastered),0.474,0.229,-15.04,0.0304,0.782,0.098,0.125,0.396,106.928
Kourasmeno Palikari,Manos Hadjidakis,30 Nihterina (Remastered),0.493,0.223,-14.098,0.0299,0.906,0.332,0.117,0.575,132.741
I Parthena Tis Gitonias Mou,Manos Hadjidakis,30 Nihterina (Remastered),0.29,0.301,-13.611,0.0484,0.914,0.89,0.08,0.644,155.584
Stou Digeni Ta Kastra (I Treli Tou Feggariou),Manos Hadjidakis,30 Nihterina (Remastered),0.246,0.12,-15.659,0.0339,0.969,0.942,0.146,0.199,69.21
I Evgeniki Kiria,Manos Hadjidakis,30 Nihterina (Remastered),0.484,0.278,-13.773,0.0331,0.951,0.894,0.0909,0.586,119.507
Sto Lavrio Ginete Horos,Manos Hadjidakis,30 Nihterina (Remastered),0.602,0.293,-15.636,0.0408,0.948,0.917,0.0853,0.585,130.77
Hasapiko Sarada,Manos Hadjidakis,30 Nihterina (Remastered),0.455,0.164,-16.044,0.0393,0.801,0.321,0.17,0.437,103.602
Kemal (O Mithos Tou Sevah),Manos Hadjidakis,30 Nihterina (Remastered),0.474,0.19,-14.488,0.0308,0.817,0.56,0.107,0.575,141.941
To Methismeno Koritsi,Manos Hadjidakis,30 Nihterina (Remastered),0.466,0.291,-12.97,0.0264,0.737,0.0256,0.103,0.546,87.274
Psili Vrohoula Epiase - Instrumental,Various Artists,Manos Hadjidakis: Exi Laikes Zografies (To Katarameno Fidi),0.542,0.271,-13.692,0.0648,0.972,0.771,0.14,0.602,66.045
Archontissa - Instrumental,Various Artists,Manos Hadjidakis: Exi Laikes Zografies (To Katarameno Fidi),0.197,0.304,-18.441,0.0371,0.975,0.906,0.0917,0.169,82.114
I Amaxa Mes Sti Vrohi - Instrumental,Various Artists,Manos Hadjidakis: Exi Laikes Zografies (To Katarameno Fidi),0.45,0.174,-17.99,0.0384,0.972,0.929,0.107,0.214,97.858
Mpaxe Tsifliki - Instrumental,Various Artists,Manos Hadjidakis: Exi Laikes Zografies (To Katarameno Fidi),0.374,0.329,-16.122,0.0331,0.931,0.931,0.11,0.731,158.468
Nychtose Horis Feggari - Instrumental,Various Artists,Manos Hadjidakis: Exi Laikes Zografies (To Katarameno Fidi),0.344,0.301,-16.3,0.0398,0.841,0.915,0.126,0.0389,110.553
"Eisagogi, Prologos",Various Artists,Manos Hadjidakis: Exi Laikes Zografies (To Katarameno Fidi),0.315,0.259,-17.239,0.0343,0.92,0.931,0.11,0.134,146.054
"Telalima, Kavgas, Telalima",Various Artists,Manos Hadjidakis: Exi Laikes Zografies (To Katarameno Fidi),0.318,0.174,-15.39,0.0378,0.967,0.103,0.151,0.138,127.985
Serenata Tou Nioniou,Various Artists,Manos Hadjidakis: Exi Laikes Zografies (To Katarameno Fidi),0.311,0.187,-18.808,0.041,0.97,0.955,0.108,0.14,76.874
"Eisodos Tou Pasa, Souroupoma, Horos Tis Vezyropoulas",Various Artists,Manos Hadjidakis: Exi Laikes Zografies (To Katarameno Fidi),0.467,0.273,-16.366,0.0485,0.984,0.905,0.159,0.147,129.371
Horos Tis Moirasias,Various Artists,Manos Hadjidakis: Exi Laikes Zografies (To Katarameno Fidi),0.49,0.259,-16.244,0.115,0.974,0.82,0.108,0.345,136.37
Kato Sto Rema,Various Artists,Manos Hadjidakis: Exi Laikes Zografies (To Katarameno Fidi),0.287,0.0654,-22.249,0.0506,0.934,0.794,0.114,0.215,64.109
Nostalgikos Kai Polemikos Horos Tou Karagkiozi,Various Artists,Manos Hadjidakis: Exi Laikes Zografies (To Katarameno Fidi),0.417,0.3,-15.325,0.0431,0.882,0.889,0.0927,0.0988,122.646
Megalos Horos Tou Karagkiozi,Various Artists,Manos Hadjidakis: Exi Laikes Zografies (To Katarameno Fidi),0.407,0.244,-15.245,0.0392,0.924,0.914,0.0919,0.071,123.496
Telikos Horos,Various Artists,Manos Hadjidakis: Exi Laikes Zografies (To Katarameno Fidi),0.36,0.239,-17.373,0.0434,0.899,0.911,0.091,0.182,107.384
Orpheus,Raining Pleasure,Reflections,0.167,0.551,-7.394,0.035,0.16,0.543,0.075,0.037,145.662
The Day,Raining Pleasure,Reflections,0.29,0.604,-8.062,0.0427,0.178,0.76,0.226,0.0956,153.272
Love Her,Raining Pleasure,Reflections,0.386,0.205,-10.28,0.0308,0.621,0.287,0.0907,0.0746,114.872
Dance Of The Dogs,Raining Pleasure,Reflections,0.476,0.774,-6.285,0.0375,0.000575,0.92,0.1,0.663,108.048
Dedication,Raining Pleasure,Reflections,0.411,0.494,-7.86,0.0283,0.226,0.0647,0.107,0.262,138.024
The Three Answers,Raining Pleasure,Reflections,0.433,0.717,-6.434,0.0313,0.00132,0.517,0.0917,0.179,142.052
Street Song,Raining Pleasure,Reflections,0.42,0.49,-8.92,0.0414,0.533,0.467,0.335,0.206,133.892
Bitter Way,Raining Pleasure,Reflections,0.19,0.212,-12.662,0.0379,0.541,0.9,0.285,0.039,101.398
Noble Dame,Raining Pleasure,Reflections,0.458,0.418,-11.868,0.0372,0.63,3.73e-06,0.0794,0.195,136.004
"Tesseris Stratigoi (Apo ton ""Kyklo Me Tin Kimolia"" 1958)",Giorgos Moutsios,Epistrofi (Rare & First Released Recordings 1958-1962),0.699,0.175,-14.325,0.0438,0.995,0.906,0.139,0.494,128.017
"Mia Fora Ki Enan Kairo (Apo ton ""Kyklo Me Tin Kimolia"" 1958)",Giorgos Moutsios,Epistrofi (Rare & First Released Recordings 1958-1962),0.367,0.101,-15.464,0.0372,0.995,0.00225,0.146,0.529,108.707
"Tragoudi Tou Stratioti (Apo ton ""Kyklo Me Tin Kimolia"" 1958)",Giorgos Moutsios,Epistrofi (Rare & First Released Recordings 1958-1962),0.412,0.0612,-16.895,0.0364,0.995,0.0169,0.129,0.277,81.065
"Anagi Na Se Paro Ego (Apo ton ""Kyklo Me Tin Kimolia"" 1958)",Giorgos Moutsios,Epistrofi (Rare & First Released Recordings 1958-1962),0.357,0.0687,-18.244,0.0371,0.996,0.396,0.15,0.198,135.532
To Paidi Kai to Koritsi Tou,Manos Hadjidakis,Erimia,0.21,0.475,-10.7,0.0393,0.344,0.0442,0.333,0.384,89.731
O Horos Ton Peristerion,Manos Hadjidakis,Erimia,0.275,0.336,-12.013,0.033,0.507,0.0135,0.371,0.148,88.633
To Paidi Kai i Mitera Tou,Manos Hadjidakis,Erimia,0.147,0.319,-12.608,0.0395,0.767,0.00177,0.163,0.126,49.29
O Horos Tou Hartaetou,Manos Hadjidakis,Erimia,0.448,0.361,-13.444,0.0512,0.79,1.88e-05,0.213,0.381,75.925
Horiko,Manos Hadjidakis,Erimia,0.415,0.154,-9.576,0.0403,0.871,0.0,0.421,0.299,107.825
Tris Kopeles Ap' Tin Thiva,Giorgos Romanos,Mithologia (Remastered),0.286,0.326,-13.858,0.043,0.95,0.00592,0.105,0.412,156.092
O Rovinson Sti Mikono,Giorgos Romanos,Mithologia (Remastered),0.644,0.418,-8.483,0.033,0.673,0.0,0.239,0.559,118.142
O Irlandos Ke O Ioudeos,Giorgos Romanos,Mithologia (Remastered),0.572,0.3,-9.834,0.038,0.831,0.000955,0.106,0.664,122.889
Ta Kalotaxida Poulia,Giorgos Romanos,Mithologia (Remastered),0.302,0.167,-12.119,0.0347,0.836,0.0309,0.0801,0.219,139.774
Orestis,Giorgos Romanos,Mithologia (Remastered),0.683,0.333,-8.985,0.0456,0.889,0.000644,0.108,0.683,122.22
Me Tin Ellada Karavokiri,Giorgos Romanos,Mithologia (Remastered),0.373,0.274,-12.606,0.0346,0.632,0.00182,0.205,0.371,120.674
Isoun Pedi San To Hristo,Giorgos Romanos,Mithologia (Remastered),0.32,0.205,-14.048,0.0341,0.837,0.0202,0.0931,0.241,140.149
O Tzonis O Bogias,Giorgos Romanos,Mithologia (Remastered),0.53,0.303,-10.518,0.0358,0.775,0.000366,0.116,0.377,96.261
Enas Evesthitos Listis,Giorgos Romanos,Mithologia (Remastered),0.434,0.26,-9.352,0.0348,0.332,8.79e-06,0.0886,0.433,121.136
Nihterines Idisis,Giorgos Romanos,Mithologia (Remastered),0.456,0.508,-7.584,0.0328,0.671,0.0,0.101,0.464,76.194
Lamento (Thrinos),Giorgos Romanos,Mithologia (Remastered),0.295,0.156,-11.032,0.0351,0.608,1.97e-06,0.0984,0.253,81.985
O Giannis O Fonias,Manolis Mitsias,Athanasia (Remastered),0.718,0.406,-8.295,0.0422,0.872,1.58e-06,0.11,0.529,104.859
O Padelis,Manolis Mitsias,Athanasia (Remastered),0.637,0.605,-8.035,0.04,0.842,0.0,0.0922,0.51,90.597
To Methismeno Karavi,Manolis Mitsias,Athanasia (Remastered),0.563,0.314,-11.234,0.036,0.959,1.73e-05,0.0912,0.437,111.346
I Meres Ine Ponires,Manolis Mitsias,Athanasia (Remastered),0.623,0.389,-8.999,0.0336,0.922,3.22e-05,0.252,0.472,126.739
Ena Spirto Sto Trapezi,Manolis Mitsias,Athanasia (Remastered),0.629,0.356,-10.219,0.0337,0.963,0.0,0.138,0.454,108.074
Paraxeni Protomagia,Manolis Mitsias,Athanasia (Remastered),0.63,0.422,-8.411,0.0382,0.788,0.0,0.156,0.574,114.777
Melagholiko Emvatirio,Manolis Mitsias,Athanasia (Remastered),0.762,0.397,-8.933,0.0333,0.774,0.0,0.266,0.452,106.613
Peripatos (To Baxe Tsifliki),Manos Hadjidakis,Pashalies Mesa Apo Tin Nekri Gi (Lilacs Out Of The Dead Land),0.581,0.487,-7.473,0.0334,0.436,0.0522,0.077,0.87,79.224
To Kobologaki (Ftoho Kobologaki Mou),Manos Hadjidakis,Pashalies Mesa Apo Tin Nekri Gi (Lilacs Out Of The Dead Land),0.31,0.254,-11.805,0.0369,0.699,0.385,0.118,0.212,71.656
To Domatio Enos Pediou (Mes Ton Oda),Manos Hadjidakis,Pashalies Mesa Apo Tin Nekri Gi (Lilacs Out Of The Dead Land),0.368,0.374,-9.194,0.0284,0.891,0.553,0.134,0.158,104.014
Andreas Zeppos,Manos Hadjidakis,Pashalies Mesa Apo Tin Nekri Gi (Lilacs Out Of The Dead Land),0.566,0.528,-7.304,0.0321,0.661,0.54,0.303,0.721,136.034
Ena Koritsi Apo Tin Alexandria,Manos Hadjidakis,Pashalies Mesa Apo Tin Nekri Gi (Lilacs Out Of The Dead Land),0.302,0.354,-11.178,0.032,0.751,0.741,0.115,0.378,79.954
I Ora Tou Apoheretismou (Pera Stous Pera Kabous),Manos Hadjidakis,Pashalies Mesa Apo Tin Nekri Gi (Lilacs Out Of The Dead Land),0.566,0.647,-7.282,0.0316,0.663,0.802,0.227,0.961,128.327
Epimoni (Fragosiriani Kira Mou),Manos Hadjidakis,Pashalies Mesa Apo Tin Nekri Gi (Lilacs Out Of The Dead Land),0.538,0.407,-9.9,0.0373,0.677,0.69,0.0989,0.524,123.432
Evgenika Pedia (Zousa Monahos Horis Agapi),Manos Hadjidakis,Pashalies Mesa Apo Tin Nekri Gi (Lilacs Out Of The Dead Land),0.526,0.358,-8.616,0.0306,0.681,0.348,0.123,0.45,97.171
Ena Dilino (Horisame Ena Dilino),Manos Hadjidakis,Pashalies Mesa Apo Tin Nekri Gi (Lilacs Out Of The Dead Land),0.602,0.365,-8.152,0.0324,0.445,0.0569,0.104,0.598,109.619
O Palios Dromos (Paliose To Sakkaki Mou),Manos Hadjidakis,Pashalies Mesa Apo Tin Nekri Gi (Lilacs Out Of The Dead Land),0.278,0.378,-9.563,0.0351,0.762,0.636,0.0521,0.33,66.597
Hatzikiriakio,Manos Hadjidakis,Pashalies Mesa Apo Tin Nekri Gi (Lilacs Out Of The Dead Land),0.533,0.397,-7.791,0.0253,0.64,0.565,0.0987,0.583,95.003
Otan Anapsoun I Foties (Otan Simvi Sta Perix),Manos Hadjidakis,Pashalies Mesa Apo Tin Nekri Gi (Lilacs Out Of The Dead Land),0.275,0.261,-10.349,0.0375,0.774,0.574,0.103,0.162,96.19
Ap' Tis Zeas To Limani,Manos Hadjidakis,Pashalies Mesa Apo Tin Nekri Gi (Lilacs Out Of The Dead Land),0.498,0.446,-9.502,0.0296,0.584,0.0752,0.0874,0.551,83.045
To Tragoudi Tou Gero-Nafti,Manos Hadjidakis,Pashalies Mesa Apo Tin Nekri Gi (Lilacs Out Of The Dead Land),0.249,0.267,-12.677,0.0398,0.916,0.963,0.121,0.0733,79.145
O Arhigos,Manos Loizos,Ta Tragoudia Tou Dromou,0.387,0.227,-10.674,0.0323,0.957,0.0,0.099,0.23,74.334
O Dromos,Manos Loizos,Ta Tragoudia Tou Dromou,0.598,0.55,-8.048,0.0264,0.745,2.27e-06,0.108,0.966,114.483
Mi Me Rotas,Manos Loizos,Ta Tragoudia Tou Dromou,0.585,0.321,-14.538,0.0368,0.919,2.56e-05,0.117,0.553,96.751
O Mermigas,Manos Loizos,Ta Tragoudia Tou Dromou,0.607,0.264,-12.988,0.041,0.938,2.29e-06,0.0647,0.604,124.386
Sirmatoplegmata,Manos Loizos,Ta Tragoudia Tou Dromou,0.212,0.287,-12.911,0.0343,0.955,0.000207,0.0942,0.0702,179.984
O Stratiotis,Manos Loizos,Ta Tragoudia Tou Dromou,0.578,0.628,-7.493,0.0337,0.456,0.0,0.0657,0.956,133.557
Tse,Manos Loizos,Ta Tragoudia Tou Dromou,0.431,0.17,-13.055,0.0322,0.863,4.84e-06,0.106,0.293,85.181
Tha Kliso To Parathiro,Manos Loizos,Ta Tragoudia Tou Dromou,0.306,0.242,-10.38,0.0381,0.879,2.89e-06,0.116,0.225,66.651
T' Akordeon,Manos Loizos,Ta Tragoudia Tou Dromou,0.523,0.278,-12.058,0.0318,0.671,1.89e-05,0.354,0.381,124.15
Dodeka Pedia,Manos Loizos,Ta Tragoudia Tou Dromou,0.596,0.517,-8.32,0.0446,0.878,0.0,0.162,0.379,84.011
To Tragoudi Tou Dromou,Manos Loizos,Ta Tragoudia Tou Dromou,0.464,0.0996,-15.276,0.0385,0.938,0.000175,0.107,0.298,73.968
Tritos Pagosmios,Manos Loizos,Ta Tragoudia Tou Dromou,0.732,0.696,-6.868,0.0302,0.439,2.4e-06,0.0609,0.925,130.03
Giftissa Ton Evizaxe,Manos Loizos,Ta Tragoudia Tis Haroulas,0.639,0.476,-7.62,0.0298,0.203,0.0,0.0751,0.803,95.043
Tin Ogdoi Mera,Manos Loizos,Ta Tragoudia Tis Haroulas,0.701,0.591,-8.031,0.0304,0.357,0.0,0.162,0.747,116.405
Se Pede Ores Ximeroni Kiriaki,Manos Loizos,Ta Tragoudia Tis Haroulas,0.638,0.421,-7.615,0.0306,0.421,0.0,0.0861,0.431,119.146
Pes Mou Pos Ginete,Manos Loizos,Ta Tragoudia Tis Haroulas,0.535,0.479,-9.317,0.036,0.391,0.0,0.201,0.684,92.667
Ola Se Thimizoun,Manos Loizos,Ta Tragoudia Tis Haroulas,0.477,0.252,-11.196,0.0267,0.602,0.0,0.122,0.389,98.751
Ti Na Po,Manos Loizos,Ta Tragoudia Tis Haroulas,0.448,0.275,-10.184,0.0304,0.75,0.0,0.105,0.529,88.041
O Fadaros,Manos Loizos,Ta Tragoudia Tis Haroulas,0.535,0.419,-8.503,0.0313,0.586,0.0,0.0911,0.565,133.16
Ekana Ti Mira Fili,Manos Loizos,Ta Tragoudia Tis Haroulas,0.579,0.522,-7.496,0.0303,0.311,0.0,0.0798,0.859,154.462
Ki Ego San Poli,Manos Loizos,Ta Tragoudia Tis Haroulas,0.469,0.327,-9.012,0.0295,0.717,0.0,0.0703,0.242,124.916
Mes' To Plithos,Manos Loizos,Ta Tragoudia Tis Haroulas,0.332,0.336,-9.645,0.0308,0.779,0.0,0.0848,0.397,79.038
Teli Teli Teli,Manos Loizos,Ta Tragoudia Tis Haroulas,0.75,0.582,-7.77,0.0264,0.228,0.0,0.114,0.836,105.749
Tipota Den Pai Hameno,Manos Loizos,Ta Tragoudia Tis Haroulas,0.399,0.397,-10.659,0.026,0.638,0.0,0.117,0.475,93.146
Pos Se Lene - Evdokia,Manos Loizos,Evdokia,0.655,0.429,-12.038,0.229,0.861,0.00847,0.189,0.774,103.108
Evdokia - Titli,Manos Loizos,Evdokia,0.315,0.0215,-13.001,0.0402,0.923,0.793,0.172,0.125,62.908
Stratiotes Sto Dromo Pernane,Manos Loizos,Evdokia,0.659,0.285,-22.245,0.384,0.972,0.602,0.111,0.0993,120.246
Zeibekiko (To Zeibekiko Tis Evdokias),Manos Loizos,Evdokia,0.598,0.708,-9.891,0.0316,0.649,0.909,0.0911,0.824,134.488
Prosefhi,Manos Loizos,Evdokia,0.192,0.0337,-28.712,0.0385,0.967,0.941,0.103,0.0722,137.424
Hasapiko,Manos Loizos,Evdokia,0.502,0.374,-10.949,0.0567,0.758,0.762,0.407,0.17,104.707
I Kounia,Manos Loizos,Evdokia,0.623,0.257,-16.761,0.822,0.806,0.000422,0.244,0.297,80.37
Tsifteteli,Manos Loizos,Evdokia,0.646,0.869,-8.159,0.0407,0.43,0.493,0.0924,0.969,144.579
Touberleki,Manos Loizos,Evdokia,0.796,0.514,-12.253,0.219,0.628,0.732,0.201,0.967,103.437
Sti Thalassa!,Manos Loizos,Evdokia,0.745,0.906,-7.319,0.0477,0.54,0.571,0.136,0.93,119.696
Ehis Ena Difrago,Manos Loizos,Evdokia,0.606,0.806,-13.822,0.573,0.864,0.0993,0.626,0.233,120.83
Dimiria Epidixeon,Manos Loizos,Evdokia,0.524,0.554,-10.057,0.818,0.872,0.00416,0.196,0.158,63.402
Tha Se Perimeno,Manos Loizos,Evdokia,0.537,0.402,-13.274,0.118,0.905,0.453,0.187,0.453,102.42
I Anamnisi,Manos Loizos,Evdokia,0.531,0.994,-7.544,0.458,0.804,0.571,0.0652,0.19,145.737
Thee Mou Thee Mou Na Glitoname,Manos Loizos,Evdokia,0.4,0.166,-17.193,0.0374,0.978,0.906,0.485,0.358,104.734
Evdokia - Epilogos,Manos Loizos,Evdokia,0.26,0.366,-13.095,0.0479,0.705,0.679,0.111,0.178,145.328
Koutsi Kithara,Manos Loizos,Gia Mia Mera Zois,0.53,0.314,-11.403,0.0269,0.783,0.0,0.168,0.413,109.292
S' Akoloutho,Manos Loizos,Gia Mia Mera Zois,0.474,0.294,-12.927,0.0308,0.751,0.0016,0.195,0.285,123.332
To Sirial,Manos Loizos,Gia Mia Mera Zois,0.597,0.482,-9.616,0.0285,0.687,0.0,0.0707,0.588,115.438
I Balada Tis Nikokiras,Manos Loizos,Gia Mia Mera Zois,0.396,0.263,-12.332,0.0374,0.912,0.00143,0.314,0.279,84.434
Dithikes Makrigiannis Tis Apokries,Manos Loizos,Gia Mia Mera Zois,0.49,0.505,-8.411,0.0498,0.85,0.0,0.235,0.626,122.228
To Laiko To Kafenio,Manos Loizos,Gia Mia Mera Zois,0.584,0.449,-10.154,0.0279,0.891,0.0,0.173,0.672,103.365
Se Psahno,Manos Loizos,Gia Mia Mera Zois,0.297,0.338,-10.43,0.0358,0.829,0.00153,0.26,0.485,197.046
Ki An Ime Rock,Manos Loizos,Gia Mia Mera Zois,0.5,0.58,-8.892,0.0483,0.763,2.08e-05,0.118,0.636,151.989
Poso S' Agapo,Manos Loizos,Gia Mia Mera Zois,0.347,0.241,-13.44,0.03,0.819,3.09e-05,0.329,0.403,110.732
Ena Karotsi,Manos Loizos,Gia Mia Mera Zois,0.569,0.287,-11.234,0.0342,0.954,4.58e-05,0.15,0.348,97.394
Gernas Ke Skotiniazi,Manos Loizos,Gia Mia Mera Zois,0.23,0.33,-10.589,0.0446,0.904,0.000366,0.129,0.297,173.065
I Mera Ekini De Th' Argisi,Manos Loizos,Gia Mia Mera Zois,0.425,0.337,-12.515,0.0295,0.803,6.49e-05,0.0682,0.327,103.37
Monakrivi Mou,Manos Loizos,Grammata Stin Agapimeni,0.518,0.231,-14.741,0.0295,0.979,0.061,0.104,0.196,104.553
Gia Ti Zoi,Manos Loizos,Grammata Stin Agapimeni,0.585,0.277,-11.266,0.0581,0.941,0.000387,0.137,0.53,132.105
To Dihti,Manos Loizos,Grammata Stin Agapimeni,0.337,0.189,-14.073,0.0362,0.921,0.000304,0.111,0.272,84.568
Aperigrapti Lene,Manos Loizos,Grammata Stin Agapimeni,0.496,0.16,-14.824,0.045,0.964,1.55e-05,0.105,0.367,122.659
Stithaghi,Manos Loizos,Grammata Stin Agapimeni,0.371,0.134,-16.492,0.0371,0.948,0.00422,0.11,0.281,86.119
Kata Tis Lampsis Pera,Manos Loizos,Grammata Stin Agapimeni,0.711,0.223,-15.742,0.0531,0.864,0.000441,0.11,0.311,117.724
Hliari Ke Pallomeni,Manos Loizos,Grammata Stin Agapimeni,0.631,0.0821,-18.642,0.0712,0.937,0.000145,0.0962,0.28,127.734
Liga Garoufala,Manos Loizos,Grammata Stin Agapimeni,0.537,0.0648,-16.337,0.0524,0.976,0.000249,0.12,0.365,106.736
Opos O Kerem,Manos Loizos,Grammata Stin Agapimeni,0.613,0.215,-13.146,0.0332,0.858,0.000422,0.104,0.262,114.279
Ti Omorfo Pou 'Ne Na Se Sillogieme,Manos Loizos,Grammata Stin Agapimeni,0.519,0.114,-17.291,0.0366,0.923,0.000339,0.107,0.389,108.853
An Me Tin Mesolavisi,Manos Loizos,Grammata Stin Agapimeni,0.372,0.195,-15.536,0.0291,0.939,0.307,0.12,0.4,83.796
I Pio Omorfi Thalassa,Manos Loizos,Grammata Stin Agapimeni,0.421,0.0741,-18.905,0.0428,0.91,0.00141,0.108,0.222,128.923
Ena Krevati Ekstratias,Manos Loizos,Grammata Stin Agapimeni,0.571,0.0521,-17.115,0.0899,0.937,0.000636,0.0478,0.195,97.741
O Anemos Kilai,Manos Loizos,Grammata Stin Agapimeni,0.427,0.136,-15.613,0.0333,0.917,0.000149,0.0943,0.31,97.106
Tha 'Rthi Mono Mia Stigmi,Manos Loizos,Kalimera Ilie,0.433,0.471,-9.311,0.0293,0.929,2.53e-06,0.127,0.349,115.444
Htipisan Arga,Manos Loizos,Kalimera Ilie,0.562,0.534,-6.598,0.0333,0.772,2.36e-06,0.294,0.842,175.659
Mia Kalimera,Manos Loizos,Kalimera Ilie,0.482,0.343,-10.944,0.0554,0.886,2.58e-06,0.206,0.487,185.933
Otan Se Ida Na Xipnas,Manos Loizos,Kalimera Ilie,0.55,0.457,-6.915,0.0347,0.795,0.0,0.0486,0.607,123.979
Me Faro To Feggari,Manos Loizos,Kalimera Ilie,0.416,0.287,-11.706,0.0406,0.954,0.00189,0.146,0.377,139.296
Dodeka Pedia - Instrumental,Manos Loizos,Kalimera Ilie,0.609,0.352,-13.315,0.043,0.881,0.924,0.119,0.753,89.845
Pios To Xeri,Manos Loizos,Kalimera Ilie,0.711,0.408,-7.454,0.033,0.838,1.19e-05,0.0763,0.65,126.191
As Min Ihes Tosa Lathi,Manos Loizos,Kalimera Ilie,0.375,0.281,-10.403,0.0307,0.858,0.00295,0.11,0.303,101.628
Ti Na To Kanis To Kormi,Manos Loizos,Kalimera Ilie,0.571,0.41,-9.304,0.0333,0.692,4.38e-06,0.157,0.502,133.675
Kalimera Ilie,Manos Loizos,Kalimera Ilie,0.633,0.468,-9.108,0.0306,0.926,0.0,0.104,0.459,117.378
O Negros O Zografos,Manos Loizos,Ta Negrika,0.494,0.303,-10.363,0.0329,0.896,0.0,0.104,0.599,126.014
Isagogi (Ki An 'Si Lefkos - Negros Ego),Manos Loizos,Ta Negrika,0.397,0.205,-16.677,0.0726,0.973,0.0,0.259,0.133,87.994
O Gero Negro Tzim,Manos Loizos,Ta Negrika,0.394,0.536,-8.509,0.0363,0.772,0.0,0.109,0.507,109.321
Ti Ehoun Na Horisoune,Manos Loizos,Ta Negrika,0.455,0.374,-9.123,0.0304,0.948,0.0,0.11,0.631,108.228
Ston Polemo O Tzo,Manos Loizos,Ta Negrika,0.538,0.541,-9.248,0.0313,0.842,2.53e-06,0.0725,0.775,132.335
Krima Se Sena Negro Big,Manos Loizos,Ta Negrika,0.465,0.497,-9.953,0.102,0.868,0.0,0.0933,0.581,120.458
Gia Dio Dollaria,Manos Loizos,Ta Negrika,0.617,0.295,-10.383,0.0406,0.952,1.83e-06,0.1,0.513,113.771
I Porni I Tzein,Manos Loizos,Ta Negrika,0.357,0.59,-10.429,0.0344,0.841,3.75e-06,0.104,0.506,136.389
O Dikastis Berd,Manos Loizos,Ta Negrika,0.285,0.321,-10.303,0.0307,0.825,1.34e-06,0.101,0.163,93.284
Ki An Si Lefkos - Negros Ego,Manos Loizos,Ta Negrika,0.389,0.547,-8.937,0.0384,0.873,0.0,0.335,0.689,153.857
Delfini Delfinaki,Manos Loizos,O Stathmos,0.599,0.445,-7.575,0.0304,0.778,0.00192,0.0512,0.697,124.631
To Palio Roloi,Manos Loizos,O Stathmos,0.341,0.377,-9.485,0.0278,0.623,2.93e-05,0.0921,0.462,84.457
O Stathmos,Manos Loizos,O Stathmos,0.306,0.321,-10.864,0.0333,0.401,0.346,0.154,0.415,179.46
Opios Di To Palikari,Manos Loizos,O Stathmos,0.424,0.423,-8.725,0.0339,0.837,9.77e-05,0.1,0.518,128.881
"Itan Okto, Ennia",Manos Loizos,O Stathmos,0.534,0.518,-10.506,0.0558,0.737,0.0,0.16,0.643,129.502
Finale Protou Merous,Manos Loizos,O Stathmos,0.4,0.672,-9.209,0.0337,0.552,0.0404,0.0949,0.872,120.339
To Melachrinaki,Manos Loizos,O Stathmos,0.562,0.644,-8.159,0.0296,0.62,6.83e-05,0.0389,0.835,81.532
I Doulia Kani Tous Adres,Manos Loizos,O Stathmos,0.831,0.537,-6.071,0.0355,0.344,0.0,0.13,0.852,116.893
S' Apothimisa,Manos Loizos,O Stathmos,0.488,0.473,-8.806,0.0334,0.776,0.922,0.0983,0.444,112.07
Piso Ap' Tin Porta,Manos Loizos,O Stathmos,0.705,0.423,-8.615,0.0335,0.729,2.91e-05,0.0747,0.597,126.689
Epistrofi,Manos Loizos,O Stathmos,0.411,0.641,-9.401,0.0373,0.281,0.518,0.267,0.798,161.217
Finale Defterou Merous,Manos Loizos,O Stathmos,0.545,0.57,-7.645,0.0317,0.431,0.451,0.301,0.684,129.046
Lionoun Ta Niata Mas,George Dalaras,Ta Tragoudia Mas,0.605,0.275,-15.117,0.0409,0.618,0.0,0.0885,0.674,116.722
Pagose I Tsiminiera,George Dalaras,Ta Tragoudia Mas,0.526,0.262,-16.805,0.0289,0.484,0.0,0.0972,0.452,108.938
Sti Doulia Ke Ston Agona,George Dalaras,Ta Tragoudia Mas,0.705,0.479,-15.131,0.0289,0.618,0.000474,0.115,0.943,95.942
O Stratos,George Dalaras,Ta Tragoudia Mas,0.655,0.316,-13.571,0.0467,0.837,0.000144,0.183,0.606,110.988
Rimaxan Ta Horia Mas,George Dalaras,Ta Tragoudia Mas,0.442,0.307,-16.563,0.0374,0.651,0.0,0.112,0.218,93.344
To Dedro,George Dalaras,Ta Tragoudia Mas,0.615,0.534,-13.526,0.0374,0.652,0.0,0.0939,0.967,137.826
Ah Patrida Mou Kaimeni,George Dalaras,Ta Tragoudia Mas,0.406,0.259,-16.514,0.0355,0.759,0.0,0.0891,0.53,170.277
Allo Tipota Den Meni,George Dalaras,Ta Tragoudia Mas,0.47,0.336,-16.071,0.0418,0.689,3.17e-06,0.0973,0.434,97.658
Megara,George Dalaras,Ta Tragoudia Mas,0.694,0.486,-12.443,0.0273,0.637,0.0,0.0763,0.661,91.428
Metanastes,George Dalaras,Ta Tragoudia Mas,0.456,0.214,-18.143,0.0502,0.772,9.4e-06,0.155,0.456,114.921
Ap' Ti Sinikia,George Dalaras,Ta Tragoudia Mas,0.592,0.505,-12.525,0.043,0.73,2.37e-06,0.0776,0.641,118.806
I Gi Mas (I Kiria Astronomia),Manos Loizos,Kato Apo Ena Kounoupidi + Anekdota Demos,0.55,0.237,-9.798,0.0272,0.671,0.0,0.0926,0.32,92.898
Hriso Pouli Mou (O Ilios Pai Na Disi),Manos Loizos,Kato Apo Ena Kounoupidi + Anekdota Demos,0.38,0.242,-12.384,0.0325,0.709,1.11e-05,0.0961,0.194,74.838
Anekdotaki (Ta Tria Mirmigakia),Manos Loizos,Kato Apo Ena Kounoupidi + Anekdota Demos,0.55,0.387,-8.353,0.105,0.418,0.0,0.0752,0.434,94.003
O Stathis,Manos Loizos,Kato Apo Ena Kounoupidi + Anekdota Demos,0.766,0.361,-10.094,0.067,0.742,0.0,0.123,0.692,95.854
Mia Apli Alithia (O Spourgitis),Manos Loizos,Kato Apo Ena Kounoupidi + Anekdota Demos,0.75,0.434,-10.675,0.0896,0.304,0.0,0.0582,0.563,123.863
To Methismeno Papi - Demo Version,Manos Loizos,Kato Apo Ena Kounoupidi + Anekdota Demos,0.643,0.837,-11.163,0.634,0.726,0.00139,0.533,0.756,88.439
Dilino (Sinnefo Triadafilli),Manos Loizos,Kato Apo Ena Kounoupidi + Anekdota Demos,0.433,0.291,-9.84,0.0324,0.44,0.0,0.122,0.37,131.721
I Diki Mou,Manos Loizos,Kato Apo Ena Kounoupidi + Anekdota Demos,0.358,0.221,-12.808,0.0315,0.794,0.000245,0.111,0.126,95.382
Kato Apo Ena Kounoupidi (Tou Paralogou) - Aftoshediasmos II - Demo Version,Manos Loizos,Kato Apo Ena Kounoupidi + Anekdota Demos,0.715,0.05,-14.965,0.335,0.125,0.0,0.3,0.292,77.627
Kanenas De Mou Milise,Manos Loizos,Protes Ektelesis vol. 1,0.461,0.133,-20.169,0.0948,0.728,0.0382,0.106,0.331,176.137
I Balanta Enos Filisihou,Dimitriadi Maria,Deltio Kerou,0.702,0.538,-12.456,0.0722,0.331,3.47e-06,0.61,0.889,124.28
Pote Pote Mazi,Dimitriadi Maria,Deltio Kerou,0.436,0.0902,-17.59,0.0298,0.752,0.0,0.105,0.214,84.293
To Pedi Apo Tin Kriti,Dimitriadi Maria,Deltio Kerou,0.664,0.212,-15.34,0.044,0.86,8.49e-05,0.144,0.604,119.136
O Antartis,Dimitriadi Maria,Deltio Kerou,0.621,0.256,-13.937,0.0347,0.745,0.0,0.278,0.66,120.697
In' Arrostia Ta Tragoudia,Dimitriadi Maria,Deltio Kerou,0.677,0.268,-11.954,0.0446,0.67,0.0,0.0563,0.384,98.544
Deltio Kerou,Dimitriadi Maria,Deltio Kerou,0.56,0.464,-12.921,0.0401,0.627,3.66e-06,0.152,0.593,139.394
To Treno Fevgi Stis Okto,Dimitriadi Maria,Deltio Kerou,0.513,0.243,-15.785,0.0263,0.901,0.0187,0.16,0.341,95.926
Exi Koritsia,Dimitriadi Maria,Deltio Kerou,0.636,0.068,-19.288,0.0504,0.929,0.0,0.0885,0.595,117.539
Aftos O Topos,Dimitriadi Maria,Deltio Kerou,0.607,0.194,-15.338,0.0649,0.791,0.0,0.673,0.731,77.099
Itan 18 Noemvri,Maria Faradouri,O Hronos Pou Metrai,0.431,0.275,-14.952,0.0384,0.891,0.00598,0.131,0.25,122.506
Ta Magia,Maria Faradouri,Serenates (Remastered),0.506,0.425,-10.269,0.0279,0.797,0.0,0.148,0.514,97.908
Ena Feggari Allokoto,Maria Faradouri,Serenates (Remastered),0.722,0.443,-8.988,0.0296,0.442,0.0,0.126,0.628,117.886
Ena Tragoudi Alliotiko - Remastered,Maria Faradouri,Serenates (Remastered),0.2,0.319,-10.874,0.0358,0.732,0.0,0.0569,0.383,159.674
Kapote Tha 'Rthoun Na Sou Poun,Maria Faradouri,Serenates (Remastered),0.359,0.402,-10.725,0.0362,0.632,1.56e-05,0.123,0.131,113.115
Se Pia Pelagi,Maria Faradouri,Serenates (Remastered),0.372,0.307,-12.292,0.0317,0.545,0.0,0.175,0.23,175.836
Terma I Mizeria,Maria Faradouri,Serenates (Remastered),0.704,0.341,-10.664,0.0314,0.677,0.0,0.102,0.509,104.798
Erotiko,Maria Faradouri,Serenates (Remastered),0.486,0.343,-11.626,0.0292,0.635,0.0,0.0864,0.471,86.961
Isouna Parapono,Maria Faradouri,Serenates (Remastered),0.518,0.391,-10.575,0.0327,0.707,0.0,0.197,0.376,95.909
Me Ta Mavra Sou Ta Matia,Maria Faradouri,Serenates (Remastered),0.835,0.566,-7.96,0.0371,0.44,0.0,0.0661,0.745,121.884
Alati,Maria Faradouri,Serenates (Remastered),0.28,0.324,-12.424,0.0334,0.751,6.65e-06,0.124,0.313,159.649
Stou Sifniou To Bar,Maria Faradouri,Serenates (Remastered),0.643,0.456,-9.908,0.0317,0.502,0.0,0.326,0.674,107.922
De Thelo Pia,Maria Faradouri,Serenates (Remastered),0.516,0.352,-10.917,0.0339,0.669,0.0,0.213,0.255,94.634
Ouverture,Marietta Fafouti,Try a Little Romance,0.584,0.537,-8.405,0.0426,0.123,0.0,0.0809,0.391,129.895
Don't Stop,Marietta Fafouti,Try a Little Romance,0.634,0.514,-9.81,0.0316,0.0915,0.242,0.0947,0.502,125.02
Goodbye My Love,Marietta Fafouti,Try a Little Romance,0.493,0.172,-14.542,0.0301,0.811,0.276,0.0848,0.0853,120.069
I Can Forget,Marietta Fafouti,Try a Little Romance,0.678,0.54,-9.33,0.0288,0.122,8.34e-05,0.142,0.452,120.066
The Girl Who Loved the Rain,Marietta Fafouti,Try a Little Romance,0.418,0.275,-10.358,0.0298,0.433,1.6e-05,0.103,0.155,84.126
A True Romance,Marietta Fafouti,Try a Little Romance,0.439,0.394,-10.817,0.0327,0.348,0.0145,0.079,0.211,100.214
Lalala,Marietta Fafouti,Try a Little Romance,0.282,0.509,-7.122,0.0348,0.071,0.0,0.103,0.48,80.078
Fly High,Marietta Fafouti,Try a Little Romance,0.643,0.466,-10.933,0.0311,0.187,0.599,0.0908,0.247,120.098
IfIf,Marietta Fafouti,Try a Little Romance,0.258,0.285,-9.12,0.0321,0.735,0.000552,0.34,0.147,146.048
My Beautiful Girl,Marietta Fafouti,Try a Little Romance,0.496,0.287,-10.765,0.0309,0.872,0.129,0.0929,0.161,64.964
Just Go On,Marietta Fafouti,Try a Little Romance,0.32,0.357,-10.222,0.0293,0.322,0.000938,0.118,0.336,68.631
Atakti,Markos Vamvakaris,Ta Teleftaia Chronia Tou Markou 1963-1969,0.788,0.474,-6.51,0.0416,0.772,0.00014,0.111,0.692,119.697
Ta Omorfa Galana Sou Matia,Markos Vamvakaris,Ta Teleftaia Chronia Tou Markou 1963-1969,0.768,0.45,-5.423,0.0378,0.787,5.99e-06,0.148,0.62,106.452
Ta Matoklada Sou Lampoun,Markos Vamvakaris,Ta Teleftaia Chronia Tou Markou 1963-1969,0.737,0.665,-7.16,0.0393,0.478,0.00103,0.0742,0.83,137.386
Fragkosyriani,Markos Vamvakaris,Ta Teleftaia Chronia Tou Markou 1963-1969,0.885,0.598,-7.379,0.0384,0.604,0.213,0.0933,0.684,113.501
Tik-Tak Kanei I Kardia Mou,Markos Vamvakaris,Ta Teleftaia Chronia Tou Markou 1963-1969,0.615,0.473,-5.978,0.0481,0.818,1.52e-06,0.0601,0.864,184.166
Imouna Magkas Mia Fora,Markos Vamvakaris,Ta Teleftaia Chronia Tou Markou 1963-1969,0.857,0.397,-5.903,0.0407,0.826,0.0,0.0506,0.849,140.02
Ti M' Ofeloun Oi Anoixes,Markos Vamvakaris,Ta Teleftaia Chronia Tou Markou 1963-1969,0.878,0.44,-4.913,0.0683,0.808,0.000185,0.0967,0.575,130.234
Min Peraseis Ap' Ti Geitonia Mou,Markos Vamvakaris,Ta Teleftaia Chronia Tou Markou 1963-1969,0.772,0.374,-6.19,0.0451,0.657,3.44e-05,0.0492,0.714,60.794
Apopse Tha Peraso,Markos Vamvakaris,Ta Teleftaia Chronia Tou Markou 1963-1969,0.847,0.579,-6.321,0.0631,0.716,1.12e-05,0.0656,0.892,115.392
Pseftikos Einai O Ntounias,Markos Vamvakaris,Ta Teleftaia Chronia Tou Markou 1963-1969,0.779,0.445,-6.599,0.0465,0.854,1.7e-05,0.2,0.814,122.085
Mesa Se Mavro Pelagos,Markos Vamvakaris,Ta Teleftaia Chronia Tou Markou 1963-1969,0.685,0.467,-5.976,0.033,0.717,6.96e-05,0.335,0.859,117.412
Mavri Zoi Mikroula Mou,Markos Vamvakaris,Ta Teleftaia Chronia Tou Markou 1963-1969,0.799,0.513,-7.429,0.0362,0.851,0.027,0.0547,0.53,110.495
"Fora Ta Mavra, Fora Ta",Markos Vamvakaris,Ta Teleftaia Chronia Tou Markou 1963-1969,0.795,0.387,-6.317,0.0462,0.85,0.0,0.139,0.683,124.173
I Gkriniara,Markos Vamvakaris,Ta Teleftaia Chronia Tou Markou 1963-1969,0.696,0.295,-7.23,0.0574,0.706,0.000231,0.0616,0.549,113.293
Dyo Gyftopoules,Markos Vamvakaris,Ta Teleftaia Chronia Tou Markou 1963-1969,0.635,0.508,-7.198,0.0311,0.849,0.00401,0.0704,0.781,81.668
Katse Fronima Marika,Markos Vamvakaris,Ta Teleftaia Chronia Tou Markou 1963-1969,0.704,0.553,-6.045,0.0408,0.594,0.0,0.108,0.683,128.807
Mia Mikropantremeni,Markos Vamvakaris,Ta Teleftaia Chronia Tou Markou 1963-1969,0.87,0.427,-7.157,0.052,0.737,0.000784,0.0756,0.621,125.274
Ta Vasana Mou,Markos Vamvakaris,Ta Teleftaia Chronia Tou Markou 1963-1969,0.763,0.314,-8.719,0.0468,0.855,0.000465,0.142,0.457,92.22
Alaniara Apo Ton Peiraia,Markos Vamvakaris,"Markos Vamvakaris, No. 3",0.671,0.521,-10.917,0.0382,0.995,0.589,0.359,0.869,68.004
Nostimi Mauromatou,Markos Vamvakaris,"Markos Vamvakaris, No. 3",0.479,0.368,-10.328,0.0408,0.994,0.789,0.113,0.723,148.152
Prepi Na Xeris Mihani,Markos Vamvakaris,"Markos Vamvakaris, No. 3",0.565,0.367,-9.316,0.051,0.987,0.00679,0.149,0.585,143.482
Eisai Melahrino Kai Nostimo,Markos Vamvakaris,"Markos Vamvakaris, No. 3",0.504,0.247,-13.615,0.0469,0.994,0.855,0.136,0.734,90.349
O Arabatzis,Markos Vamvakaris,"Markos Vamvakaris, No. 3",0.482,0.456,-11.933,0.0336,0.994,0.914,0.0898,0.611,96.846
Tote Pou Ta 'Ha Ta Lefta,Markos Vamvakaris,"Markos Vamvakaris, No. 3",0.513,0.36,-11.05,0.0363,0.993,0.779,0.135,0.836,148.734
O Agimnastos,Markos Vamvakaris,"Markos Vamvakaris, No. 3",0.647,0.433,-10.4,0.0627,0.977,2.3e-05,0.227,0.722,129.385
Paixnidiara Mou,Markos Vamvakaris,"Markos Vamvakaris, No. 3",0.521,0.444,-8.853,0.0362,0.993,0.0338,0.175,0.695,183.407
Peirmatara,Markos Vamvakaris,"Markos Vamvakaris, No. 3",0.525,0.494,-10.266,0.0365,0.993,0.485,0.323,0.918,163.677
San Me Deis Kai Sou Sfirizo,Markos Vamvakaris,"Markos Vamvakaris, No. 3",0.516,0.319,-10.735,0.0385,0.99,0.912,0.135,0.294,136.992
Me Planepses Mpoemissa,Markos Vamvakaris,"Markos Vamvakaris, No. 3",0.698,0.436,-11.397,0.0943,0.991,0.000144,0.225,0.796,131.972
To Doro Pou Sou Ekana,Markos Vamvakaris,"Markos Vamvakaris, No. 3",0.625,0.242,-11.035,0.033,0.989,1.92e-05,0.105,0.726,97.017
Dio Merakia Stin Kardia Mou,Markos Vamvakaris,"Markos Vamvakaris, No. 3",0.638,0.317,-11.53,0.0392,0.989,0.719,0.144,0.768,109.547
An Figoume Sto Polemo,Markos Vamvakaris,"Markos Vamvakaris, No. 3",0.687,0.266,-13.372,0.0638,0.991,9.44e-05,0.0809,0.866,144.81
Kapoio Vradi Me Feggari,Markos Vamvakaris,"Markos Vamvakaris, No. 3",0.515,0.64,-12.051,0.0371,0.991,0.761,0.239,0.927,142.733
Geia Sas Fantarakia Mas,Markos Vamvakaris,"Markos Vamvakaris, No. 3",0.764,0.42,-13.569,0.0339,0.995,0.00541,0.183,0.961,96.161
Maroko,Markos Vamvakaris,"Markos Vamvakaris, No. 3",0.65,0.317,-13.014,0.0531,0.994,0.0237,0.107,0.835,110.965
Me Sklavose I Agapi Sou,Markos Vamvakaris,"Markos Vamvakaris, No. 3",0.465,0.477,-9.816,0.0276,0.981,0.0273,0.323,0.805,93.257
Xronia Ston Peiraia,Markos Vamvakaris,"Markos Vamvakaris, No. 3",0.647,0.387,-7.977,0.0315,0.989,1.8e-05,0.116,0.669,80.948
Ap 'Oses Kai An Egnorisa,Markos Vamvakaris,"Markos Vamvakaris, No. 3",0.586,0.405,-11.622,0.0299,0.993,0.851,0.11,0.742,104.575
Karantouzeni,Markos Vamvakaris,"Markos Vamvakaris, No. 1",0.78,0.578,-10.106,0.0523,0.995,0.105,0.115,0.68,107.561
Oloi I Rempetes Tou Ntounia,Markos Vamvakaris,"Markos Vamvakaris, No. 1",0.617,0.429,-10.085,0.0343,0.971,0.00857,0.0706,0.855,148.021
Ores Me Threfei O Ntounias,Markos Vamvakaris,"Markos Vamvakaris, No. 1",0.777,0.536,-10.942,0.0401,0.948,0.00312,0.0817,0.955,69.539
Taksim Serf,Markos Vamvakaris,"Markos Vamvakaris, No. 1",0.555,0.523,-12.328,0.0709,0.986,0.9,0.153,0.363,129.554
Ksanarthes Vasilia,Markos Vamvakaris,"Markos Vamvakaris, No. 1",0.679,0.376,-12.848,0.0599,0.975,0.0837,0.0488,0.963,146.674
Mastouras,Markos Vamvakaris,"Markos Vamvakaris, No. 1",0.57,0.486,-10.128,0.037,0.995,0.52,0.143,0.858,142.51
Ta Matia Sou Ta Arapika,Markos Vamvakaris,"Markos Vamvakaris, No. 1",0.716,0.754,-7.859,0.0361,0.93,0.104,0.146,0.933,102.608
Sto Faliro Pou Plenesai,Markos Vamvakaris,"Markos Vamvakaris, No. 1",0.654,0.482,-8.889,0.0385,0.985,0.0737,0.0822,0.804,108.711
O Harmanis,Markos Vamvakaris,"Markos Vamvakaris, No. 1",0.711,0.13,-19.703,0.0501,0.996,0.85,0.108,0.351,131.867
Thelo Mastouris Na Gino,Markos Vamvakaris,"Markos Vamvakaris, No. 1",0.675,0.406,-10.012,0.0698,0.995,0.00221,0.0684,0.595,97.902
O Dervisis,Markos Vamvakaris,"Markos Vamvakaris, No. 1",0.658,0.22,-20.262,0.0733,0.996,0.913,0.109,0.541,117.994
Kapote Imouna Ke Ego,Markos Vamvakaris,"Markos Vamvakaris, No. 1",0.741,0.426,-9.401,0.0965,0.926,0.000164,0.102,0.737,116.314
Mortissa Hasiklou,Markos Vamvakaris,"Markos Vamvakaris, No. 1",0.648,0.481,-11.178,0.0395,0.996,0.828,0.17,0.814,128.413
H Plimmira,Markos Vamvakaris,"Markos Vamvakaris, No. 1",0.602,0.739,-11.619,0.0629,0.896,0.000981,0.0401,0.494,143.301
Xristina,Markos Vamvakaris,"Markos Vamvakaris, No. 1",0.662,0.361,-9.767,0.0334,0.989,0.00102,0.107,0.682,97.803
San Ise Magkas Kai Ntais,Markos Vamvakaris,"Markos Vamvakaris, No. 1",0.499,0.325,-10.611,0.0417,0.977,0.0793,0.36,0.587,106.11
Otan Pino Toumpekaki,Markos Vamvakaris,"Markos Vamvakaris, No. 1",0.756,0.627,-13.203,0.0559,0.933,0.893,0.226,0.979,131.011
Ise Afrati San Frantzola,Markos Vamvakaris,"Markos Vamvakaris, No. 1",0.443,0.445,-11.784,0.0368,0.995,0.889,0.148,0.733,166.603
Psila Ti Htizeis Tti Folia,Markos Vamvakaris,"Markos Vamvakaris, No. 2",0.533,0.444,-10.605,0.0302,0.995,0.0578,0.338,0.965,100.101
Markos O Sirianos,Markos Vamvakaris,"Markos Vamvakaris, No. 2",0.461,0.535,-10.264,0.0367,0.983,0.915,0.127,0.778,160.753
Mi Me Peismatoneis,Markos Vamvakaris,"Markos Vamvakaris, No. 2",0.462,0.476,-13.188,0.0346,0.994,0.909,0.128,0.964,110.131
Tha Ertho Na Se Ksipniso,Markos Vamvakaris,"Markos Vamvakaris, No. 2",0.371,0.387,-11.574,0.0324,0.994,0.151,0.112,0.852,164.125
Zito Pantou O Kaimenos,Markos Vamvakaris,"Markos Vamvakaris, No. 2",0.561,0.282,-11.831,0.0363,0.995,0.782,0.129,0.566,109.365
Mia Galanomata Stin Athina,Markos Vamvakaris,"Markos Vamvakaris, No. 2",0.511,0.597,-7.288,0.0315,0.954,0.00413,0.223,0.572,145.43
Gia Sena Ipofero,Markos Vamvakaris,"Markos Vamvakaris, No. 2",0.388,0.369,-11.527,0.0293,0.994,0.82,0.104,0.571,176.675
Me Polemas Mampesika,Markos Vamvakaris,"Markos Vamvakaris, No. 2",0.713,0.22,-13.146,0.0812,0.996,0.705,0.118,0.856,113.261
Se Xehasa Den Se Agapo,Markos Vamvakaris,"Markos Vamvakaris, No. 2",0.555,0.321,-14.54,0.0508,0.993,0.92,0.162,0.964,76.966
Gerases Pia Den S Agapo,Markos Vamvakaris,"Markos Vamvakaris, No. 2",0.604,0.46,-10.061,0.04,0.991,0.457,0.184,0.726,147.155
Giati Giati Mou To Ekripses,Markos Vamvakaris,"Markos Vamvakaris, No. 2",0.634,0.289,-14.056,0.054,0.995,0.719,0.101,0.78,109.535
O Grousouzis,Markos Vamvakaris,"Markos Vamvakaris, No. 2",0.569,0.383,-9.717,0.0385,0.989,0.546,0.132,0.752,138.308
Adiase Mou Ti Gonia,Markos Vamvakaris,"Markos Vamvakaris, No. 2",0.534,0.359,-13.007,0.0397,0.994,0.842,0.135,0.786,110.18
Kavaliotissa,Markos Vamvakaris,"Markos Vamvakaris, No. 2",0.653,0.332,-13.067,0.0661,0.996,0.872,0.114,0.967,123.052
Mou Ipan Pos Me Arnithikes,Markos Vamvakaris,"Markos Vamvakaris, No. 2",0.519,0.434,-9.482,0.0396,0.993,0.0108,0.101,0.699,183.908
Mousolini Allakse Gnomi,Markos Vamvakaris,"Markos Vamvakaris, No. 2",0.69,0.2,-14.27,0.0742,0.994,0.000164,0.165,0.725,123.231
Den Ime Dakri Sto Lemo (To Perasma),Melina Aslanidou,To Perasma,0.779,0.59,-6.606,0.0317,0.522,0.0,0.133,0.351,120.0
Me Hromata Dika Sou,Melina Aslanidou,To Perasma,0.668,0.542,-6.775,0.0391,0.584,0.0,0.104,0.386,125.86
To Tsigaro Vari,Melina Aslanidou,To Perasma,0.565,0.441,-6.859,0.0717,0.292,0.0,0.094,0.236,67.262
Stis Zois Sou Ti Skia (Pelno Me Sam),Melina Aslanidou,To Perasma,0.706,0.474,-8.358,0.0292,0.595,3.31e-05,0.355,0.382,107.019
Tis Zois To Monopati,Melina Aslanidou,To Perasma,0.726,0.51,-7.315,0.0282,0.748,0.0,0.105,0.461,108.055
Isa Ki Anisa,Melina Aslanidou,To Perasma,0.605,0.65,-3.842,0.0472,0.485,0.0,0.122,0.514,118.938
Na 'Tan I Psihi Mou Petra,Melina Aslanidou,To Perasma,0.817,0.731,-6.597,0.0418,0.602,0.000185,0.0706,0.765,104.96
Thalassa,Melina Aslanidou,To Perasma,0.487,0.521,-7.574,0.0544,0.82,0.0,0.0977,0.301,93.864
Prin Tin Avgi,Melina Aslanidou,To Perasma,0.78,0.494,-7.79,0.0318,0.71,0.0,0.109,0.766,117.867
Kanis Den Irthe,Melina Aslanidou,To Perasma,0.535,0.359,-6.031,0.0284,0.486,0.0,0.336,0.503,129.844
Pai Keros,Melina Aslanidou,To Perasma,0.283,0.348,-8.7,0.0437,0.352,0.0,0.119,0.255,74.31
Anepidota Grammata,Afroditi Manou,Anepidota Grammata,0.331,0.179,-13.916,0.0388,0.954,0.0105,0.127,0.176,143.373
Syntrofe Koimasai?,Afroditi Manou,Anepidota Grammata,0.18,0.303,-11.249,0.0335,0.939,0.205,0.0938,0.0701,67.982
Anna,Afroditi Manou,Anepidota Grammata,0.367,0.26,-12.258,0.0396,0.983,0.00857,0.133,0.312,83.869
Me Ti Matia Tora Pia,Afroditi Manou,Anepidota Grammata,0.367,0.172,-13.977,0.0422,0.99,0.168,0.108,0.184,108.173
Ithele Na Zisei,Afroditi Manou,Anepidota Grammata,0.252,0.302,-12.589,0.0328,0.968,0.833,0.147,0.208,99.086
Parallagi,Afroditi Manou,Anepidota Grammata,0.284,0.45,-9.994,0.032,0.971,0.0567,0.143,0.0685,63.164
Epistrofi,Afroditi Manou,Anepidota Grammata,0.54,0.317,-9.796,0.0304,0.979,0.0,0.115,0.252,74.275
Pou Petaxe T' Agori Mou - Remastered,Mikis Theodorakis,Epitafios - Epifania (Remastered),0.716,0.347,-7.334,0.0333,0.894,0.0,0.0436,0.628,106.656
Hili Mou Moskomiristo,Mikis Theodorakis,Epitafios - Epifania (Remastered),0.607,0.389,-7.016,0.0367,0.873,0.000361,0.109,0.563,104.314
Mera Magiou Mou Misepses - Remastered,Mikis Theodorakis,Epitafios - Epifania (Remastered),0.485,0.384,-7.681,0.035,0.965,6.21e-05,0.186,0.557,119.436
Vasilepses Asteri Mou - Remastered,Mikis Theodorakis,Epitafios - Epifania (Remastered),0.703,0.46,-7.608,0.0448,0.894,5.71e-06,0.0529,0.641,129.051
Isoun Kalos,Mikis Theodorakis,Epitafios - Epifania (Remastered),0.483,0.371,-8.469,0.037,0.934,6.62e-06,0.111,0.824,183.343
Sto Parathiri Stekosoun,Mikis Theodorakis,Epitafios - Epifania (Remastered),0.74,0.391,-9.225,0.0354,0.797,0.0,0.0742,0.878,111.003
Na ' Ha T' Athanato Nero,Mikis Theodorakis,Epitafios - Epifania (Remastered),0.654,0.327,-8.527,0.038,0.945,3.38e-06,0.104,0.791,123.847
"Glike Mou, Esi De Hathikes",Mikis Theodorakis,Epitafios - Epifania (Remastered),0.567,0.19,-9.318,0.0464,0.957,7.12e-06,0.229,0.603,122.709
Arnisis,Mikis Theodorakis,Epitafios - Epifania (Remastered),0.431,0.276,-10.812,0.0326,0.92,0.00055,0.296,0.565,113.861
Kratisa Ti Zoi Mou,Mikis Theodorakis,Epitafios - Epifania (Remastered),0.343,0.256,-11.948,0.0372,0.768,0.000899,0.271,0.493,120.862
Anthi Tis Petras,Mikis Theodorakis,Epitafios - Epifania (Remastered),0.371,0.362,-9.414,0.0337,0.908,0.000572,0.168,0.493,123.031
Mesa Stis Thalassines Spilies - Remastered,Mikis Theodorakis,Epitafios - Epifania (Remastered),0.423,0.323,-8.338,0.0333,0.75,0.0,0.119,0.584,114.253
Meros B': Ta Pathi / Idou Ego Lipon (Imnos),Mikis Theodorakis,To Axion Esti (Remastered 2003),0.423,0.476,-7.845,0.055,0.938,9.39e-06,0.186,0.219,94.457
Meros A': I Genesis Isagogi / Tote Ipe,Mikis Theodorakis,To Axion Esti (Remastered 2003),0.189,0.559,-9.014,0.0453,0.909,0.00505,0.139,0.134,89.112
Meros B': Ta Pathi / I Poria Pros To Metopo (Alvania) (Anagnosma),Mikis Theodorakis,To Axion Esti (Remastered 2003),0.687,0.225,-20.025,0.872,0.669,0.0,0.164,0.629,113.123
Meros B': Ta Pathi / Ena To Helidoni (Horiko),Mikis Theodorakis,To Axion Esti (Remastered 2003),0.687,0.608,-7.321,0.0418,0.717,0.0,0.188,0.706,110.888
Meros B': Ta Pathi / Ta Themelia Mou Sta Vouna (Imnos),Mikis Theodorakis,To Axion Esti (Remastered 2003),0.249,0.414,-10.795,0.0483,0.919,0.000119,0.141,0.12,119.649
Meros B': Ta Pathi / Me To Lihno Tou Astroui (Horiko),Mikis Theodorakis,To Axion Esti (Remastered 2003),0.257,0.206,-12.325,0.0368,0.961,3.31e-05,0.0906,0.125,132.408
Meros B': Ta Pathi / I Megali Exodos (Katohi) (Anagnosma),Mikis Theodorakis,To Axion Esti (Remastered 2003),0.638,0.231,-21.04,0.898,0.595,0.0,0.103,0.639,135.422
Meros B': Ta Pathi / Tis Dikeosinis Ilie Noite (Horiko),Mikis Theodorakis,To Axion Esti (Remastered 2003),0.557,0.375,-8.795,0.0287,0.712,0.0,0.127,0.647,124.287
Meros B': Ta Pathi / Nai Sto Shima T' Ouranou,Mikis Theodorakis,To Axion Esti (Remastered 2003),0.349,0.431,-9.353,0.03,0.599,0.216,0.715,0.332,115.173
Meros B': Ta Pathi / Tis Agapis Emata (Horiko),Mikis Theodorakis,To Axion Esti (Remastered 2003),0.459,0.387,-8.926,0.029,0.837,4.37e-06,0.181,0.399,101.113
Meros B': Ta Pathi / Nai Sto Shima T' Ouranou (Imnos),Mikis Theodorakis,To Axion Esti (Remastered 2003),0.235,0.475,-10.381,0.0388,0.552,0.0,0.321,0.325,119.997
Meros B': Ta Pathi / Profitikon (Emfilios-Diktatoria) (Anagnosma),Mikis Theodorakis,To Axion Esti (Remastered 2003),0.666,0.147,-23.106,0.865,0.733,0.0,0.249,0.612,114.804
Meros B': Ta Pathi / Anigo To Stoma Mou (Horiko),Mikis Theodorakis,To Axion Esti (Remastered 2003),0.255,0.419,-8.413,0.0299,0.881,4.91e-05,0.11,0.169,92.635
Meros B': Ta Pathi / Se Hora Makrini (Imnos),Mikis Theodorakis,To Axion Esti (Remastered 2003),0.504,0.381,-9.259,0.0378,0.881,3.52e-06,0.166,0.214,95.053
Meros C': To Doxastikon,Mikis Theodorakis,To Axion Esti (Remastered 2003),0.297,0.561,-9.733,0.0499,0.72,0.0,0.23,0.119,100.578
O Adonis - Remastered,Maria Faradouri,I Balada Tou Maouthaouzen + 6 Tragoudia (Remastered),0.522,0.463,-10.194,0.0361,0.864,0.000107,0.104,0.605,114.764
Asma Asmaton - Remastered,Maria Faradouri,I Balada Tou Maouthaouzen + 6 Tragoudia (Remastered),0.382,0.326,-10.502,0.0319,0.924,6.67e-05,0.102,0.19,84.138
O Drapetis,Maria Faradouri,I Balada Tou Maouthaouzen + 6 Tragoudia (Remastered),0.616,0.29,-11.407,0.0268,0.782,0.00261,0.607,0.76,87.278
Ama Teliosi O Polemos,Maria Faradouri,I Balada Tou Maouthaouzen + 6 Tragoudia (Remastered),0.373,0.354,-9.17,0.0309,0.684,0.0,0.105,0.579,86.688
Kourastika Na Se Krato - Remastered,Maria Faradouri,I Balada Tou Maouthaouzen + 6 Tragoudia (Remastered),0.484,0.541,-7.193,0.0321,0.7,0.0,0.166,0.498,74.641
O Iskios Epese Varis,Maria Faradouri,I Balada Tou Maouthaouzen + 6 Tragoudia (Remastered),0.508,0.41,-8.087,0.036,0.665,0.0,0.059,0.404,79.041
Pira Tous Dromous T' Ouranou - Remastered,Maria Faradouri,I Balada Tou Maouthaouzen + 6 Tragoudia (Remastered),0.499,0.577,-7.993,0.0288,0.74,0.0,0.349,0.7,91.983
Stou Kosmou Tin Aniforia - Remastered,Maria Faradouri,I Balada Tou Maouthaouzen + 6 Tragoudia (Remastered),0.481,0.466,-7.575,0.0297,0.801,0.0,0.121,0.366,102.637
To Ekkremes - Remastered,Maria Faradouri,I Balada Tou Maouthaouzen + 6 Tragoudia (Remastered),0.339,0.376,-10.668,0.0482,0.883,4.89e-06,0.355,0.333,127.029
T' Oniro Kapnos - Remastered,Maria Faradouri,I Balada Tou Maouthaouzen + 6 Tragoudia (Remastered),0.304,0.354,-11.461,0.0349,0.949,6.46e-06,0.117,0.212,93.47
Vrehi Sti Ftohogitonia - Remastered,Grigoris Bithikotsis,Politia A + Politia B,0.398,0.369,-6.305,0.0287,0.769,0.0,0.116,0.593,143.396
Vraho Vraho Ton Kaimo Mou - Remastered,Grigoris Bithikotsis,Politia A + Politia B,0.398,0.492,-8.17,0.0338,0.841,0.0,0.304,0.815,198.977
Parapono - Remastered,Grigoris Bithikotsis,Politia A + Politia B,0.515,0.358,-6.25,0.0286,0.735,0.000162,0.313,0.676,129.6
Savvatovrado - Remastered 2004,Grigoris Bithikotsis,Politia A + Politia B,0.522,0.469,-6.081,0.0334,0.862,9.76e-06,0.0687,0.699,138.796
Metanastis - Remastered 2004,Grigoris Bithikotsis,Politia A + Politia B,0.436,0.425,-7.115,0.0323,0.968,0.0,0.164,0.757,165.64
Mana Mou Ke Panagia - Remastered,Grigoris Bithikotsis,Politia A + Politia B,0.589,0.295,-9.201,0.0297,0.891,0.0,0.313,0.549,119.832
Gonia Gonia - Remastered,Grigoris Bithikotsis,Politia A + Politia B,0.601,0.475,-7.201,0.0312,0.848,0.000312,0.17,0.573,122.906
I Balada Tou Adrikou - Remastered,Grigoris Bithikotsis,Politia A + Politia B,0.772,0.567,-7.104,0.033,0.498,0.0,0.159,0.902,127.364
I Mirei - Remastered,Grigoris Bithikotsis,Politia A + Politia B,0.653,0.32,-8.331,0.0289,0.901,0.0,0.377,0.421,83.349
Kaimos - Remastered 2004,Grigoris Bithikotsis,Politia A + Politia B,0.56,0.226,-9.593,0.029,0.942,0.0,0.365,0.498,125.575
Eho Mia Agapi - Remastered 2004,Grigoris Bithikotsis,Politia A + Politia B,0.665,0.574,-5.474,0.0294,0.851,0.0,0.139,0.958,109.248
Drapetsona - Remastered,Grigoris Bithikotsis,Politia A + Politia B,0.492,0.339,-9.2,0.0449,0.986,0.000634,0.425,0.357,116.993
Ine Makris O Dromos Sou - Remastered 2004,Grigoris Bithikotsis,Politia A + Politia B,0.513,0.406,-6.632,0.03,0.838,0.0,0.206,0.681,164.677
Strose To Stroma Sou Gia Dio - Remastered,Mikis Theodorakis,I Gitonia Ton Aggelon (Remastered),0.435,0.227,-11.466,0.03,0.855,0.000568,0.0867,0.382,103.1
Penia,Mikis Theodorakis,I Gitonia Ton Aggelon (Remastered),0.316,0.172,-14.835,0.0432,0.742,0.182,0.125,0.0637,134.55
I Hartaeti - Remastered,Mikis Theodorakis,I Gitonia Ton Aggelon (Remastered),0.643,0.685,-6.911,0.0465,0.677,0.759,0.0998,0.872,130.148
Hasaposervikos,Mikis Theodorakis,I Gitonia Ton Aggelon (Remastered),0.398,0.713,-8.223,0.0346,0.228,0.847,0.0826,0.973,143.846
To Psomi Ine Sto Trapezi - Remastered,Mikis Theodorakis,I Gitonia Ton Aggelon (Remastered),0.353,0.244,-11.702,0.0315,0.843,4.69e-05,0.0846,0.214,113.095
Apo To Parathiro Sou - Remastered,Mikis Theodorakis,I Gitonia Ton Aggelon (Remastered),0.448,0.328,-9.237,0.0355,0.793,0.000369,0.363,0.151,111.278
Stis Gitonias Ton Ourano,Mikis Theodorakis,I Gitonia Ton Aggelon (Remastered),0.616,0.631,-7.63,0.0423,0.441,0.986,0.148,0.682,114.693
Erotiki Skini,Mikis Theodorakis,I Gitonia Ton Aggelon (Remastered),0.385,0.426,-7.091,0.0373,0.519,0.63,0.076,0.366,119.273
Zeibekikos,Mikis Theodorakis,I Gitonia Ton Aggelon (Remastered),0.531,0.433,-7.612,0.0362,0.466,0.873,0.162,0.589,131.685
Doxa To Theo - Remastered,Mikis Theodorakis,I Gitonia Ton Aggelon (Remastered),0.586,0.532,-7.447,0.0255,0.619,0.0,0.267,0.867,95.601
To Navagio - Remastered 2004,Mikis Theodorakis,Balades,0.267,0.291,-13.084,0.0312,0.877,0.0217,0.124,0.131,72.289
Otan Mian Anixi - Remastered,Mikis Theodorakis,Balades,0.352,0.356,-9.81,0.0271,0.849,7.95e-05,0.107,0.268,94.884
Mes' Sti Klisti Monaxia Mou - Remastered 2004,Mikis Theodorakis,Balades,0.29,0.156,-15.127,0.0388,0.831,0.00703,0.117,0.297,76.284
I Stihi Afti - Remastered,Mikis Theodorakis,Balades,0.319,0.266,-11.629,0.0291,0.821,0.000371,0.136,0.333,104.388
Kato Ap' Ta Rouha Mou - Remastered,Mikis Theodorakis,Balades,0.667,0.493,-8.708,0.0299,0.721,0.0,0.406,0.805,121.914
Ke Pernousane Ta Tram - Remastered 2004,Mikis Theodorakis,Balades,0.353,0.191,-12.993,0.0358,0.919,0.00263,0.208,0.21,102.967
Dromi Palii - Remastered,Mikis Theodorakis,Balades,0.243,0.413,-10.174,0.0337,0.628,0.00079,0.181,0.228,79.097
Hara-Hara - Remastered 2004,Mikis Theodorakis,Balades,0.271,0.283,-14.687,0.0366,0.839,9.85e-05,0.233,0.236,132.255
Ola Ehoun Apodeltiothi - Remastered 2004,Mikis Theodorakis,Balades,0.558,0.206,-14.386,0.028,0.953,0.0065,0.115,0.268,93.809
Mirtia,Grigoris Bithikotsis,"Sings Mikis Theodorakis, Vol. 1",0.588,0.57,-6.207,0.0264,0.491,0.0,0.194,0.837,90.462
Pame Volta Sta Hania,Grigoris Bithikotsis,"Sings Mikis Theodorakis, Vol. 1",0.658,0.541,-6.989,0.0341,0.644,1.3e-06,0.191,0.865,130.749
Th' Afiso Ti Manoula Mou,Grigoris Bithikotsis,"Sings Mikis Theodorakis, Vol. 1",0.74,0.661,-6.491,0.0289,0.663,7.73e-06,0.0939,0.977,109.379
Fevgo Makria Patrida Mou,Grigoris Bithikotsis,"Sings Mikis Theodorakis, Vol. 1",0.765,0.491,-7.035,0.0299,0.652,0.0,0.0689,0.937,106.493
Se Potisa Rodostamo,Grigoris Bithikotsis,"Sings Mikis Theodorakis, Vol. 1",0.521,0.414,-6.379,0.0308,0.676,9.02e-06,0.124,0.64,117.471
To Palikari,Grigoris Bithikotsis,"Sings Mikis Theodorakis, Vol. 1",0.503,0.399,-6.783,0.0289,0.616,0.0,0.158,0.821,126.489
Anamesa Siro Ke Tzia,Grigoris Bithikotsis,"Sings Mikis Theodorakis, Vol. 1",0.479,0.557,-6.572,0.0353,0.351,0.0,0.399,0.816,148.087
Margarita-Margaro,"Athenians, The",The Athenians: 20 Best Syrtakis From Greece,0.604,0.711,-10.64,0.0345,0.217,0.902,0.0535,0.962,117.793
01/09/2005 - Live,Miltos Pashalidis,Ehoun Perasi Hroni Deka - Zodani Ihografisi Sto Theatro Vrahon 1/09/2005 (Live),0.362,0.0974,-20.045,0.0418,0.863,0.0196,0.151,0.132,62.16
Paramithi Me Lipimeno Telos - Live,Miltos Pashalidis,Ehoun Perasi Hroni Deka - Zodani Ihografisi Sto Theatro Vrahon 1/09/2005 (Live),0.477,0.48,-7.845,0.0543,0.544,0.0,0.694,0.582,136.248
Ta Blouz Tis Agrias Niotis - Live,Miltos Pashalidis,Ehoun Perasi Hroni Deka - Zodani Ihografisi Sto Theatro Vrahon 1/09/2005 (Live),0.489,0.713,-8.773,0.165,0.427,0.000146,0.968,0.511,98.1
Iraklio - Kalamata - Live,Miltos Pashalidis,Ehoun Perasi Hroni Deka - Zodani Ihografisi Sto Theatro Vrahon 1/09/2005 (Live),0.512,0.545,-8.682,0.0378,0.326,0.0,0.823,0.48,139.082
Akoma S' Agapo - Live,Miltos Pashalidis,Ehoun Perasi Hroni Deka - Zodani Ihografisi Sto Theatro Vrahon 1/09/2005 (Live),0.29,0.339,-18.473,0.119,0.858,0.0197,0.711,0.349,94.037
Matia Pou De Vlepode - Live,Miltos Pashalidis,Ehoun Perasi Hroni Deka - Zodani Ihografisi Sto Theatro Vrahon 1/09/2005 (Live),0.49,0.226,-14.921,0.0383,0.251,1.04e-06,0.805,0.309,100.552
I Gerani - Live,Miltos Pashalidis,Ehoun Perasi Hroni Deka - Zodani Ihografisi Sto Theatro Vrahon 1/09/2005 (Live),0.317,0.221,-18.653,0.136,0.843,2.92e-06,0.776,0.382,200.341
To Saraki Tou Rebo - Live,Miltos Pashalidis,Ehoun Perasi Hroni Deka - Zodani Ihografisi Sto Theatro Vrahon 1/09/2005 (Live),0.364,0.488,-9.278,0.0457,0.67,0.0,0.946,0.342,152.189
Apousia - Live,Miltos Pashalidis,Ehoun Perasi Hroni Deka - Zodani Ihografisi Sto Theatro Vrahon 1/09/2005 (Live),0.312,0.229,-12.851,0.03,0.827,0.000953,0.655,0.122,135.077
Ena Pefko Stin Akrogialia - Live,Miltos Pashalidis,Ehoun Perasi Hroni Deka - Zodani Ihografisi Sto Theatro Vrahon 1/09/2005 (Live),0.349,0.443,-10.798,0.0664,0.544,3.12e-05,0.98,0.343,134.971
San Ton Mation Sou Tis Vafes - Live,Miltos Pashalidis,Ehoun Perasi Hroni Deka - Zodani Ihografisi Sto Theatro Vrahon 1/09/2005 (Live),0.391,0.519,-10.425,0.0885,0.561,6.32e-05,0.967,0.378,133.266
Pinelopi - Live,Miltos Pashalidis,Ehoun Perasi Hroni Deka - Zodani Ihografisi Sto Theatro Vrahon 1/09/2005 (Live),0.49,0.868,-5.196,0.0539,0.189,0.0,0.96,0.68,144.393
Vithismenes Agires - Live,Miltos Pashalidis,Ehoun Perasi Hroni Deka - Zodani Ihografisi Sto Theatro Vrahon 1/09/2005 (Live),0.516,0.787,-6.971,0.0693,0.215,6.65e-06,0.73,0.568,145.714
Sou Tilefono - Live,Miltos Pashalidis,Ehoun Perasi Hroni Deka - Zodani Ihografisi Sto Theatro Vrahon 1/09/2005 (Live),0.289,0.217,-15.182,0.0441,0.875,5.17e-05,0.962,0.345,180.907
O Trelos - Live,Miltos Pashalidis,Ehoun Perasi Hroni Deka - Zodani Ihografisi Sto Theatro Vrahon 1/09/2005 (Live),0.482,0.451,-8.619,0.0323,0.278,2.54e-06,0.699,0.366,95.047
San Tragoudaki - Live,Miltos Pashalidis,Ehoun Perasi Hroni Deka - Zodani Ihografisi Sto Theatro Vrahon 1/09/2005 (Live),0.282,0.4,-10.568,0.0609,0.65,0.0,0.96,0.332,171.747
Kakes Sinithies - Live,Miltos Pashalidis,Ehoun Perasi Hroni Deka - Zodani Ihografisi Sto Theatro Vrahon 1/09/2005 (Live),0.368,0.409,-9.258,0.0515,0.67,9.57e-06,0.802,0.239,136.738
Aggelos Me Tous Aggelous - Live,Miltos Pashalidis,Ehoun Perasi Hroni Deka - Zodani Ihografisi Sto Theatro Vrahon 1/09/2005 (Live),0.374,0.802,-6.491,0.0987,0.152,1.58e-05,0.951,0.579,148.773
Tis Lithis To Pigadi - Live,Miltos Pashalidis,Ehoun Perasi Hroni Deka - Zodani Ihografisi Sto Theatro Vrahon 1/09/2005 (Live),0.389,0.438,-9.1,0.03,0.762,1.67e-06,0.699,0.164,95.297
Fotia Mou - Live,Miltos Pashalidis,Ehoun Perasi Hroni Deka - Zodani Ihografisi Sto Theatro Vrahon 1/09/2005 (Live),0.349,0.423,-9.94,0.0381,0.783,0.0,0.912,0.291,109.334
Amanes - Live,Miltos Pashalidis,Ehoun Perasi Hroni Deka - Zodani Ihografisi Sto Theatro Vrahon 1/09/2005 (Live),0.473,0.613,-6.182,0.0308,0.533,0.0,0.749,0.727,84.523
Eleni - Live,Miltos Pashalidis,Ehoun Perasi Hroni Deka - Zodani Ihografisi Sto Theatro Vrahon 1/09/2005 (Live),0.44,0.432,-9.351,0.0582,0.703,0.0,0.715,0.322,114.851
Pethamenes Kalisperes - Live,Miltos Pashalidis,Ehoun Perasi Hroni Deka - Zodani Ihografisi Sto Theatro Vrahon 1/09/2005 (Live),0.439,0.6,-6.955,0.0368,0.732,4.43e-06,0.935,0.294,131.624
Sta Ipa Ola - Live,Miltos Pashalidis,Ehoun Perasi Hroni Deka - Zodani Ihografisi Sto Theatro Vrahon 1/09/2005 (Live),0.536,0.657,-6.647,0.0813,0.463,0.0,0.691,0.583,125.002
Erotokritos (Apospasma A505-528) - Live,Miltos Pashalidis,Ehoun Perasi Hroni Deka - Zodani Ihografisi Sto Theatro Vrahon 1/09/2005 (Live),0.432,0.285,-11.692,0.0756,0.866,2.34e-05,0.708,0.501,138.066
Vithismenes Agires,Miltos Pashalidis,Vithismenes Agires,0.654,0.807,-9.208,0.0426,0.461,8.71e-05,0.105,0.574,140.103
Tou Fthinoporou Ta Filia,Miltos Pashalidis,Vithismenes Agires,0.5,0.381,-11.948,0.0275,0.735,0.00486,0.35,0.333,95.184
Me Mia Kamila Stous Delfous,Miltos Pashalidis,Vithismenes Agires,0.7,0.641,-8.675,0.0377,0.304,1.12e-05,0.0722,0.352,101.974
Amanes,Miltos Pashalidis,Vithismenes Agires,0.743,0.736,-6.705,0.0386,0.324,0.00134,0.103,0.808,82.485
Agiristo Kefali (Mais '98),Miltos Pashalidis,Vithismenes Agires,0.638,0.35,-10.935,0.0263,0.647,0.0,0.12,0.33,98.408
Den Pino Monahos,Miltos Pashalidis,Vithismenes Agires,0.494,0.322,-10.868,0.031,0.935,0.00103,0.115,0.371,139.977
Pilatos,Miltos Pashalidis,Vithismenes Agires,0.744,0.535,-12.438,0.0412,0.0839,0.0617,0.105,0.506,94.0
To Pebto Liodari,Miltos Pashalidis,Vithismenes Agires,0.58,0.429,-11.002,0.0329,0.209,2.01e-05,0.103,0.296,76.857
Tis Poulias,Miltos Pashalidis,Vithismenes Agires,0.553,0.378,-13.523,0.0561,0.82,0.0016,0.122,0.454,113.002
Sivaritissa,Miltos Pashalidis,Vithismenes Agires,0.503,0.169,-15.092,0.0441,0.975,7.34e-05,0.0894,0.211,141.685
Tis Lithis To Pigadi,Miltos Pashalidis,Vithismenes Agires,0.628,0.424,-10.939,0.0291,0.684,0.361,0.0738,0.175,97.031
Rodakino,Miltos Pashalidis,Vithismenes Agires,0.467,0.284,-13.089,0.0291,0.724,0.0132,0.0981,0.11,109.689
I Moni Mou Patrida Ine O Hronos,Miltos Pashalidis,I Moni Mou Patrida Ine O Hronos,0.598,0.385,-12.102,0.0603,0.681,0.000531,0.0952,0.468,178.131
Se Klimaka Bofor,Miltos Pashalidis,I Moni Mou Patrida Ine O Hronos,0.327,0.363,-10.953,0.0392,0.655,1.97e-06,0.105,0.413,71.539
Tehniti Anapnoi,Miltos Pashalidis,I Moni Mou Patrida Ine O Hronos,0.678,0.681,-7.872,0.0351,0.0655,0.0,0.123,0.534,157.091
Ena Pefko Stin Akrogialia,Miltos Pashalidis,I Moni Mou Patrida Ine O Hronos,0.657,0.235,-13.381,0.0355,0.852,0.000338,0.106,0.399,130.028
Sta Ipa Ola,Miltos Pashalidis,I Moni Mou Patrida Ine O Hronos,0.625,0.489,-8.127,0.0352,0.622,0.0,0.0966,0.461,121.323
To Saraki Tou Rebo,Miltos Pashalidis,I Moni Mou Patrida Ine O Hronos,0.597,0.35,-9.22,0.0324,0.581,1.9e-06,0.0997,0.265,147.976
Svino Ta Ihni,Miltos Pashalidis,I Moni Mou Patrida Ine O Hronos,0.596,0.482,-8.669,0.0367,0.776,6.33e-06,0.149,0.427,94.073
I Domates,Miltos Pashalidis,I Moni Mou Patrida Ine O Hronos,0.677,0.355,-9.162,0.0386,0.598,0.0,0.118,0.502,128.964
Vorias Fisai Ta Logia Mou,Miltos Pashalidis,I Moni Mou Patrida Ine O Hronos,0.445,0.168,-13.571,0.0304,0.964,4.81e-06,0.113,0.297,92.003
Aggelos Me Tous Aggelous,Miltos Pashalidis,I Moni Mou Patrida Ine O Hronos,0.649,0.635,-8.658,0.0273,0.406,7.22e-05,0.112,0.599,142.958
Etsi Sklira,Miltos Pashalidis,I Moni Mou Patrida Ine O Hronos,0.492,0.101,-14.224,0.0408,0.959,2.27e-05,0.118,0.337,123.394
Kakes Sinithies,Miltos Pashalidis,Kakes Sinithies,0.639,0.323,-12.84,0.0314,0.431,0.0,0.335,0.217,136.261
Paramithia Tis Okas,Miltos Pashalidis,Kakes Sinithies,0.526,0.417,-12.377,0.0415,0.361,1.38e-06,0.174,0.475,87.046
San Ton Mation Sou Tis Vafes,Miltos Pashalidis,Kakes Sinithies,0.598,0.211,-16.726,0.0369,0.611,4.2e-05,0.132,0.131,132.3
Pinelopi,Miltos Pashalidis,Kakes Sinithies,0.773,0.562,-11.483,0.0379,0.434,0.0,0.0679,0.863,135.268
Akoma S' Agapo,Miltos Pashalidis,Kakes Sinithies,0.54,0.119,-19.4,0.032,0.917,7.38e-05,0.117,0.203,86.351
Iraklio-Kalamata,Miltos Pashalidis,Kakes Sinithies,0.66,0.334,-13.471,0.0413,0.456,0.0,0.105,0.423,132.281
Fotia Mou,Miltos Pashalidis,Kakes Sinithies,0.398,0.226,-14.45,0.0358,0.648,0.0,0.0847,0.226,112.163
Domatio Me Kathreftes,Miltos Pashalidis,Kakes Sinithies,0.245,0.128,-17.494,0.0369,0.905,0.00751,0.107,0.194,169.694
Afigisi,Miltos Pashalidis,Kakes Sinithies,0.694,0.489,-12.025,0.0362,0.259,0.000297,0.0591,0.294,140.04
Nanourisma,Miltos Pashalidis,Kakes Sinithies,0.496,0.0903,-17.999,0.0329,0.815,0.000697,0.22,0.173,62.961
Apopse I Nihta,Miltos Pashalidis,Paramithi Me Lipimeno Telos,0.352,0.161,-15.442,0.0365,0.798,0.0,0.101,0.129,79.94
Ta Blouz Tis Agrias Niotis,Miltos Pashalidis,Paramithi Me Lipimeno Telos,0.555,0.252,-17.721,0.0394,0.508,0.000217,0.12,0.308,97.554
San Tragoudaki,Miltos Pashalidis,Paramithi Me Lipimeno Telos,0.491,0.0804,-17.756,0.0531,0.864,0.0,0.0866,0.17,113.957
Paramithi Me Lipimeno Telos,Miltos Pashalidis,Paramithi Me Lipimeno Telos,0.547,0.301,-13.308,0.04,0.447,0.0,0.238,0.271,124.755
Pethamenes Kalisperes,Miltos Pashalidis,Paramithi Me Lipimeno Telos,0.514,0.306,-14.623,0.0375,0.766,1.46e-05,0.0921,0.197,126.93
Neraida Dihos Paramithi,Miltos Pashalidis,Paramithi Me Lipimeno Telos,0.38,0.333,-13.982,0.0494,0.265,0.000424,0.276,0.434,94.656
Koukla Apo Harti,Miltos Pashalidis,Paramithi Me Lipimeno Telos,0.486,0.168,-17.022,0.0345,0.761,5.02e-05,0.0949,0.283,103.334
O K. Aristidis,Miltos Pashalidis,Paramithi Me Lipimeno Telos,0.528,0.226,-16.849,0.051,0.611,8.46e-05,0.111,0.289,70.093
Matia Pou Den Vlepode,Miltos Pashalidis,Paramithi Me Lipimeno Telos,0.563,0.198,-14.028,0.0389,0.897,0.0,0.0922,0.329,98.257
De Me Eniaxe Na Haso,Miltos Pashalidis,Paramithi Me Lipimeno Telos,0.539,0.321,-13.91,0.035,0.598,0.0,0.0583,0.646,99.048
Petalouda (Prin) / To Tragoudi Tis Petaloudas,Miltos Pashalidis,Paramithi Me Lipimeno Telos,0.348,0.287,-14.815,0.041,0.252,0.00189,0.109,0.205,78.29
Ilios Gia Ta Matia Sou,Miltos Pashalidis,Paramithi Me Lipimeno Telos,0.476,0.191,-14.778,0.0752,0.471,0.0,0.135,0.289,113.341
O Paramithas,Miltos Pashalidis,Paramithi Me Lipimeno Telos,0.448,0.206,-15.9,0.0321,0.359,0.00391,0.103,0.241,94.187
Ta Paidia Tou Peiraia,Nana Mouskouri,I Nana Mouskouri Tragouda Hadjidaki,0.602,0.318,-12.474,0.0331,0.754,0.0,0.124,0.673,115.508
Ilissos,Nana Mouskouri,I Nana Mouskouri Tragouda Hadjidaki,0.588,0.35,-14.045,0.0355,0.951,0.0,0.357,0.712,86.906
To Kyparissaki,Nana Mouskouri,I Nana Mouskouri Tragouda Hadjidaki,0.408,0.202,-13.364,0.0334,0.924,0.00567,0.0609,0.263,108.749
Pame Mia Volta Sto Fengari,Nana Mouskouri,I Nana Mouskouri Tragouda Hadjidaki,0.391,0.273,-13.78,0.0368,0.983,0.000725,0.285,0.278,122.385
Kapou Yparchei I Agapi Mou,Nana Mouskouri,I Nana Mouskouri Tragouda Hadjidaki,0.35,0.142,-17.489,0.0509,0.984,0.0014,0.132,0.196,78.079
O Ymittos,Nana Mouskouri,I Nana Mouskouri Tragouda Hadjidaki,0.681,0.388,-13.418,0.0381,0.948,0.0,0.0976,0.634,127.25
I Prodosia,Nana Mouskouri,I Nana Mouskouri Tragouda Hadjidaki,0.406,0.154,-16.408,0.0301,0.858,7.08e-05,0.099,0.249,105.452
Piso Ap' Tis Triantafyllies,Nana Mouskouri,I Nana Mouskouri Tragouda Hadjidaki,0.219,0.175,-14.962,0.0366,0.926,0.00142,0.0794,0.176,68.143
Ela Pare Mou Ti Lipi,Nana Mouskouri,I Nana Mouskouri Tragouda Hadjidaki,0.463,0.293,-12.633,0.0276,0.975,0.000242,0.355,0.617,83.066
To Tragoudi Tis Evridikis,Nana Mouskouri,I Nana Mouskouri Tragouda Hadjidaki,0.246,0.0503,-19.635,0.0442,0.965,0.00142,0.331,0.154,71.519
Chartino To Fengaraki,Nana Mouskouri,I Nana Mouskouri Tragouda Hadjidaki,0.345,0.0396,-19.128,0.0421,0.989,0.000328,0.178,0.124,118.393
Gia Sena Agapi Mou,Nana Mouskouri,I Nana Mouskouri Tragouda Hadjidaki,0.436,0.202,-13.48,0.0366,0.962,4.59e-05,0.185,0.493,116.598
Aeraki,Gerasimos Evangelatos,Mehri To Telos,0.564,0.293,-8.867,0.035,0.851,0.0,0.128,0.387,115.979
Mikri Diafora,Gerasimos Evangelatos,Mehri To Telos,0.576,0.259,-11.804,0.0267,0.659,0.000165,0.0932,0.115,63.326
Ekkremotita,Gerasimos Evangelatos,Mehri To Telos,0.597,0.312,-11.391,0.0267,0.755,0.0031,0.0968,0.322,108.039
S' Eho Vri Ke Se Hano,Gerasimos Evangelatos,Mehri To Telos,0.523,0.348,-8.439,0.0296,0.646,6.09e-05,0.139,0.147,130.048
Parea,Gerasimos Evangelatos,Mehri To Telos,0.774,0.522,-6.878,0.0348,0.558,0.0,0.0816,0.528,120.04
Alexandras,Gerasimos Evangelatos,Mehri To Telos,0.335,0.221,-10.843,0.0377,0.837,6.53e-05,0.108,0.124,179.833
Mehri To Telos,Gerasimos Evangelatos,Mehri To Telos,0.765,0.485,-8.177,0.0349,0.194,0.0,0.313,0.59,129.781
En Lefko,Gerasimos Evangelatos,Mehri To Telos,0.521,0.263,-10.145,0.049,0.708,2.57e-05,0.0988,0.0573,137.856
O Dromos,Gerasimos Evangelatos,Mehri To Telos,0.704,0.454,-8.288,0.0301,0.187,0.0,0.0661,0.62,122.009
Proini Melanholia,Gerasimos Evangelatos,Mehri To Telos,0.339,0.157,-11.233,0.0348,0.964,0.000244,0.0907,0.141,125.892
Sinnefia,Gerasimos Evangelatos,Mehri To Telos,0.592,0.452,-8.089,0.0261,0.542,2.5e-05,0.0607,0.462,98.018
Karavakia,Gerasimos Evangelatos,Mehri To Telos,0.662,0.186,-15.052,0.0304,0.925,9.22e-05,0.199,0.219,108.069
Platia Amerikis,Gerasimos Evangelatos,Ekato Mikres Anases,0.7,0.458,-7.128,0.0304,0.852,3.76e-05,0.304,0.338,127.935
Mikres Angelies,Gerasimos Evangelatos,Ekato Mikres Anases,0.58,0.378,-9.3,0.0256,0.684,0.0113,0.163,0.173,77.973
Ekato Mikres Anases,Gerasimos Evangelatos,Ekato Mikres Anases,0.656,0.571,-6.478,0.0409,0.426,7.76e-05,0.134,0.493,143.962
"Pes O, Ti Thes",Gerasimos Evangelatos,Ekato Mikres Anases,0.689,0.648,-5.778,0.0331,0.154,0.0,0.121,0.387,135.894
Gates,Gerasimos Evangelatos,Ekato Mikres Anases,0.602,0.439,-7.713,0.0389,0.616,7.2e-05,0.107,0.405,159.955
Casablanca,Gerasimos Evangelatos,Ekato Mikres Anases,0.579,0.262,-10.38,0.0337,0.907,0.000112,0.148,0.223,127.842
Siblektis,Gerasimos Evangelatos,Ekato Mikres Anases,0.577,0.477,-5.968,0.0266,0.696,0.0,0.171,0.458,139.956
Fortigo,Gerasimos Evangelatos,Ekato Mikres Anases,0.543,0.618,-5.467,0.108,0.723,0.000338,0.104,0.73,115.26
Mia Vrohi,Gerasimos Evangelatos,Ekato Mikres Anases,0.793,0.792,-4.091,0.047,0.64,0.0,0.096,0.695,130.046
Aspirini,Gerasimos Evangelatos,Ekato Mikres Anases,0.602,0.445,-8.316,0.0267,0.171,8.11e-06,0.112,0.293,143.927
Kripsou,Gerasimos Evangelatos,Ekato Mikres Anases,0.567,0.159,-9.033,0.0345,0.976,0.000699,0.169,0.195,137.143
Simata Kapnou,Gerasimos Evangelatos,Ekato Mikres Anases,0.537,0.231,-10.93,0.0463,0.764,8.97e-05,0.0939,0.213,130.584
Ta Kommena Ftera,Gerasimos Evangelatos,Ekato Mikres Anases,0.525,0.0729,-16.16,0.0458,0.976,8.72e-05,0.179,0.218,112.094
Lina,Nikolas Asimos,To Fanari Tou Diogeni,0.471,0.237,-14.001,0.0329,0.827,0.0,0.176,0.243,125.237
Bagasas,Nikolas Asimos,To Fanari Tou Diogeni,0.536,0.222,-16.404,0.0331,0.852,0.0,0.107,0.202,143.429
Ego Me Tis Idees Mou,Nikolas Asimos,To Fanari Tou Diogeni,0.599,0.344,-10.9,0.0325,0.825,0.0,0.302,0.583,136.731
Giousouroum,Nikolas Asimos,To Fanari Tou Diogeni,0.444,0.229,-16.275,0.0375,0.861,4.74e-06,0.106,0.14,109.019
Den Thelo Kardia Mou Na Kles,Nikolas Asimos,To Fanari Tou Diogeni,0.5,0.225,-17.534,0.0421,0.868,0.0,0.146,0.386,150.051
Fanari Tou Diogeni,Nikolas Asimos,To Fanari Tou Diogeni,0.45,0.239,-17.504,0.0444,0.754,0.0,0.202,0.336,117.631
Pas Firi Firi,Nikolas Asimos,To Fanari Tou Diogeni,0.491,0.256,-15.628,0.0448,0.821,0.0,0.108,0.708,105.56
Oime,Nikolas Asimos,To Fanari Tou Diogeni,0.472,0.109,-19.203,0.0525,0.961,0.000231,0.124,0.362,114.091
Oulaloum,Nikolas Asimos,To Fanari Tou Diogeni,0.444,0.192,-16.693,0.0334,0.835,0.00035,0.0934,0.289,103.525
Ama Se Legan Vaso,Nikolas Asimos,O Xanapes,0.535,0.398,-15.317,0.196,0.666,0.0,0.0711,0.438,130.409
Piastika Shini Kordoni,Nikolas Asimos,O Xanapes,0.622,0.719,-12.004,0.0685,0.277,0.0,0.211,0.83,139.048
Varethika,Nikolas Asimos,O Xanapes,0.588,0.218,-15.879,0.0426,0.803,0.0,0.137,0.47,136.898
Shizofrenovlaviosi,Nikolas Asimos,O Xanapes,0.846,0.698,-11.89,0.051,0.264,0.0,0.605,0.634,120.243
Tis Epanastasis,Nikolas Asimos,O Xanapes,0.466,0.439,-12.539,0.129,0.289,0.0,0.137,0.354,117.583
Enas Apatsi Sta Pubs,Nikolas Asimos,O Xanapes,0.478,0.668,-12.541,0.161,0.444,0.0,0.321,0.399,137.777
Kane Mou Ba,Nikolas Asimos,O Xanapes,0.41,0.536,-12.123,0.052,0.682,0.000187,0.472,0.775,207.898
To Papaki,Nikolas Asimos,O Xanapes,0.506,0.0374,-24.544,0.0332,0.911,2.87e-05,0.143,0.323,93.545
Tha To Dixi Ki O Keros,Nikolas Asimos,O Xanapes,0.512,0.466,-13.651,0.0603,0.541,5.42e-06,0.454,0.728,148.074
Sismos,Nikolas Asimos,O Xanapes,0.726,0.476,-11.878,0.0652,0.701,1.59e-05,0.167,0.661,127.956
Skali Kale Mou Skali / Mavrofora,Nikos Gounaris,Ena Vradi Pou' Vrehe (Athanati Epochi),0.558,0.422,-10.021,0.0956,0.972,0.0235,0.189,0.88,131.613
Tha Se Kano Sintrofo Mou,Nikos Gounaris,Ena Vradi Pou' Vrehe (Athanati Epochi),0.611,0.417,-9.278,0.0695,0.98,0.02,0.304,0.763,91.442
Gineka Skarti / Plaf Kai Plouf / Ena Vradi Pou 'Vrehe,Nikos Gounaris,Ena Vradi Pou' Vrehe (Athanati Epochi),0.554,0.316,-9.902,0.0518,0.96,0.0104,0.0613,0.679,126.789
Otan Gelas / O Kosmos Allaxe / Glika Mou Matia,Nikos Gounaris,Ena Vradi Pou' Vrehe (Athanati Epochi),0.326,0.31,-10.498,0.0426,0.981,0.002,0.242,0.223,102.649
Thimasai / Hriso Stavro The Sou Hariso,Nikos Gounaris,Ena Vradi Pou' Vrehe (Athanati Epochi),0.408,0.768,-8.319,0.0412,0.847,0.000453,0.343,0.901,80.546
Pou Na Nai Afta Ta Matia,Nikos Gounaris,Ena Vradi Pou' Vrehe (Athanati Epochi),0.399,0.667,-9.569,0.065,0.853,0.0119,0.158,0.938,139.632
Pou Na Sai Tora / Tora Pou Se Gnorisa / Pente Hronia Perasane,Nikos Gounaris,Ena Vradi Pou' Vrehe (Athanati Epochi),0.297,0.437,-9.172,0.0332,0.924,0.00212,0.12,0.369,99.139
Mantinades,Nikos Gounaris,Ena Vradi Pou' Vrehe (Athanati Epochi),0.586,0.449,-12.314,0.0834,0.792,0.00708,0.159,0.859,95.282
Poios Se Pire Kai Mou Efiges / Giati Pio Prin,Nikos Gounaris,Ena Vradi Pou' Vrehe (Athanati Epochi),0.534,0.258,-10.693,0.0518,0.977,6.63e-05,0.106,0.5,126.838
Pera Sti Hasa / Maro Maro,Nikos Gounaris,Ena Vradi Pou' Vrehe (Athanati Epochi),0.626,0.389,-10.419,0.0376,0.952,0.00158,0.321,0.813,113.927
Sousourada / Mia Kota Strobouli,Nikos Gounaris,Ena Vradi Pou' Vrehe (Athanati Epochi),0.572,0.352,-10.42,0.052,0.953,0.000682,0.625,0.793,141.07
Gia Esena The Po To Tragoudi Mou / Esi Koimase / M' Ekapses,Nikos Gounaris,Ena Vradi Pou' Vrehe (Athanati Epochi),0.667,0.37,-10.1,0.0463,0.947,0.000134,0.349,0.737,110.546
Mi Mou Paraponiesai / Se Eida Na Kladeveis,Nikos Gounaris,Ena Vradi Pou' Vrehe (Athanati Epochi),0.531,0.294,-11.245,0.0597,0.439,4.39e-06,0.284,0.552,143.979
Apo Tote Tin Anoixi,Nikos Gounaris,Ena Vradi Pou' Vrehe (Athanati Epochi),0.299,0.227,-10.341,0.0387,0.974,0.000564,0.3,0.427,86.187
Tha Pethano,Nikos Gounaris,Ena Vradi Pou' Vrehe (Athanati Epochi),0.58,0.609,-9.43,0.0453,0.937,0.000602,0.0889,0.805,144.095
Allah,Nikos Gounaris,Ena Vradi Pou' Vrehe (Athanati Epochi),0.46,0.322,-12.304,0.0369,0.984,0.0385,0.167,0.311,98.004
Kariatida - Live From Lykavittos,Nikos Papazoglou,Live Sto Lykavitto,0.703,0.814,-6.778,0.0372,0.708,0.00118,0.878,0.936,117.582
I Agapi I Diki Mou - Live From Lykavittos,Nikos Papazoglou,Live Sto Lykavitto,0.313,0.53,-7.656,0.0317,0.903,0.111,0.342,0.302,114.395
Stala Stala - Live From Lykavittos,Nikos Papazoglou,Live Sto Lykavitto,0.558,0.64,-6.233,0.034,0.818,1.29e-06,0.657,0.801,118.785
Sinerga - Live From Lykavittos,Nikos Papazoglou,Live Sto Lykavitto,0.572,0.6,-6.99,0.04,0.825,3.88e-05,0.755,0.859,80.816
Hartino Karavaki - Live From Lykavittos,Nikos Papazoglou,Live Sto Lykavitto,0.484,0.71,-6.762,0.0367,0.886,0.00578,0.862,0.736,98.567
Pote Voudas Pote Koudas - Live From Lykavittos,Nikos Papazoglou,Live Sto Lykavitto,0.621,0.798,-6.788,0.0345,0.663,5.53e-05,0.969,0.832,112.708
Ah Ellada - Live From Lykavittos,Nikos Papazoglou,Live Sto Lykavitto,0.622,0.594,-6.859,0.0394,0.848,5.45e-05,0.144,0.5,122.317
O Monahos Anthropos - Live From Lykavittos,Nikos Papazoglou,Live Sto Lykavitto,0.578,0.718,-6.078,0.0348,0.903,0.00256,0.464,0.704,124.53
Haratsi - Live From Lykavittos,Nikos Papazoglou,Live Sto Lykavitto,0.638,0.858,-5.694,0.0299,0.846,0.00277,0.654,0.958,109.721
Drapetes - Live From Lykavittos,Nikos Papazoglou,Live Sto Lykavitto,0.41,0.583,-7.011,0.0468,0.854,0.00663,0.913,0.744,75.837
Vrehei Stin Ethniki Odo,Nikos Xydakis,I Ekdikisi Tis Gyftias,0.543,0.294,-12.524,0.0298,0.919,5.98e-06,0.548,0.708,93.483
Kyr Diefthynta Ton Diskon,Nikos Xydakis,I Ekdikisi Tis Gyftias,0.698,0.552,-7.318,0.0347,0.486,0.0,0.25,0.844,76.146
Treli Ki Adespoti,Nikos Xydakis,I Ekdikisi Tis Gyftias,0.656,0.645,-7.285,0.03,0.408,3.33e-05,0.0785,0.794,97.841
San To Dasaki,Nikos Xydakis,I Ekdikisi Tis Gyftias,0.597,0.472,-7.817,0.0277,0.662,0.0,0.201,0.664,112.884
Stin Poly,Nikos Xydakis,I Ekdikisi Tis Gyftias,0.398,0.524,-7.238,0.0279,0.79,0.00063,0.196,0.57,97.346
Min M' Apokaleis Tempeli,Nikos Xydakis,I Ekdikisi Tis Gyftias,0.591,0.484,-6.288,0.0328,0.637,0.0,0.345,0.74,113.69
Chavalediariko,Nikos Xydakis,I Ekdikisi Tis Gyftias,0.72,0.639,-6.147,0.0321,0.654,0.0,0.153,0.963,116.715
Prota Na Xekathariseis,Nikos Xydakis,I Ekdikisi Tis Gyftias,0.658,0.534,-6.29,0.0307,0.61,4.45e-06,0.179,0.588,100.741
Kaneis Edo Den Tragouda,Nikos Xydakis,I Ekdikisi Tis Gyftias,0.65,0.492,-5.17,0.0332,0.702,6.25e-05,0.103,0.801,100.146
Tou Charou To Parapono,Nikos Xydakis,I Ekdikisi Tis Gyftias,0.555,0.405,-7.832,0.0369,0.573,1.18e-05,0.115,0.464,102.326
Apo Periergeia Yparcho,Nikos Xydakis,I Ekdikisi Tis Gyftias,0.65,0.325,-8.201,0.0365,0.632,0.0,0.109,0.57,60.538
To Trohaio,Nikos Xydakis,I Ekdikisi Tis Gyftias,0.736,0.464,-7.292,0.0373,0.665,0.0,0.173,0.761,124.475
Metanastis Stin Agkali Sou,Nikos Xydakis,I Ekdikisi Tis Gyftias,0.361,0.291,-13.189,0.0464,0.914,0.0,0.0872,0.322,142.576
Matia Mou,Nikos Papazoglou,Sinerga,0.648,0.472,-10.449,0.0326,0.416,0.00223,0.116,0.662,96.553
Sinerga,Nikos Papazoglou,Sinerga,0.556,0.437,-7.298,0.046,0.721,0.0,0.126,0.724,170.081
Drapetes,Nikos Papazoglou,Sinerga,0.726,0.452,-8.289,0.0341,0.539,0.0,0.307,0.716,73.608
Apopse Siopili,Nikos Papazoglou,Sinerga,0.727,0.311,-9.185,0.0374,0.744,9.34e-06,0.147,0.597,126.311
To Pigadi,Nikos Papazoglou,Sinerga,0.657,0.177,-15.287,0.0335,0.973,0.00578,0.133,0.538,108.921
Hartino Karavaki,Nikos Papazoglou,Sinerga,0.744,0.47,-10.255,0.0347,0.622,4.34e-05,0.163,0.89,97.353
Viastike Na Nihtosi,Nikos Papazoglou,Sinerga,0.798,0.392,-8.463,0.0448,0.554,1.76e-06,0.0478,0.675,141.978
Mandragoras,Nikos Papazoglou,Sinerga,0.74,0.299,-9.492,0.0459,0.772,4.75e-06,0.0737,0.632,123.677
Varia Valitsa,Nikos Papazoglou,Sinerga,0.66,0.3,-8.793,0.0387,0.636,0.0,0.0867,0.66,117.27
Thanato Thelo Tragiko,Nikos Papazoglou,Sinerga,0.726,0.389,-8.485,0.0403,0.609,1.51e-06,0.212,0.758,124.719
Fevgo,Nikos Papazoglou,Sinerga,0.47,0.177,-12.097,0.0331,0.969,0.000219,0.166,0.383,97.597
Nihterino B',Nikos Papazoglou,Otan Kindinevis Pexe Tin Pourouda,0.859,0.363,-9.114,0.0674,0.558,0.0,0.229,0.849,122.78
Nichterino A',Nikos Papazoglou,Otan Kindinevis Pexe Tin Pourouda,0.555,0.388,-11.934,0.0506,0.703,0.0,0.349,0.806,162.062
Giagiaka,Nikos Papazoglou,Otan Kindinevis Pexe Tin Pourouda,0.649,0.466,-10.906,0.0443,0.662,0.0,0.0596,0.962,142.135
Tou Filou,Nikos Papazoglou,Otan Kindinevis Pexe Tin Pourouda,0.816,0.319,-9.523,0.0653,0.712,0.0,0.0554,0.739,118.927
M Ena Trihordo,Nikos Papazoglou,Otan Kindinevis Pexe Tin Pourouda,0.767,0.352,-11.294,0.0407,0.677,0.000452,0.0904,0.794,108.526
Den Eimai Poiitis,Nikos Papazoglou,Otan Kindinevis Pexe Tin Pourouda,0.484,0.159,-14.485,0.0368,0.968,0.000367,0.117,0.334,109.767
Fanoi,Nikos Papazoglou,Otan Kindinevis Pexe Tin Pourouda,0.565,0.416,-11.702,0.0473,0.817,0.0,0.257,0.801,155.927
Tis Hiotisas,Nikos Papazoglou,Otan Kindinevis Pexe Tin Pourouda,0.704,0.385,-10.842,0.0533,0.709,0.0,0.31,0.962,140.576
Gia To Hamogelo,Nikos Papazoglou,Otan Kindinevis Pexe Tin Pourouda,0.678,0.455,-11.825,0.0439,0.653,5.59e-06,0.131,0.85,95.707
Gia Mena,Nikos Papazoglou,Otan Kindinevis Pexe Tin Pourouda,0.772,0.345,-10.883,0.0498,0.748,0.000298,0.0542,0.716,117.243
Savato,Nikos Papazoglou,Otan Kindinevis Pexe Tin Pourouda,0.631,0.347,-12.04,0.0362,0.751,2.83e-06,0.225,0.873,78.556
Omos Ego,Nikos Papazoglou,Otan Kindinevis Pexe Tin Pourouda,0.816,0.199,-12.757,0.0679,0.494,0.0,0.0404,0.662,98.013
Idrohoos,Nikos Papazoglou,Haratsi,0.636,0.674,-6.38,0.04,0.139,0.000176,0.0789,0.891,162.054
Me To Tragoudi Me To Krasi,Nikos Papazoglou,Haratsi,0.739,0.55,-6.689,0.0283,0.469,9.63e-06,0.223,0.709,94.489
Avgoustos,Nikos Papazoglou,Haratsi,0.46,0.18,-10.145,0.0553,0.886,0.0,0.111,0.516,83.991
Haratsi,Nikos Papazoglou,Haratsi,0.686,0.687,-7.052,0.0404,0.213,4.51e-06,0.1,0.825,117.182
Lemoni Stin Portokalia,Nikos Papazoglou,Haratsi,0.554,0.554,-7.78,0.0477,0.664,0.0,0.329,0.742,89.457
Stala Stala,Nikos Papazoglou,Haratsi,0.497,0.562,-6.305,0.0462,0.131,0.0,0.173,0.733,139.128
Kariatida,Nikos Papazoglou,Haratsi,0.726,0.666,-6.491,0.0306,0.351,2.25e-06,0.245,0.821,122.912
Efhi,Nikos Papazoglou,Haratsi,0.696,0.544,-7.235,0.0347,0.468,3.48e-06,0.118,0.682,116.949
Htes Vradi,Nikos Papazoglou,Haratsi,0.555,0.511,-10.334,0.0555,0.19,3.89e-06,0.129,0.368,86.068
Perasa Etsi Dihos Logo,Nikos Papazoglou,Haratsi,0.693,0.41,-10.565,0.0308,0.444,0.000439,0.0783,0.566,98.399
Htipa Tilefono,Nikos Papazoglou,Haratsi,0.441,0.318,-11.418,0.0329,0.148,0.0,0.125,0.392,77.337
To Tsifteteli Tou Diogeni,Various Artists,Ta Skorpia,0.72,0.536,-7.205,0.0434,0.918,4.52e-05,0.196,0.941,105.386
Asotos Yios,Nikos Portokaloglou,Pame Alli Mia Fora (Live '01-'05),0.641,0.635,-11.948,0.0423,0.266,0.0234,0.805,0.652,126.371
De Meno Pia Edo,Nikos Portokaloglou,Pame Alli Mia Fora (Live '01-'05),0.466,0.616,-6.475,0.0439,0.191,0.000676,0.924,0.717,164.541
Den Eimai Apo'Do,Nikos Portokaloglou,Pame Alli Mia Fora (Live '01-'05),0.465,0.54,-8.146,0.046,0.699,2.29e-05,0.706,0.263,104.13
Den Mas Sygchoro,Nikos Portokaloglou,Pame Alli Mia Fora (Live '01-'05),0.349,0.273,-10.257,0.0317,0.877,9.77e-06,0.855,0.144,93.352
Gine Kommatia,Nikos Portokaloglou,Pame Alli Mia Fora (Live '01-'05),0.723,0.78,-6.488,0.0568,0.16,0.00418,0.643,0.804,81.035
I Skia,Nikos Portokaloglou,Pame Alli Mia Fora (Live '01-'05),0.572,0.586,-6.655,0.0256,0.399,0.0162,0.701,0.349,81.998
Kalokairaki,Nikos Portokaloglou,Pame Alli Mia Fora (Live '01-'05),0.422,0.863,-6.74,0.599,0.64,1.1e-06,0.925,0.548,146.325
Kato Ap' To Poukamiso Mou,Nikos Portokaloglou,Pame Alli Mia Fora (Live '01-'05),0.561,0.702,-6.016,0.0392,0.238,2.9e-05,0.97,0.625,125.615
Mono Esy,Nikos Portokaloglou,Pame Alli Mia Fora (Live '01-'05),0.676,0.809,-5.525,0.0374,0.102,0.0124,0.857,0.811,123.621
Na Me Prosecheis,Nikos Portokaloglou,Pame Alli Mia Fora (Live '01-'05),0.236,0.391,-9.171,0.0304,0.711,0.127,0.81,0.0447,75.009
O Agnostos,Nikos Portokaloglou,Pame Alli Mia Fora (Live '01-'05),0.469,0.223,-15.531,0.0416,0.873,6.74e-05,0.69,0.328,119.046
Oso Krata Ena Fili,Nikos Portokaloglou,Pame Alli Mia Fora (Live '01-'05),0.64,0.539,-7.02,0.0288,0.332,0.168,0.562,0.783,79.993
O Tachydromos,Nikos Portokaloglou,Pame Alli Mia Fora (Live '01-'05),0.616,0.869,-6.097,0.135,0.184,0.000381,0.801,0.647,117.291
"O,ti De Se Skotonei",Nikos Portokaloglou,Pame Alli Mia Fora (Live '01-'05),0.488,0.869,-6.667,0.502,0.37,7.43e-06,0.969,0.603,139.679
Paichnidia Me Ton Diavolo,Nikos Portokaloglou,Pame Alli Mia Fora (Live '01-'05),0.472,0.69,-7.795,0.0312,0.0936,0.0367,0.763,0.38,112.456
Pame Alli Mia Fora - Tsirko Ilektriko - Enarxi,Nikos Portokaloglou,Pame Alli Mia Fora (Live '01-'05),0.641,0.685,-5.967,0.034,0.224,7.18e-05,0.958,0.812,141.97
Piso Ap' Tis Grilies,Nikos Portokaloglou,Pame Alli Mia Fora (Live '01-'05),0.482,0.373,-7.467,0.0391,0.695,0.0,0.697,0.27,141.785
Pou Isouna Fos Mou,Nikos Portokaloglou,Pame Alli Mia Fora (Live '01-'05),0.596,0.885,-6.148,0.106,0.127,0.000729,0.732,0.669,163.971
Psemata,Nikos Portokaloglou,Pame Alli Mia Fora (Live '01-'05),0.498,0.427,-9.585,0.0304,0.562,0.0225,0.638,0.152,116.94
Risko,Nikos Portokaloglou,Pame Alli Mia Fora (Live '01-'05),0.363,0.669,-7.031,0.0433,0.319,2.44e-05,0.862,0.502,85.271
Ta Karavia Mou Kaio,Nikos Portokaloglou,Pame Alli Mia Fora (Live '01-'05),0.457,0.394,-7.738,0.0276,0.428,0.000274,0.612,0.157,109.382
Thalassa Mou Skoteini,Nikos Portokaloglou,Pame Alli Mia Fora (Live '01-'05),0.564,0.808,-8.279,0.0512,0.0381,0.188,0.976,0.524,126.977
Ti Echei Meinei Ap'Ti Fotia,Nikos Portokaloglou,Pame Alli Mia Fora (Live '01-'05),0.604,0.865,-5.24,0.106,0.0587,0.00075,0.948,0.512,125.845
Ti Leipei,Nikos Portokaloglou,Pame Alli Mia Fora (Live '01-'05),0.539,0.927,-5.968,0.194,0.0336,0.000112,0.867,0.483,139.94
To Aeroplano - Enarxi,Nikos Portokaloglou,Pame Alli Mia Fora (Live '01-'05),0.33,0.594,-4.92,0.0348,0.135,0.00372,0.604,0.386,86.323
Taxidi,Nikos Portokaloglou,Pame Alli Mia Fora (Live '01-'05),0.553,0.546,-8.724,0.0419,0.155,2.93e-05,0.689,0.668,139.518
To Vouno,Nikos Portokaloglou,Pame Alli Mia Fora (Live '01-'05),0.493,0.253,-10.863,0.0345,0.847,0.0,0.312,0.18,138.303
Tzivaeri,Nikos Portokaloglou,Pame Alli Mia Fora (Live '01-'05),0.272,0.202,-10.737,0.0328,0.96,0.00019,0.682,0.135,140.531
Vale Mou Dyskola,Nikos Portokaloglou,Pame Alli Mia Fora (Live '01-'05),0.558,0.641,-7.289,0.0361,0.202,0.000303,0.388,0.57,128.942
Yparchei Logos Sovaros,Nikos Portokaloglou,Pame Alli Mia Fora (Live '01-'05),0.405,0.343,-11.255,0.206,0.83,0.0,0.978,0.343,88.934
Zali,Nikos Portokaloglou,Pame Alli Mia Fora (Live '01-'05),0.692,0.605,-7.082,0.0324,0.305,1.83e-05,0.404,0.74,125.631
Chrostame Ti Giorti,Nikos Portokaloglou,Pame Alli Mia Fora (Live '01-'05),0.672,0.716,-6.264,0.035,0.16,0.117,0.918,0.679,113.981
Choris Amortiser,Nikos Portokaloglou,Pame Alli Mia Fora (Live '01-'05),0.516,0.938,-4.912,0.218,0.0278,1.75e-05,0.613,0.567,169.936
Brazilero,Nikos Portokaloglou,Brazilero,0.6,0.837,-6.303,0.0286,0.169,0.502,0.0812,0.697,139.986
Efodos,Nikos Portokaloglou,Brazilero,0.674,0.658,-8.17,0.0379,0.238,0.498,0.0465,0.254,123.019
Chadi,Nikos Portokaloglou,Brazilero,0.417,0.211,-21.663,0.0393,0.92,0.783,0.344,0.159,77.813
Lathrometanastes,Nikos Portokaloglou,Brazilero,0.617,0.618,-7.572,0.0265,0.164,0.6,0.106,0.555,100.006
Den Ein' Arga,Nikos Portokaloglou,Brazilero,0.602,0.549,-5.612,0.0317,0.0224,7.36e-06,0.219,0.445,75.117
Pazari,Nikos Portokaloglou,Brazilero,0.46,0.575,-8.745,0.0421,0.139,0.496,0.0307,0.365,132.714
Gipedo,Nikos Portokaloglou,Brazilero,0.595,0.642,-10.019,0.0351,0.145,0.921,0.177,0.437,140.023
Adeio Spiti,Nikos Portokaloglou,Brazilero,0.455,0.00373,-22.381,0.0575,0.99,0.959,0.106,0.073,70.015
"Trecho, Trecho, Trecho",Nikos Portokaloglou,Brazilero,0.745,0.623,-7.8,0.108,0.24,0.0,0.0406,0.771,76.997
Kalamies,Nikos Portokaloglou,Brazilero,0.465,0.0139,-23.379,0.0571,0.995,0.954,0.129,0.327,93.676
I Giorti Ton Nikimenon - Sousta - reiv,Nikos Portokaloglou,Brazilero,0.586,0.65,-6.954,0.0273,0.134,0.783,0.066,0.162,140.014
Telos - Ola Archizoun Edo,Nikos Portokaloglou,Brazilero,0.566,0.548,-7.245,0.0262,0.29,0.000119,0.0771,0.442,184.029
Valsaki Sto Potami,Nikos Portokaloglou,Brazilero,0.384,0.232,-22.82,0.043,0.95,0.184,0.427,0.301,112.493
Klino Ki Erhome - Remastered,Nikos Portokaloglou,"Siko Psihi Mou, Siko Horepse",0.52,0.691,-6.414,0.0323,0.501,0.0,0.11,0.556,106.364
O Protos Mou Horos - Remastered,Nikos Portokaloglou,"Siko Psihi Mou, Siko Horepse",0.6,0.661,-8.507,0.0256,0.627,0.0605,0.294,0.705,106.891
"O,Ti Den Se Skotoni - Remastered",Nikos Portokaloglou,"Siko Psihi Mou, Siko Horepse",0.587,0.519,-7.853,0.0346,0.804,4.31e-06,0.326,0.801,139.842
Travate Me Ki As Kleo - Remastered,Nikos Portokaloglou,"Siko Psihi Mou, Siko Horepse",0.653,0.846,-6.186,0.0356,0.298,0.000473,0.117,0.956,128.33
Asotos Ios - Radio Edit,FATME,Iparhi Logos Sovaros,0.689,0.805,-8.41,0.0427,0.0136,0.231,0.0772,0.9,134.617
Vale Mou Diskola,FATME,Iparhi Logos Sovaros,0.832,0.695,-7.577,0.0461,0.161,7.35e-05,0.0992,0.561,119.183
Vgenoume Ap' To Tounel,FATME,Iparhi Logos Sovaros,0.709,0.612,-8.838,0.0392,0.467,0.0,0.214,0.514,121.076
Klino Ki Erhome,FATME,Iparhi Logos Sovaros,0.443,0.68,-7.35,0.0332,0.139,0.0,0.0297,0.593,106.051
Tipota,FATME,Iparhi Logos Sovaros,0.589,0.54,-8.636,0.0322,0.0533,4.43e-06,0.21,0.548,103.996
Kalokeraki,FATME,Iparhi Logos Sovaros,0.637,0.625,-9.723,0.0358,0.51,1.22e-06,0.0566,0.71,148.136
Pada Metrimenos,FATME,Iparhi Logos Sovaros,0.58,0.696,-5.909,0.0521,0.0685,0.00163,0.121,0.668,144.154
Pano Ap' Ta Sinnefa,FATME,Iparhi Logos Sovaros,0.702,0.803,-6.93,0.0404,0.0151,1e-05,0.162,0.49,134.098
Protathlites,FATME,Iparhi Logos Sovaros,0.688,0.768,-5.888,0.0305,0.0619,1.39e-06,0.198,0.801,112.678
Psemmata,FATME,Iparhi Logos Sovaros,0.651,0.5,-9.345,0.0415,0.0384,0.166,0.0904,0.331,114.794
I Agapi Isos Xeri,FATME,Iparhi Logos Sovaros,0.685,0.57,-9.063,0.0549,0.294,0.0,0.142,0.798,122.923
Blexan I Grammes Mas,FATME,Iparhi Logos Sovaros,0.48,0.541,-8.857,0.0277,0.198,0.0,0.239,0.263,132.834
Pes To Ki Egine,FATME,Iparhi Logos Sovaros,0.532,0.666,-6.518,0.0371,0.142,0.0,0.0686,0.613,140.724
Iparhi Logos Sovaros,FATME,Iparhi Logos Sovaros,0.498,0.687,-7.085,0.0365,0.247,0.00107,0.0864,0.645,142.16
I Balada Tou Filou,FATME,Iparhi Logos Sovaros,0.619,0.378,-8.817,0.0282,0.801,0.0,0.116,0.397,124.938
O Tyrannos Mou,Nikos Portokaloglou,Paichnidia Me Ton Diavolo,0.542,0.442,-11.351,0.0272,0.164,0.0823,0.295,0.291,82.013
Edo Sti Fylaki,Nikos Portokaloglou,Paichnidia Me Ton Diavolo,0.587,0.467,-8.103,0.0266,0.303,2.39e-05,0.0883,0.481,128.982
Posa Chrostas,Nikos Portokaloglou,Paichnidia Me Ton Diavolo,0.664,0.753,-7.811,0.0383,0.0583,0.00139,0.0343,0.835,76.434
Strofi,Nikos Portokaloglou,Strofi,0.583,0.89,-4.373,0.0972,0.0688,0.00319,0.126,0.45,131.916
De Vlepeis Tipota,Nikos Portokaloglou,Strofi,0.599,0.722,-4.586,0.0411,0.486,3.25e-05,0.0899,0.295,122.037
Den Echo Na Sou Doso,Nikos Portokaloglou,Strofi,0.544,0.656,-4.503,0.0338,0.218,0.00254,0.146,0.802,160.097
Eimai Xenos,Nikos Portokaloglou,Strofi,0.714,0.501,-7.807,0.0413,0.351,3.88e-05,0.14,0.548,131.92
O Xenagos,Nikos Portokaloglou,Strofi,0.532,0.52,-7.678,0.0346,0.706,0.00014,0.0905,0.276,147.906
O Trelos Theos,Nikos Portokaloglou,Strofi,0.637,0.812,-4.325,0.0394,0.159,0.000238,0.345,0.666,112.043
To Paidi,Nikos Portokaloglou,Strofi,0.63,0.631,-6.069,0.0528,0.312,1.04e-05,0.125,0.686,77.931
Apenanti,Nikos Portokaloglou,Strofi,0.607,0.71,-4.866,0.0435,0.479,2.32e-05,0.132,0.412,129.997
Ti Eimai Ego Gia Sena,Nikos Portokaloglou,Strofi,0.698,0.584,-6.174,0.0515,0.487,0.0,0.0969,0.498,76.962
Einai Kaneis Edo,Nikos Portokaloglou,Strofi,0.685,0.424,-6.677,0.0275,0.599,0.0,0.223,0.491,108.01
Dos' Mou Ti Zoi Mou Piso,Nikos Portokaloglou,Strofi,0.644,0.651,-5.806,0.0391,0.161,0.000466,0.337,0.585,115.064
Olokliros,Nikos Portokaloglou,Strofi,0.588,0.702,-6.592,0.0327,0.694,1.15e-05,0.153,0.652,131.946
Dipsa,Nikos Portokaloglou,Dipsa,0.571,0.743,-6.689,0.0422,0.336,0.0775,0.35,0.608,119.967
Metro Ta Kymata,Nikos Portokaloglou,Dipsa,0.641,0.836,-5.462,0.0319,0.109,0.13,0.0449,0.697,114.062
Eida Sta Matia Sou Ton Kosmo,Nikos Portokaloglou,Dipsa,0.611,0.693,-6.191,0.0267,0.0258,0.0189,0.153,0.36,93.982
Dos' Mou Na Pio,Nikos Portokaloglou,Dipsa,0.629,0.81,-4.797,0.0417,0.347,0.0116,0.0742,0.312,92.992
Mono Mia Stigmi,Nikos Portokaloglou,Dipsa,0.658,0.365,-12.003,0.0303,0.747,0.474,0.12,0.371,91.995
Gine Kommatia - Nychterino Renge,Nikos Portokaloglou,Dipsa,0.573,0.795,-6.511,0.0648,0.469,0.00114,0.0734,0.809,161.904
Tora I Pote,Nikos Portokaloglou,Dipsa,0.654,0.424,-9.505,0.0321,0.0869,0.186,0.173,0.26,81.018
To Tragoudi Tou Poulman,Nikos Portokaloglou,Dipsa,0.577,0.887,-4.301,0.0296,0.0183,0.00043,0.251,0.719,106.984
I Dini,Nikos Portokaloglou,Dipsa,0.339,0.544,-9.567,0.0337,0.354,0.00961,0.18,0.251,113.351
Y.G. Chrostame Ti Giorti,Nikos Portokaloglou,Dipsa,0.423,0.778,-5.05,0.0305,0.0185,0.000113,0.0523,0.586,113.872
Xero Afton Pou Ftaiei,Nikos Portokaloglou,Ta Karavia Mou Kaio,0.39,0.529,-11.827,0.053,0.163,0.0,0.0564,0.837,82.973
Ti Se Noiazei Esena,Nikos Portokaloglou,Ta Karavia Mou Kaio,0.603,0.443,-14.317,0.0346,0.546,0.000329,0.254,0.455,119.922
O Kleftis,Nikos Portokaloglou,Ta Karavia Mou Kaio,0.621,0.6,-10.78,0.035,0.139,5.35e-06,0.323,0.785,130.925
Akritiko,Nikos Portokaloglou,Ta Karavia Mou Kaio,0.637,0.319,-14.02,0.0374,0.553,0.0,0.151,0.369,123.94
Ola Einai Edo,Nikos Portokaloglou,Ta Karavia Mou Kaio,0.736,0.493,-12.345,0.0303,0.707,1.24e-06,0.158,0.904,105.995
Dyo Xenoi,Nikos Portokaloglou,Ta Karavia Mou Kaio,0.521,0.412,-11.674,0.0404,0.486,0.0,0.35,0.555,147.223
Aeraki,Nikos Portokaloglou,Ta Karavia Mou Kaio,0.528,0.179,-17.353,0.0318,0.774,2.72e-05,0.0758,0.175,100.048
Elefsina,Nikos Portokaloglou,Ta Karavia Mou Kaio,0.451,0.568,-7.656,0.0338,0.237,0.95,0.0804,0.0716,120.994
Hrei Palia - Live,Yiannis Kotsiras,Yiannis Kotsiras Live 2010,0.548,0.925,-5.047,0.0547,0.388,0.0,0.938,0.74,98.721
Den Sou 'cho Pei Akoma Tipota,Nikos Portokaloglou,Paichnidia Me Ton Diavolo,0.373,0.191,-14.296,0.0454,0.979,0.026,0.0907,0.0856,184.988
Tin Kardia Sou,Nikos Xilouris,Salpisma,0.366,0.24,-11.349,0.0278,0.913,0.0,0.12,0.31,96.756
I Balada Tou Kir Mediou,Nikos Xilouris,Salpisma,0.416,0.363,-11.906,0.0717,0.826,0.0,0.111,0.382,92.298
Tis Nihtes,Nikos Xilouris,Salpisma,0.461,0.453,-9.918,0.0989,0.771,0.0,0.167,0.617,119.033
Mia Kori,Nikos Xilouris,Salpisma,0.468,0.319,-13.419,0.0277,0.778,0.0,0.121,0.505,98.891
Poni Tis Panagias,Nikos Xilouris,Salpisma,0.398,0.215,-13.391,0.0321,0.873,0.0,0.104,0.251,76.218
Ki An Esvise,Nikos Xilouris,Salpisma,0.419,0.265,-11.248,0.0306,0.734,0.0,0.154,0.318,81.773
Idaniki Aftohires,Nikos Xilouris,Salpisma,0.349,0.243,-12.027,0.0417,0.759,1.28e-05,0.13,0.524,72.88
Den Agapas,Nikos Xilouris,Salpisma,0.497,0.263,-10.729,0.0276,0.774,0.0,0.135,0.244,103.223
Ise Psihi Mou,Nikos Xilouris,Salpisma,0.386,0.121,-13.608,0.0309,0.93,5.7e-05,0.0916,0.122,93.891
To Agalma Tis Eleftherias,Nikos Xilouris,Salpisma,0.596,0.576,-9.349,0.0508,0.732,0.0,0.198,0.897,100.321
Apoheretismos,Nikos Xilouris,Ta Erotika,0.499,0.442,-9.556,0.0401,0.804,0.0,0.375,0.773,121.094
Oso Varoun Ta Sidera,Nikos Xilouris,Ta Erotika,0.592,0.405,-12.358,0.0315,0.753,1.1e-05,0.38,0.908,118.087
Argalios,Nikos Xilouris,Ta Erotika,0.587,0.347,-13.162,0.0418,0.694,1.5e-05,0.109,0.972,137.692
Filedem,Nikos Xilouris,Ta Erotika,0.564,0.39,-11.296,0.0436,0.82,0.0,0.502,0.867,125.923
O Pramateftis,Nikos Xilouris,Ta Erotika,0.553,0.416,-10.521,0.0363,0.709,8.98e-06,0.0527,0.91,130.274
Dakrizo Me Parapono,Nikos Xilouris,Ta Pou Thimoume Tragoudo,0.394,0.19,-12.449,0.0284,0.845,0.0,0.13,0.547,93.386
To Kafenion I Ellas (1950),Nikos Xilouris,14 Hrises Epitihies,0.413,0.347,-11.455,0.0311,0.858,0.0,0.255,0.907,176.703
Bikan Stin Poli I Ochtri,Nikos Xilouris,14 Hrises Epitihies,0.357,0.43,-10.411,0.0399,0.635,0.0,0.336,0.354,183.657
Agrimia Ki Agrimakia Mou,Nikos Xilouris,14 Hrises Epitihies,0.371,0.231,-12.732,0.0337,0.901,0.0,0.279,0.554,186.358
Zavarakatranemia,Nikos Xilouris,14 Hrises Epitihies,0.508,0.516,-8.418,0.0397,0.415,0.0,0.123,0.717,122.534
Hilia Miria Kimata,Nikos Xilouris,14 Hrises Epitihies,0.515,0.293,-11.031,0.0332,0.838,0.0,0.156,0.497,110.272
Gia Sou Hara Sou Venetia,Nikos Xilouris,14 Hrises Epitihies,0.326,0.445,-8.99,0.0335,0.527,3e-06,0.106,0.783,146.653
Pote Tha Kani Xasteria,Nikos Xilouris,14 Hrises Epitihies,0.499,0.256,-10.251,0.0267,0.869,0.0,0.0955,0.436,98.763
O Thourios Tou Riga,Nikos Xilouris,14 Hrises Epitihies,0.647,0.634,-9.78,0.0471,0.897,1.43e-06,0.471,0.944,127.391
Afton Ton Kosmo Ton Kalo (Rave Xilone),Nikos Xilouris,14 Hrises Epitihies,0.604,0.569,-10.274,0.0376,0.404,0.000103,0.226,0.771,119.049
Fili Ki Adelfia,Nikos Xilouris,14 Hrises Epitihies,0.456,0.322,-11.969,0.032,0.87,0.0,0.177,0.654,123.222
Itane Mia Fora,Nikos Xilouris,14 Hrises Epitihies,0.565,0.225,-14.195,0.0353,0.913,0.0,0.0904,0.292,125.764
Tou Thanatou Paraggila,Nikos Xilouris,14 Hrises Epitihies,0.338,0.88,-8.448,0.0893,0.708,1.02e-05,0.226,0.263,123.585
To Paramithi,Nikos Xilouris,Erotokritos (30th Anniversary Edition / Remastered),0.287,0.735,-8.497,0.0926,0.781,0.0,0.569,0.508,88.647
Ta Tragoudia Mou T'Amerikanika,Orfeas Peridis,Kali Sou Mera An Xipnas,0.622,0.505,-12.167,0.0295,0.175,0.038,0.101,0.379,102.005
Kafes,Orfeas Peridis,Kali Sou Mera An Xipnas,0.709,0.279,-15.086,0.0348,0.356,0.0,0.205,0.551,98.04
"Ah, Na Se Do",Orfeas Peridis,Kali Sou Mera An Xipnas,0.592,0.372,-14.398,0.044,0.628,1.2e-05,0.112,0.495,114.454
Kati Mou Krivis,Orfeas Peridis,Kali Sou Mera An Xipnas,0.689,0.411,-14.148,0.0378,0.64,1.76e-06,0.199,0.564,76.991
De Se Kitao Sta Matia,Orfeas Peridis,Kali Sou Mera An Xipnas,0.705,0.199,-16.314,0.0295,0.806,0.046,0.261,0.46,87.295
Stagdin Vradeos,Orfeas Peridis,Kali Sou Mera An Xipnas,0.79,0.299,-12.351,0.04,0.288,0.0,0.336,0.476,125.085
Avgerinos,Orfeas Peridis,Kali Sou Mera An Xipnas,0.543,0.189,-17.613,0.0288,0.636,0.0235,0.0989,0.354,87.001
Ethniko Elima,Orfeas Peridis,Kali Sou Mera An Xipnas,0.719,0.463,-13.474,0.0424,0.6,0.0,0.172,0.865,90.026
Karderina,Orfeas Peridis,Kali Sou Mera An Xipnas,0.56,0.124,-19.212,0.031,0.827,0.000138,0.108,0.405,94.978
Imaste Oli Edo,Orfeas Peridis,Kali Sou Mera An Xipnas,0.714,0.257,-19.861,0.0423,0.641,0.61,0.103,0.445,94.335
Atelioto Tragoudi,Orfeas Peridis,Kali Sou Mera An Xipnas,0.683,0.195,-17.308,0.0337,0.467,0.00217,0.128,0.366,117.97
Zilevi I Nihta,Orfeas Peridis,Ah Psihi Mou Fantasmeni,0.624,0.438,-15.741,0.0337,0.467,0.00323,0.0604,0.7,152.895
Metafisiko,Orfeas Peridis,Ah Psihi Mou Fantasmeni,0.56,0.326,-13.764,0.032,0.0387,1.53e-05,0.266,0.0388,133.983
Fotovolida,Orfeas Peridis,Ah Psihi Mou Fantasmeni,0.51,0.353,-11.417,0.0326,0.622,0.0,0.302,0.664,170.029
Athina,Orfeas Peridis,Ah Psihi Mou Fantasmeni,0.281,0.127,-15.256,0.0446,0.894,0.00973,0.0973,0.075,71.913
O Roben Ton Kammenon Dason,Orfeas Peridis,Ah Psihi Mou Fantasmeni,0.818,0.462,-13.72,0.0454,0.173,0.00074,0.322,0.602,107.004
Meta Timis,Orfeas Peridis,Ah Psihi Mou Fantasmeni,0.468,0.602,-13.715,0.177,0.00587,4.63e-06,0.0941,0.493,156.638
Ta Tsigara,Orfeas Peridis,Ah Psihi Mou Fantasmeni,0.751,0.325,-11.773,0.0319,0.39,5.79e-05,0.164,0.555,90.981
Sike,Orfeas Peridis,Ah Psihi Mou Fantasmeni,0.779,0.483,-13.235,0.0549,0.294,0.0,0.084,0.921,126.856
Fevgo,Orfeas Peridis,Ah Psihi Mou Fantasmeni,0.621,0.318,-12.935,0.0283,0.701,0.0,0.241,0.601,97.925
Nterbi/Houligans,Orfeas Peridis,Ah Psihi Mou Fantasmeni,0.409,0.403,-14.76,0.0421,0.298,3.12e-05,0.105,0.538,99.057
Katadisi,Orfeas Peridis,Ah Psihi Mou Fantasmeni,0.534,0.306,-14.886,0.0326,0.777,8.56e-06,0.154,0.634,92.024
Ekloges,Orfeas Peridis,Ah Psihi Mou Fantasmeni,0.639,0.329,-12.798,0.0491,0.61,0.0,0.108,0.588,143.982
Entrance,Orfeas Peridis,Sto Proto Proto Retagma,0.705,0.312,-7.788,0.0298,0.0845,0.856,0.0999,0.336,120.149
Ilii - A Cappella,Orfeas Peridis,Sto Proto Proto Retagma,0.705,0.177,-12.787,0.0292,0.905,0.000187,0.147,0.352,69.067
Thelo Na Figo,Orfeas Peridis,Sto Proto Proto Retagma,0.744,0.4,-12.002,0.0283,0.709,0.373,0.103,0.465,120.008
To Marousaki,Orfeas Peridis,Sto Proto Proto Retagma,0.747,0.227,-12.775,0.0344,0.904,0.000109,0.101,0.787,89.925
To Potami,Orfeas Peridis,Sto Proto Proto Retagma,0.539,0.137,-18.108,0.0323,0.964,0.757,0.106,0.278,176.087
To Lagoniko,Orfeas Peridis,Sto Proto Proto Retagma,0.724,0.176,-16.215,0.0373,0.906,0.0403,0.103,0.513,119.879
Tis Agapis To Mantili,Orfeas Peridis,Sto Proto Proto Retagma,0.628,0.192,-14.551,0.0274,0.939,0.00859,0.1,0.19,94.032
To Alogaki,Orfeas Peridis,Sto Proto Proto Retagma,0.747,0.258,-13.896,0.0353,0.466,0.00971,0.124,0.551,91.947
I Kalikantzari,Orfeas Peridis,Sto Proto Proto Retagma,0.916,0.554,-12.294,0.0432,0.69,0.0126,0.0844,0.725,126.053
To Rimoklisi,Orfeas Peridis,Sto Proto Proto Retagma,0.552,0.0901,-18.547,0.0294,0.959,0.599,0.114,0.14,80.01
O Mikros Christos,Orfeas Peridis,Sto Proto Proto Retagma,0.664,0.103,-13.573,0.0349,0.946,0.00784,0.09,0.687,143.99
To Nanourisma Tis Giagias,Orfeas Peridis,Sto Proto Proto Retagma,0.612,0.0706,-18.341,0.0289,0.975,0.139,0.129,0.451,87.968
Aftos Pou Pai Ti Zoi,Orfeas Peridis,Ti Tha Pi Zoi,0.639,0.399,-8.985,0.0254,0.696,0.006,0.128,0.311,106.028
Ti Tha Pi Zoi,Orfeas Peridis,Ti Tha Pi Zoi,0.666,0.763,-8.047,0.024,0.00317,0.2,0.0887,0.791,128.047
Filaki,Orfeas Peridis,Ti Tha Pi Zoi,0.584,0.404,-7.44,0.0346,0.599,0.0,0.0969,0.659,188.037
Dromologio,Orfeas Peridis,Ti Tha Pi Zoi,0.673,0.526,-7.55,0.0285,0.628,1.17e-06,0.166,0.14,103.95
Faros,Orfeas Peridis,Ti Tha Pi Zoi,0.574,0.145,-14.062,0.0314,0.903,0.00314,0.0815,0.12,73.007
Mastihodentro,Orfeas Peridis,Ti Tha Pi Zoi,0.71,0.538,-6.174,0.0351,0.311,1.09e-05,0.183,0.863,163.886
Liveloula,Orfeas Peridis,Ti Tha Pi Zoi,0.44,0.502,-8.242,0.0276,0.432,0.0206,0.106,0.718,171.994
I Skia,Orfeas Peridis,Ti Tha Pi Zoi,0.719,0.516,-5.635,0.0267,0.207,2.37e-05,0.362,0.376,73.948
Xanthi,Orfeas Peridis,Ti Tha Pi Zoi,0.832,0.711,-5.447,0.0379,0.323,9.82e-05,0.151,0.901,121.955
Ikona Ahiropiiti,Orfeas Peridis,Ti Tha Pi Zoi,0.547,0.421,-8.148,0.0284,0.419,4.31e-06,0.144,0.431,109.998
Poli Agapo - Poli Pono,Orfeas Peridis,Ti Tha Pi Zoi,0.382,0.148,-13.286,0.0631,0.898,0.00439,0.137,0.308,78.917
I Sinavlia Teliose,Orfeas Peridis,Ti Tha Pi Zoi,0.664,0.879,-4.916,0.0347,0.00138,0.179,0.248,0.795,130.031
Ena Diko Sou Hadi,Orfeas Peridis,Gia Pou To Vales Kardia Mou,0.708,0.779,-8.945,0.0353,0.626,0.0706,0.0911,0.877,94.948
To Fegari,Orfeas Peridis,Gia Pou To Vales Kardia Mou,0.723,0.322,-9.675,0.028,0.582,0.0359,0.0961,0.0942,101.944
Gia Pou To Vales Kardia Mou,Orfeas Peridis,Gia Pou To Vales Kardia Mou,0.519,0.289,-11.684,0.0295,0.827,0.704,0.317,0.231,82.899
Ylagiali,Orfeas Peridis,Gia Pou To Vales Kardia Mou,0.67,0.482,-9.358,0.0373,0.232,0.0,0.136,0.682,160.103
Ta Palia Garsonia,Orfeas Peridis,Gia Pou To Vales Kardia Mou,0.685,0.574,-8.45,0.036,0.575,2.61e-05,0.108,0.887,160.828
Alisides,Orfeas Peridis,Gia Pou To Vales Kardia Mou,0.747,0.427,-9.966,0.0331,0.57,0.0,0.0943,0.707,123.998
Ime Gineka Tis Erimou,Orfeas Peridis,Gia Pou To Vales Kardia Mou,0.662,0.379,-11.461,0.0258,0.852,0.0107,0.106,0.306,99.929
Ta Alita Na Liso,Orfeas Peridis,Gia Pou To Vales Kardia Mou,0.67,0.625,-8.538,0.0362,0.44,7.46e-05,0.275,0.873,119.976
To Kamini,Orfeas Peridis,Gia Pou To Vales Kardia Mou,0.731,0.448,-8.059,0.0337,0.574,2.42e-06,0.0877,0.625,114.069
Ena Mikro Pedi S' Akolouthai,Orfeas Peridis,Gia Pou To Vales Kardia Mou,0.819,0.466,-11.517,0.0864,0.0507,0.74,0.124,0.421,86.99
Paramithi,Orfeas Peridis,Gia Pou To Vales Kardia Mou,0.644,0.329,-10.37,0.0262,0.415,0.379,0.0967,0.394,102.029
Erotas Ine,Orfeas Peridis,Gia Pou To Vales Kardia Mou,0.686,0.412,-9.872,0.0266,0.625,0.000129,0.201,0.5,99.977
I Sakaraka - Ta Stafylia Tis Orgis,Pantelis Thalassinos,O Agios Erotas,0.38,0.393,-11.566,0.0428,0.855,0.000204,0.0626,0.384,201.217
Osoi Meinan Paidia,Pantelis Thalassinos,O Agios Erotas,0.459,0.117,-15.579,0.046,0.966,0.000684,0.0999,0.325,78.41
Dyo Mavra Votsala,Pantelis Thalassinos,O Agios Erotas,0.361,0.418,-8.732,0.0403,0.675,0.0,0.141,0.556,173.208
Oti Se Paei Sto Theo,Pantelis Thalassinos,O Agios Erotas,0.449,0.355,-7.315,0.0289,0.598,9.76e-06,0.0909,0.226,118.61
Ton Ourano Pou Sou 'Taxa,Pantelis Thalassinos,O Agios Erotas,0.339,0.226,-10.178,0.0352,0.88,0.0,0.251,0.283,91.251
Tin Pikra Mou Na Vaptisteis,Pantelis Thalassinos,O Agios Erotas,0.528,0.439,-10.382,0.0269,0.435,0.000109,0.179,0.648,90.836
O Agios Erotas,Pantelis Thalassinos,O Agios Erotas,0.506,0.346,-10.931,0.03,0.773,0.0,0.121,0.196,101.37
An M' Agapas Tha S' Agapo,Pantelis Thalassinos,O Agios Erotas,0.631,0.529,-9.595,0.0509,0.615,8.25e-05,0.0901,0.564,112.61
Kykladiko,Pantelis Thalassinos,O Agios Erotas,0.386,0.184,-12.55,0.04,0.863,8.67e-06,0.0804,0.256,146.122
I Zoi Dyo Kommatia,Pantelis Thalassinos,O Agios Erotas,0.531,0.374,-8.998,0.0335,0.719,8.04e-05,0.0393,0.406,91.65
O Topos,Pantelis Thalassinos,O Agios Erotas,0.411,0.156,-15.265,0.0437,0.934,0.000563,0.0935,0.269,116.82
I Perdika,Pantelis Thalassinos,O Agios Erotas,0.559,0.289,-10.1,0.0314,0.802,7.8e-05,0.143,0.583,95.075
T' Ologlyko Fili,Pantelis Thalassinos,O Agios Erotas,0.534,0.185,-14.317,0.0339,0.813,6e-06,0.36,0.234,104.246
Tha S' To Po To Tragoudaki,Pantelis Thalassinos,O Agios Erotas,0.59,0.474,-9.365,0.0317,0.672,0.00222,0.0836,0.605,102.858
Tria Tsigara Chrono,Pantelis Thalassinos,O Agios Erotas,0.293,0.222,-11.649,0.035,0.902,0.0286,0.0859,0.262,108.758
Karavia Xiotika,Pantelis Thalassinos,Nychtas Kymata,0.499,0.52,-7.59,0.049,0.544,0.0,0.0428,0.673,87.019
I Kardia Mou Einai Gramma,Pantelis Thalassinos,Nychtas Kymata,0.436,0.306,-9.92,0.0313,0.448,0.0,0.0785,0.275,80.136
Ponos Aponos,Pantelis Thalassinos,Nychtas Kymata,0.698,0.599,-7.963,0.0287,0.131,0.0,0.0535,0.684,118.121
Itan Anoixi Kai Pasxa,Pantelis Thalassinos,Nychtas Kymata,0.63,0.345,-11.446,0.0316,0.37,2.35e-06,0.141,0.251,110.085
Xeria Ipsomena,Pantelis Thalassinos,Nychtas Kymata,0.671,0.456,-7.247,0.031,0.572,0.0,0.0922,0.454,120.194
Selim,Pantelis Thalassinos,Nychtas Kymata,0.7,0.622,-8.0,0.0286,0.0326,0.0,0.0553,0.87,135.936
Eisitirio Stin Tsepi Sou,Pantelis Thalassinos,Nychtas Kymata,0.44,0.288,-10.266,0.0313,0.665,2.06e-05,0.242,0.255,141.488
Thampa Velouda,Pantelis Thalassinos,Nychtas Kymata,0.596,0.443,-8.02,0.0309,0.192,0.0,0.0661,0.524,116.361
Kathe Fora,Pantelis Thalassinos,Nychtas Kymata,0.554,0.415,-10.183,0.0271,0.549,2.81e-05,0.0818,0.371,100.242
Ton Thelimaton Ta Paidia,Pantelis Thalassinos,Nychtas Kymata,0.61,0.4,-9.578,0.0296,0.47,0.0,0.0981,0.281,121.987
Tou Paradeisou Lemonia,Pantelis Thalassinos,Ap'Tin Tilo Os Ti Thraki (Dia Zosis),0.531,0.527,-9.347,0.0361,0.415,0.0,0.78,0.433,115.804
Ta Smyrneika Tragoudia,Pantelis Thalassinos,Ap'Tin Tilo Os Ti Thraki (Dia Zosis),0.374,0.413,-12.361,0.0404,0.386,0.0291,0.934,0.367,172.154
Kementzes Kai Mpoulgari,Pantelis Thalassinos,Ap'Tin Tilo Os Ti Thraki (Dia Zosis),0.462,0.551,-9.111,0.0719,0.542,0.0,0.861,0.543,131.184
Elisso,Pantelis Thalassinos,Ap'Tin Tilo Os Ti Thraki (Dia Zosis),0.365,0.38,-8.791,0.0536,0.716,0.0,0.81,0.277,135.055
Sti Serifo Isoun Pouli,Pantelis Thalassinos,Ap'Tin Tilo Os Ti Thraki (Dia Zosis),0.566,0.675,-8.752,0.0435,0.629,0.0,0.777,0.557,123.377
Arzentina,Pantelis Thalassinos,Ap'Tin Tilo Os Ti Thraki (Dia Zosis),0.516,0.684,-8.172,0.0908,0.163,0.0,0.942,0.486,125.424
Ola Mavra,Pantelis Thalassinos,Ap'Tin Tilo Os Ti Thraki (Dia Zosis),0.397,0.527,-7.77,0.0698,0.642,3.92e-06,0.668,0.377,185.897
Thalassino,Pantelis Thalassinos,Ap'Tin Tilo Os Ti Thraki (Dia Zosis),0.426,0.53,-9.485,0.0742,0.199,0.0,0.658,0.564,171.855
O Pateras,Pantelis Thalassinos,Ap'Tin Tilo Os Ti Thraki (Dia Zosis),0.44,0.0896,-18.74,0.0939,0.951,2.09e-05,0.69,0.32,128.299
Karavia Hiotika,Pantelis Thalassinos,Ap'Tin Tilo Os Ti Thraki (Dia Zosis),0.403,0.547,-8.481,0.1,0.653,0.0,0.679,0.273,113.366
Thelo Apopse,Pantelis Thalassinos,Ap'Tin Tilo Os Ti Thraki (Dia Zosis),0.666,0.59,-6.652,0.0498,0.231,4.32e-06,0.681,0.753,122.809
Karavia Eimaste,Pantelis Thalassinos,Ap'Tin Tilo Os Ti Thraki (Dia Zosis),0.587,0.185,-16.346,0.0385,0.731,0.0167,0.697,0.269,154.275
Gia Hari Sou,Pantelis Thalassinos,Ap'Tin Tilo Os Ti Thraki (Dia Zosis),0.379,0.49,-8.692,0.0436,0.455,0.000226,0.852,0.263,119.964
Pes Mou Afta Pou Agapas,Pantelis Thalassinos,Ap'Tin Tilo Os Ti Thraki (Dia Zosis),0.355,0.229,-20.397,0.0698,0.849,2.93e-05,0.695,0.275,89.346
Tsampasin,Pantelis Thalassinos,Ap'Tin Tilo Os Ti Thraki (Dia Zosis),0.504,0.737,-8.188,0.0939,0.616,0.00272,0.864,0.637,113.751
Sto Kastro To Palio,Pantelis Thalassinos,Ap'Tin Tilo Os Ti Thraki (Dia Zosis),0.477,0.239,-14.588,0.0466,0.734,0.0,0.134,0.259,123.752
Ama Ti Deis,Pantelis Thalassinos,Ap'Tin Tilo Os Ti Thraki (Dia Zosis),0.463,0.494,-11.304,0.0439,0.195,0.0,0.7,0.346,91.432
Hroma Den Allazoune Ta Matia,Pantelis Thalassinos,Ap'Tin Tilo Os Ti Thraki (Dia Zosis),0.521,0.43,-9.975,0.0341,0.386,3.05e-06,0.563,0.451,124.177
Karavia Sti Steria,Pantelis Thalassinos,Ap'Tin Tilo Os Ti Thraki (Dia Zosis),0.498,0.716,-6.824,0.156,0.281,0.0,0.952,0.626,137.569
Geia Sou Hara Sou Venetia,Pantelis Thalassinos,Ap'Tin Tilo Os Ti Thraki (Dia Zosis),0.593,0.591,-6.642,0.0455,0.449,0.0,0.942,0.705,141.003
Den Ftaio Ego Pou Megalono,Pantelis Thalassinos,Ap'Tin Tilo Os Ti Thraki (Dia Zosis),0.478,0.113,-21.022,0.0347,0.786,5.7e-05,0.415,0.109,116.1
Apopse Leo Na Min Koimithoume,Pantelis Thalassinos,Ap'Tin Tilo Os Ti Thraki (Dia Zosis),0.474,0.754,-7.632,0.204,0.427,0.0,0.906,0.498,100.126
Arampas Perna,Pantelis Thalassinos,Ap'Tin Tilo Os Ti Thraki (Dia Zosis),0.566,0.583,-8.476,0.0527,0.368,3.69e-05,0.0771,0.948,130.681
Ithela Na 'Rho To Vrady,Pantelis Thalassinos,Ap'Tin Tilo Os Ti Thraki (Dia Zosis),0.561,0.707,-6.379,0.0457,0.416,0.0,0.554,0.772,139.381
Georgitsa,Pantelis Thalassinos,Ap'Tin Tilo Os Ti Thraki (Dia Zosis),0.461,0.675,-8.353,0.0528,0.406,0.0,0.633,0.828,84.392
Milo Mou Kokkino,Pantelis Thalassinos,Ap'Tin Tilo Os Ti Thraki (Dia Zosis),0.542,0.606,-6.582,0.0325,0.644,0.0,0.599,0.813,134.124
Mes Stou Aigaiou Ta Nisia,Pantelis Thalassinos,Ap'Tin Tilo Os Ti Thraki (Dia Zosis),0.302,0.692,-7.448,0.0565,0.468,0.0,0.793,0.633,173.611
I Vraka / Tsampouna,Pantelis Thalassinos,Ap'Tin Tilo Os Ti Thraki (Dia Zosis),0.327,0.809,-4.916,0.046,0.271,0.0,0.375,0.451,108.951
Kritikos,Pantelis Thalassinos,Ap'Tin Tilo Os Ti Thraki (Dia Zosis),0.3,0.806,-7.245,0.107,0.183,2.07e-05,0.963,0.403,153.06
Anathema Se,Pantelis Thalassinos,Ap'Tin Tilo Os Ti Thraki (Dia Zosis),0.356,0.384,-11.576,0.0912,0.459,2e-05,0.577,0.206,181.956
Pote Mou De Milo Gi' Afti,Pantelis Thalassinos,Oi Aggeloi Tou Erota,0.674,0.477,-9.558,0.0256,0.781,4.3e-06,0.1,0.308,95.928
Oi Aggeloi Tou Erota,Pantelis Thalassinos,Oi Aggeloi Tou Erota,0.584,0.446,-9.812,0.0259,0.765,7.84e-05,0.19,0.414,99.991
Tou Erota,Pantelis Thalassinos,Oi Aggeloi Tou Erota,0.397,0.232,-11.606,0.0296,0.82,0.00123,0.127,0.393,98.082
Ena Mono Me Peirazei,Pantelis Thalassinos,Oi Aggeloi Tou Erota,0.277,0.494,-10.716,0.0454,0.0962,2.73e-06,0.359,0.396,82.734
Tis Manas I Kardia,Pantelis Thalassinos,Oi Aggeloi Tou Erota,0.583,0.253,-12.312,0.0318,0.809,4.84e-05,0.112,0.18,125.544
T' Agria Poulia,Pantelis Thalassinos,Oi Aggeloi Tou Erota,0.63,0.351,-9.927,0.0324,0.702,3.48e-06,0.1,0.389,125.986
Tou Feggariou,Pantelis Thalassinos,Oi Aggeloi Tou Erota,0.48,0.287,-11.621,0.0279,0.823,0.000452,0.0867,0.332,103.814
Paramythi,Pantelis Thalassinos,Oi Aggeloi Tou Erota,0.463,0.325,-14.278,0.0306,0.746,0.00113,0.112,0.326,97.794
Marathike O Vasilikos,Pantelis Thalassinos,Oi Aggeloi Tou Erota,0.609,0.521,-11.165,0.0591,0.823,0.00763,0.122,0.82,129.977
Glykoparamythenia,Pantelis Thalassinos,Oi Aggeloi Tou Erota,0.572,0.287,-12.844,0.0264,0.536,0.00747,0.156,0.182,100.24
To Krino,Pantelis Thalassinos,Oi Aggeloi Tou Erota,0.432,0.494,-8.052,0.0255,0.412,0.017,0.0634,0.565,102.899
Pikro Tragoudi,Pantelis Thalassinos,Oi Aggeloi Tou Erota,0.558,0.296,-12.03,0.0296,0.749,5.18e-05,0.0915,0.357,129.944
Tsi Perdikas,Pantelis Thalassinos,Oi Aggeloi Tou Erota,0.537,0.271,-11.853,0.0324,0.797,0.0129,0.103,0.509,91.57
Keravnos Kai Astrapi,Dimitris Papadimitriou,Etsi Xafnika (Music from the Original TV Series),0.235,0.349,-10.979,0.0451,0.804,1.11e-06,0.111,0.229,67.933
Ypothesi Kathara Prosopiki,Dimitris Papadimitriou,Etsi Xafnika (Music from the Original TV Series),0.366,0.233,-12.595,0.0354,0.836,0.961,0.109,0.199,120.17
O Kosmos Einai Ena Vouno,Dimitris Papadimitriou,Etsi Xafnika (Music from the Original TV Series),0.317,0.19,-12.63,0.0302,0.945,0.00088,0.112,0.0798,80.208
Pagonei O Hronos,Dimitris Papadimitriou,Etsi Xafnika (Music from the Original TV Series),0.363,0.318,-10.659,0.0333,0.75,1.62e-05,0.0832,0.379,85.102
Etsi Xafnika I,Dimitris Papadimitriou,Etsi Xafnika (Music from the Original TV Series),0.231,0.273,-9.932,0.0317,0.968,0.822,0.132,0.151,89.103
Vathy Potami O Erotas,Dimitris Papadimitriou,Etsi Xafnika (Music from the Original TV Series),0.556,0.554,-9.036,0.0321,0.776,0.000265,0.119,0.567,109.875
Palio Skari,Dimitris Papadimitriou,Etsi Xafnika (Music from the Original TV Series),0.55,0.564,-6.888,0.0278,0.56,0.000517,0.0996,0.781,163.945
Taximi Taxidi,Dimitris Papadimitriou,Etsi Xafnika (Music from the Original TV Series),0.223,0.234,-16.524,0.0395,0.902,0.953,0.121,0.359,131.824
Mia Monaxia Stohastiki,Dimitris Papadimitriou,Etsi Xafnika (Music from the Original TV Series),0.222,0.192,-18.413,0.0309,0.591,0.16,0.0998,0.0393,174.825
To Dakry Ton Oneiron,Dimitris Papadimitriou,Etsi Xafnika (Music from the Original TV Series),0.266,0.223,-17.635,0.0344,0.868,0.947,0.0787,0.0374,123.92
Liakada,Dimitris Papadimitriou,Etsi Xafnika (Music from the Original TV Series),0.487,0.451,-11.953,0.0358,0.332,0.752,0.0997,0.621,149.966
Etsi Xafnika II,Dimitris Papadimitriou,Etsi Xafnika (Music from the Original TV Series),0.428,0.217,-11.57,0.0285,0.975,0.919,0.106,0.255,89.538
Emmoni Paraisthisi - Ypothesi Kathara Prosopiki,Dimitris Papadimitriou,Etsi Xafnika (Music from the Original TV Series),0.538,0.225,-13.66,0.0303,0.976,0.766,0.109,0.283,119.853
Fylaki,Dimitris Papadimitriou,Etsi Xafnika (Music from the Original TV Series),0.433,0.0709,-24.779,0.0471,0.873,0.775,0.101,0.0349,136.017
Stis Moiras To Harti,Dimitris Papadimitriou,Etsi Xafnika (Music from the Original TV Series),0.309,0.329,-13.76,0.0304,0.358,0.846,0.101,0.0433,103.837
Ekdromi,Dimitris Papadimitriou,Etsi Xafnika (Music from the Original TV Series),0.478,0.438,-14.01,0.037,0.315,0.868,0.12,0.703,149.994
Etsi Xafnika III,Dimitris Papadimitriou,Etsi Xafnika (Music from the Original TV Series),0.18,0.268,-10.406,0.0341,0.925,0.892,0.125,0.144,90.922
Flevaris Ton Flevon,Pantelis Thalassinos,To Kalantari,0.438,0.323,-9.534,0.0915,0.803,0.0,0.0528,0.472,106.232
O Chronos Tou Genari,Pantelis Thalassinos,To Kalantari,0.353,0.488,-10.242,0.0456,0.503,0.0,0.516,0.498,91.725
O Martis Martis Milise,Pantelis Thalassinos,To Kalantari,0.613,0.446,-10.347,0.0353,0.788,1.85e-06,0.135,0.481,83.02
Enas Evaisthitos Aprilis,Pantelis Thalassinos,To Kalantari,0.422,0.356,-10.808,0.0304,0.808,0.000364,0.51,0.398,97.693
O Mais Ehei Mystika,Pantelis Thalassinos,To Kalantari,0.388,0.423,-9.512,0.0614,0.601,0.0,0.372,0.531,169.285
Ton Ekto Mina Ton Kalo,Pantelis Thalassinos,To Kalantari,0.386,0.222,-15.63,0.0674,0.916,9e-05,0.973,0.157,91.809
Ioulios Porthitis,Pantelis Thalassinos,To Kalantari,0.418,0.479,-9.393,0.0514,0.469,0.0,0.366,0.481,168.451
Avgoustos Einai,Pantelis Thalassinos,To Kalantari,0.517,0.422,-10.99,0.109,0.631,7.72e-06,0.564,0.575,113.254
Enas Mikros Glykos Palios Septemvris,Pantelis Thalassinos,To Kalantari,0.584,0.301,-14.271,0.0297,0.91,0.00253,0.401,0.264,112.167
O Oktovris Simaia Sta Mpalkonia,Pantelis Thalassinos,To Kalantari,0.321,0.212,-12.966,0.0397,0.869,1.95e-05,0.129,0.33,182.728
Noemvris Minas Taxidevei,Pantelis Thalassinos,To Kalantari,0.526,0.631,-8.726,0.0621,0.594,8.33e-05,0.382,0.2,123.906
Doxa Dekemvri Mina,Pantelis Thalassinos,To Kalantari,0.6,0.475,-10.523,0.0608,0.739,3.15e-05,0.104,0.498,96.075
Vres To Kleidi,Pantelis Thalassinos,Horevontas Sti Siopi (I Mousiki Kai Ta Tragoudia Tis Tileoptikis Seiras Tou Alpha),0.626,0.329,-11.409,0.0386,0.538,0.0,0.0989,0.326,119.225
To Fili,Pantelis Thalassinos,Horevontas Sti Siopi (I Mousiki Kai Ta Tragoudia Tis Tileoptikis Seiras Tou Alpha),0.479,0.305,-12.019,0.0331,0.43,0.076,0.274,0.107,74.207
Anavyssos,Pantelis Thalassinos,Horevontas Sti Siopi (I Mousiki Kai Ta Tragoudia Tis Tileoptikis Seiras Tou Alpha),0.409,0.0501,-21.51,0.0334,0.98,0.941,0.122,0.199,110.235
Se Topo Agono,Pantelis Thalassinos,Horevontas Sti Siopi (I Mousiki Kai Ta Tragoudia Tis Tileoptikis Seiras Tou Alpha),0.497,0.294,-9.894,0.0361,0.664,0.00067,0.0897,0.396,96.544
Horevontas Sti Siopi,Pantelis Thalassinos,Horevontas Sti Siopi (I Mousiki Kai Ta Tragoudia Tis Tileoptikis Seiras Tou Alpha),0.234,0.165,-15.322,0.0381,0.955,0.72,0.0963,0.207,80.128
N' Allaxo Thelo,Pantelis Thalassinos,Horevontas Sti Siopi (I Mousiki Kai Ta Tragoudia Tis Tileoptikis Seiras Tou Alpha),0.451,0.0566,-16.533,0.0817,0.96,2.29e-05,0.101,0.416,182.18
Mnimi,Pantelis Thalassinos,Horevontas Sti Siopi (I Mousiki Kai Ta Tragoudia Tis Tileoptikis Seiras Tou Alpha),0.621,0.00742,-23.823,0.38,0.972,0.942,0.0833,0.162,132.065
Proino Stis Ammes,Pantelis Thalassinos,Horevontas Sti Siopi (I Mousiki Kai Ta Tragoudia Tis Tileoptikis Seiras Tou Alpha),0.436,0.0943,-22.055,0.0343,0.838,0.923,0.0873,0.123,118.316
Dyo Kosmoi S' Ena Dromo,Pantelis Thalassinos,Horevontas Sti Siopi (I Mousiki Kai Ta Tragoudia Tis Tileoptikis Seiras Tou Alpha),0.62,0.317,-12.082,0.0306,0.494,0.895,0.0936,0.259,119.339
Thymamai,Pantelis Thalassinos,Horevontas Sti Siopi (I Mousiki Kai Ta Tragoudia Tis Tileoptikis Seiras Tou Alpha),0.397,0.103,-19.18,0.0493,0.981,0.88,0.105,0.327,87.415
Mia Stigmi Trelas,Pantelis Thalassinos,Horevontas Sti Siopi (I Mousiki Kai Ta Tragoudia Tis Tileoptikis Seiras Tou Alpha),0.522,0.411,-13.076,0.035,0.231,0.0207,0.295,0.065,148.285
Kalamies,Pantelis Thalassinos,Horevontas Sti Siopi (I Mousiki Kai Ta Tragoudia Tis Tileoptikis Seiras Tou Alpha),0.455,0.0757,-20.251,0.0376,0.952,0.46,0.148,0.123,115.284
"N' Allaxo Thelo, Pt. 2",Pantelis Thalassinos,Horevontas Sti Siopi (I Mousiki Kai Ta Tragoudia Tis Tileoptikis Seiras Tou Alpha),0.592,0.168,-15.966,0.0343,0.838,0.00011,0.128,0.285,98.583
To Hasapiko Tis Siopis,Pantelis Thalassinos,Horevontas Sti Siopi (I Mousiki Kai Ta Tragoudia Tis Tileoptikis Seiras Tou Alpha),0.619,0.391,-12.616,0.0314,0.252,0.801,0.315,0.38,98.113
Mikro,Pantelis Thalassinos,Horevontas Sti Siopi (I Mousiki Kai Ta Tragoudia Tis Tileoptikis Seiras Tou Alpha),0.631,0.00189,-27.883,0.232,0.939,0.472,0.101,0.0,104.416
Antitheseis,Pantelis Thalassinos,Horevontas Sti Siopi (I Mousiki Kai Ta Tragoudia Tis Tileoptikis Seiras Tou Alpha),0.533,0.299,-15.47,0.0266,0.381,0.119,0.0982,0.439,134.949
"Vres To Kleidi, pt. 2",Pantelis Thalassinos,Horevontas Sti Siopi (I Mousiki Kai Ta Tragoudia Tis Tileoptikis Seiras Tou Alpha),0.41,0.107,-14.171,0.054,0.912,0.0,0.0907,0.395,79.887
Na Xanarhesai Me Tis Vrohes,Pantelis Thalassinos,Horevontas Sti Siopi (I Mousiki Kai Ta Tragoudia Tis Tileoptikis Seiras Tou Alpha),0.574,0.0645,-16.569,0.0531,0.83,0.792,0.0489,0.225,82.617
Stis Kardias Mou T' Anoichta,Various Artists,Stis Kardias Mou T' Anoichta,0.289,0.388,-8.432,0.0306,0.384,0.000625,0.123,0.121,177.134
Istoria,Various Artists,Stis Kardias Mou T' Anoichta,0.538,0.361,-8.431,0.0284,0.491,2.43e-06,0.293,0.157,111.63
An Prodotheis,Various Artists,Stis Kardias Mou T' Anoichta,0.451,0.548,-6.518,0.0316,0.509,2.28e-05,0.0624,0.283,83.056
N' Agapas,Various Artists,Stis Kardias Mou T' Anoichta,0.553,0.68,-6.422,0.0375,0.35,0.0,0.137,0.614,100.985
Ola Se Zitoun,Various Artists,Stis Kardias Mou T' Anoichta,0.48,0.326,-9.439,0.0291,0.758,1.65e-05,0.0984,0.266,106.116
"Ego, Pou Les...",Various Artists,Stis Kardias Mou T' Anoichta,0.612,0.512,-6.086,0.0388,0.452,0.0,0.139,0.299,116.188
"O, Ti Agapisa Poly",Various Artists,Stis Kardias Mou T' Anoichta,0.69,0.708,-5.411,0.026,0.386,0.0,0.0803,0.723,100.699
Gyrise,Various Artists,Stis Kardias Mou T' Anoichta,0.29,0.322,-10.149,0.0325,0.781,0.000332,0.152,0.213,175.722
Ap' Tin Petra Os To Molyvo,Various Artists,Stis Kardias Mou T' Anoichta,0.551,0.494,-6.954,0.032,0.331,1.62e-05,0.256,0.228,121.984
Fylaxou Ap' Tin Agapi Mou,Various Artists,Stis Kardias Mou T' Anoichta,0.375,0.201,-9.279,0.0332,0.893,0.00014,0.106,0.119,92.353
Ntountouk,Various Artists,Stis Kardias Mou T' Anoichta,0.35,0.0864,-16.33,0.0412,0.994,0.358,0.087,0.254,100.637
Pente Karavania,Various Artists,Stis Kardias Mou T' Anoichta,0.499,0.35,-10.259,0.0288,0.854,1.39e-05,0.0738,0.101,85.628
Oli I Zoi,Various Artists,Stis Kardias Mou T' Anoichta,0.581,0.374,-6.003,0.0323,0.548,3.59e-06,0.082,0.176,114.545
"O Vrahos, O Xerovrahos",Various Artists,Stis Kardias Mou T' Anoichta,0.259,0.295,-8.616,0.0342,0.675,5.75e-05,0.112,0.147,185.071
Oi Tempelides Tis Eforis Koiladas,Various Artists,Stis Kardias Mou T' Anoichta,0.321,0.637,-4.587,0.0451,0.756,0.0,0.206,0.588,185.963
"Oh, Aman",Various Artists,Stis Kardias Mou T' Anoichta,0.634,0.586,-3.592,0.0303,0.285,6.22e-06,0.105,0.876,78.754
Sta Vimata Tou Na Patas,Various Artists,Stis Kardias Mou T' Anoichta,0.63,0.515,-5.188,0.0323,0.483,0.000125,0.0725,0.528,115.498
Gi' Aftous Pou Lismonithikan,Various Artists,Stis Kardias Mou T' Anoichta,0.507,0.715,-4.334,0.0348,0.298,3.02e-05,0.11,0.455,112.229
Odos Pagkalou,Various Artists,Stis Kardias Mou T' Anoichta,0.489,0.386,-7.595,0.0294,0.2,0.0728,0.178,0.496,107.014
Gaida,Various Artists,Stis Kardias Mou T' Anoichta,0.157,0.0983,-9.187,0.0592,0.9,0.963,0.37,0.325,131.74
"Katerina, Karderina",Various Artists,Stis Kardias Mou T' Anoichta,0.523,0.758,-4.207,0.0387,0.462,0.0169,0.13,0.858,85.889
"Ah, Kormi Zografisto",Various Artists,Stis Kardias Mou T' Anoichta,0.54,0.242,-10.377,0.0318,0.714,1.1e-06,0.162,0.274,92.263
Kanonaki,Various Artists,Stis Kardias Mou T' Anoichta,0.596,0.114,-13.349,0.0936,0.816,0.892,0.0716,0.116,76.333
Xenitemeno Mou Pouli,Various Artists,Stis Kardias Mou T' Anoichta,0.506,0.33,-6.565,0.0295,0.729,1.5e-06,0.345,0.343,91.138
To Tragoudaki,Various Artists,Stis Kardias Mou T' Anoichta,0.22,0.347,-9.642,0.0292,0.0484,0.000231,0.199,0.211,153.81
Ola Me Ti Glossa Tis Haras,Pantelis Thalassinos,Astranamata,0.44,0.3,-8.977,0.0389,0.882,0.0,0.0791,0.328,85.697
Atlantida,Pantelis Thalassinos,Astranamata,0.349,0.169,-11.964,0.033,0.842,0.000326,0.109,0.152,96.927
Ta Thavmata,Pantelis Thalassinos,Astranamata,0.316,0.31,-11.124,0.0426,0.894,0.000956,0.0956,0.158,93.713
I Limni Kai O Potamos,Pantelis Thalassinos,Astranamata,0.397,0.0843,-13.064,0.0396,0.916,0.0,0.0722,0.214,70.13
Sta Magia Kai Sta Oneira,Pantelis Thalassinos,Astranamata,0.422,0.129,-14.574,0.0391,0.973,3.45e-05,0.0976,0.173,80.636
Kementzes Kai Mpoulgaroi,Pantelis Thalassinos,Astranamata,0.564,0.401,-8.577,0.0403,0.814,0.0,0.0811,0.885,122.438
Kipoi Me Nera,Pantelis Thalassinos,Astranamata,0.301,0.176,-13.478,0.0316,0.878,0.000695,0.101,0.11,83.472
Poios?,Pantelis Thalassinos,Astranamata,0.506,0.218,-12.971,0.0302,0.901,0.000152,0.11,0.355,92.149
Eisagogi (Fevgio tTis Annas) - Instrumental,Various Artists,O Asymvivastos (To Soundtrack Tis Kinimatografikis Tainias Kai 5 Tragoudia Akoma),0.441,0.443,-13.148,0.038,0.978,0.84,0.157,0.703,152.51
Na M' Agapas,Various Artists,O Asymvivastos (To Soundtrack Tis Kinimatografikis Tainias Kai 5 Tragoudia Akoma),0.483,0.193,-12.895,0.0308,0.867,0.000111,0.189,0.327,134.246
Oneiriko - Instrumental,Various Artists,O Asymvivastos (To Soundtrack Tis Kinimatografikis Tainias Kai 5 Tragoudia Akoma),0.401,0.288,-13.811,0.0343,0.96,0.925,0.102,0.448,131.525
Ti Na Sou Po,Various Artists,O Asymvivastos (To Soundtrack Tis Kinimatografikis Tainias Kai 5 Tragoudia Akoma),0.728,0.422,-8.612,0.0631,0.922,0.00587,0.0925,0.657,136.097
Flou - Instrumental,Various Artists,O Asymvivastos (To Soundtrack Tis Kinimatografikis Tainias Kai 5 Tragoudia Akoma),0.295,0.273,-14.237,0.0321,0.9,0.923,0.107,0.183,128.695
Kapote Tha 'Rthoun,Various Artists,O Asymvivastos (To Soundtrack Tis Kinimatografikis Tainias Kai 5 Tragoudia Akoma),0.678,0.266,-9.977,0.0363,0.866,0.0005,0.119,0.142,110.73
Dylan Thomas - Instrumental,Various Artists,O Asymvivastos (To Soundtrack Tis Kinimatografikis Tainias Kai 5 Tragoudia Akoma),0.573,0.43,-11.382,0.0299,0.841,0.946,0.154,0.869,140.538
Mi Mou Milas Gia Tipota,Various Artists,O Asymvivastos (To Soundtrack Tis Kinimatografikis Tainias Kai 5 Tragoudia Akoma),0.555,0.0942,-13.113,0.184,0.983,0.0,0.11,0.16,93.181
Ston Ypno Mou,Various Artists,O Asymvivastos (To Soundtrack Tis Kinimatografikis Tainias Kai 5 Tragoudia Akoma),0.596,0.49,-10.651,0.0254,0.89,5.41e-05,0.146,0.665,83.755
Erotiko - Instrumental,Various Artists,O Asymvivastos (To Soundtrack Tis Kinimatografikis Tainias Kai 5 Tragoudia Akoma),0.414,0.115,-16.496,0.0358,0.984,0.874,0.154,0.303,107.633
Day After Day,Pavlos Sidiropoulos,Day After Day,0.446,0.61,-7.174,0.0318,0.76,0.0579,0.227,0.524,135.436
Tell Me,Pavlos Sidiropoulos,Day After Day,0.465,0.541,-9.007,0.0392,0.823,0.00585,0.0591,0.964,169.135
Mou 'Pes Tha Figo,Pavlos Sidiropoulos,Flou (Remastered),0.564,0.848,-6.13,0.0472,0.76,0.862,0.185,0.339,143.732
O Babis O Flou,Pavlos Sidiropoulos,Flou (Remastered),0.477,0.759,-5.902,0.0968,0.554,0.00277,0.313,0.882,131.188
Pou Na Girizis,Pavlos Sidiropoulos,Flou (Remastered),0.475,0.528,-8.173,0.0523,0.763,0.0272,0.152,0.227,137.976
Xespasma,Pavlos Sidiropoulos,Flou (Remastered),0.53,0.949,-4.837,0.0653,0.434,0.00192,0.303,0.473,106.303
I Sovari Klooun,Pavlos Sidiropoulos,Flou (Remastered),0.312,0.434,-13.228,0.0396,0.845,0.0839,0.199,0.0538,108.523
To '69 Me Kapio Filo,Pavlos Sidiropoulos,Flou (Remastered),0.639,0.841,-5.341,0.0739,0.181,4.88e-05,0.0725,0.934,166.113
Stin K.,Pavlos Sidiropoulos,Flou (Remastered),0.56,0.454,-9.049,0.0411,0.738,0.0,0.183,0.501,121.706
I Ora Tou Stuff,Pavlos Sidiropoulos,Flou (Remastered),0.306,0.448,-10.015,0.0451,0.846,0.0133,0.0761,0.267,175.145
To Agnosto Theo,Pavlos Sidiropoulos,Flou (Remastered),0.505,0.95,-4.687,0.201,0.688,0.000641,0.0887,0.492,134.124
En Kataklidi,Pavlos Sidiropoulos,Flou (Remastered),0.627,0.632,-9.287,0.0345,0.611,0.0103,0.121,0.642,122.01
To Blues Tou Ergatopaidou,Pavlos Sidiropoulos,Ta Blues Tou Prigkipa,0.613,0.0382,-10.285,0.075,0.902,0.0,0.0994,0.263,178.126
I Paragka Tou Thoma,Pavlos Sidiropoulos,Ta Blues Tou Prigkipa,0.824,0.167,-11.082,0.058,0.873,0.0,0.0969,0.594,105.251
Zeimpekiko Blues,Pavlos Sidiropoulos,Ta Blues Tou Prigkipa,0.84,0.0251,-11.904,0.103,0.889,0.0,0.107,0.168,115.708
An Isoun Filos,Pavlos Sidiropoulos,Ta Blues Tou Prigkipa,0.801,0.355,-10.282,0.0537,0.805,0.0,0.104,0.393,114.309
To Blues Tou Paliokaravou,Pavlos Sidiropoulos,Ta Blues Tou Prigkipa,0.682,0.0135,-14.331,0.0877,0.938,0.0,0.114,0.179,98.586
Ta Sigana Potamia,Pavlos Sidiropoulos,Ta Blues Tou Prigkipa,0.551,0.257,-11.464,0.0485,0.899,0.0,0.14,0.605,116.499
O Harmanis,Pavlos Sidiropoulos,Ta Blues Tou Prigkipa,0.913,0.118,-10.902,0.0514,0.816,0.0,0.108,0.315,107.535
To Blues Tou Roumpola,Pavlos Sidiropoulos,Ta Blues Tou Prigkipa,0.67,0.0757,-16.757,0.0523,0.995,0.863,0.111,0.316,116.86
To Blues Tou Ai-Onoufri,Pavlos Sidiropoulos,Ta Blues Tou Prigkipa,0.372,0.0423,-18.087,0.0606,0.995,0.744,0.118,0.125,180.524
To Blues Tou Apohorismou,Pavlos Sidiropoulos,Ta Blues Tou Prigkipa,0.389,0.0769,-10.739,0.0855,0.979,2.98e-05,0.112,0.249,179.268
Krima To Paidi,Pavlos Sidiropoulos,Ta Blues Tou Prigkipa,0.936,0.334,-11.278,0.11,0.897,0.0,0.107,0.756,114.115
To Mynima,Pavlos Sidiropoulos,Ta Blues Tou Prigkipa,0.792,0.173,-15.313,0.82,0.969,0.0,0.21,0.671,80.366
Tis Ethnikis Symfiliosis,Pavlos Sidiropoulos,Welcome to the Show,0.72,0.747,-5.17,0.0352,0.34,0.0,0.312,0.953,128.294
Apokalypsi,Pavlos Sidiropoulos,Welcome to the Show,0.601,0.957,-3.505,0.0431,0.151,0.00864,0.274,0.842,130.025
Poioi Eisaste Eseis?,Pavlos Sidiropoulos,Welcome to the Show,0.617,0.827,-3.912,0.0849,0.0424,9.07e-05,0.256,0.873,136.972
To Vivlio Ton Iroon,Pavlos Sidiropoulos,Welcome to the Show,0.424,0.947,-4.364,0.208,0.00568,0.0178,0.28,0.753,121.325
Welcome to the Show,Pavlos Sidiropoulos,Welcome to the Show,0.619,0.953,-4.318,0.0679,0.219,0.0234,0.229,0.824,112.911
Ena Anamnisiako Tragoudaki,Pavlos Sidiropoulos,Welcome to the Show,0.818,0.533,-4.473,0.189,0.312,0.0,0.541,0.824,124.229
Adergraoud Me Stras,Pavlos Sidiropoulos,En Lefko,0.728,0.55,-13.441,0.0519,0.318,0.026,0.149,0.518,129.189
Istati Stigmi,Pavlos Sidiropoulos,En Lefko,0.699,0.329,-20.683,0.03,0.211,0.143,0.105,0.791,112.335
Thanatos,Pavlos Sidiropoulos,En Lefko,0.569,0.11,-18.905,0.0295,0.66,0.733,0.366,0.191,79.148
Horis Etia,Pavlos Sidiropoulos,En Lefko,0.723,0.559,-16.587,0.0319,0.0619,0.00117,0.346,0.784,106.808
I,Pavlos Sidiropoulos,En Lefko,0.707,0.744,-15.138,0.0457,0.0419,0.014,0.0938,0.624,112.006
Voo-Doo Child,Pavlos Sidiropoulos,En Lefko,0.814,0.395,-15.639,0.0394,0.268,0.000142,0.326,0.906,118.775
Kapote Tha Dis,Pavlos Sidiropoulos,En Lefko,0.763,0.366,-16.273,0.0612,0.21,7.79e-05,0.103,0.793,114.449
Tzonihakion Asma,Pavlos Sidiropoulos,En Lefko,0.555,0.393,-17.772,0.103,0.055,1.55e-05,0.355,0.631,110.421
Epidi Horisame San Erastes (Stin Nana),Pavlos Sidiropoulos,En Lefko,0.301,0.0448,-25.424,0.0489,0.953,0.558,0.0478,0.154,94.286
R' N' R' Sto Krevati,Pavlos Sidiropoulos,Zorba The Freak (Remastered),0.51,0.95,-3.57,0.0357,0.0592,0.0,0.116,0.756,148.567
Ftohopedo,Pavlos Sidiropoulos,Zorba The Freak (Remastered),0.428,0.937,-2.941,0.0474,0.543,0.0,0.325,0.748,154.625
Apogoitefsi,Pavlos Sidiropoulos,Zorba The Freak (Remastered),0.635,0.879,-3.04,0.0589,0.642,0.0,0.169,0.701,107.0
Agourou,Pavlos Sidiropoulos,Zorba The Freak (Remastered),0.221,0.866,-8.744,0.0999,0.768,0.984,0.803,0.0702,123.922
Miki Maou(s),Pavlos Sidiropoulos,Zorba The Freak (Remastered),0.41,0.958,-2.798,0.108,0.686,0.000205,0.211,0.672,148.056
I Remember Otis,Pavlos Sidiropoulos,Zorba The Freak (Remastered),0.45,0.432,-7.986,0.0363,0.222,0.000913,0.0796,0.165,134.829
To '69,Pavlos Sidiropoulos,Zorba The Freak (Remastered),0.713,0.958,-2.273,0.0346,0.632,0.0,0.197,0.775,109.235
Clown,Pavlos Sidiropoulos,Zorba The Freak (Remastered),0.476,0.366,-6.696,0.0311,0.581,0.000175,0.119,0.126,117.815
Ade Ke Kali Tihi Mages,Pavlos Sidiropoulos,Zorba The Freak (Remastered),0.463,0.913,-5.773,0.136,0.716,0.0,0.377,0.689,140.089
Tha Girisi Ki O Trohos... I Lene Pos I Ftohi... I Ap' Ti Zoi Sto Thanato In' Ena Monopati,Pavlos Sidiropoulos,Zorba The Freak (Remastered),0.55,0.906,-5.396,0.149,0.398,3.92e-06,0.73,0.767,77.26
As' Tous Na Mas Koroidevoun,Petros Gaitanos,Politeia D!,0.776,0.609,-11.808,0.0276,0.363,0.0,0.311,0.807,91.946
Archontissa Siopili,Petros Gaitanos,Politeia D!,0.709,0.342,-13.724,0.0366,0.31,1.8e-05,0.131,0.393,109.439
Koritsi Tou Oktovri,Petros Gaitanos,Politeia D!,0.335,0.176,-15.154,0.032,0.882,0.000136,0.129,0.0743,136.818
De Ftais Esy Pou Taxidevo,Petros Gaitanos,Politeia D!,0.262,0.212,-14.663,0.0351,0.85,4.01e-06,0.104,0.24,176.621
Tora Pou Fevgeis,Petros Gaitanos,Politeia D!,0.696,0.395,-11.655,0.036,0.612,0.00733,0.13,0.671,151.21
Chronia Ftina,Petros Gaitanos,Politeia D!,0.228,0.133,-15.76,0.0335,0.852,5.68e-06,0.0899,0.122,177.911
Nychtes Fotografoi,Petros Gaitanos,Politeia D!,0.607,0.452,-12.839,0.0415,0.339,0.000837,0.264,0.559,176.073
Perimene Me,Petros Gaitanos,Politeia D!,0.63,0.35,-14.668,0.0579,0.649,0.00012,0.111,0.269,99.952
Me Tis Chamenes Tis Psyches,Petros Gaitanos,Politeia D!,0.305,0.173,-14.006,0.0332,0.881,8.69e-06,0.0845,0.133,124.581
Se Poia Patrida Thes Na Pas,Petros Gaitanos,Politeia D!,0.446,0.292,-13.426,0.0352,0.81,5.95e-05,0.0807,0.447,89.746
Drapetsona,Petros Gaitanos,Politeia D!,0.615,0.324,-13.62,0.0461,0.64,1.96e-06,0.168,0.338,125.557
Pos Se Miso,Pix Lax,Ti Allo Na Pis Pio Apla,0.674,0.482,-14.216,0.061,0.618,0.0,0.0961,0.754,100.078
Me Stelnis,Pix Lax,Ti Allo Na Pis Pio Apla,0.759,0.332,-14.634,0.0613,0.14,0.000145,0.0963,0.848,99.872
Thelo Kati N' Allaxo,Pix Lax,Ti Allo Na Pis Pio Apla,0.329,0.206,-15.905,0.0367,0.692,5.4e-06,0.0932,0.223,93.302
Xana,Pix Lax,Ti Allo Na Pis Pio Apla,0.411,0.241,-16.302,0.0332,0.556,4.68e-05,0.185,0.272,143.703
Hilii Thei,Pix Lax,Ti Allo Na Pis Pio Apla,0.571,0.328,-13.711,0.0574,0.447,1.82e-05,0.568,0.494,142.104
Mara-Bou,Pix Lax,Ti Allo Na Pis Pio Apla,0.735,0.499,-14.086,0.0469,0.348,4.98e-05,0.0569,0.765,95.404
Aformi,Pix Lax,Ti Allo Na Pis Pio Apla,0.464,0.43,-12.75,0.0337,0.27,1.41e-05,0.456,0.376,104.273
Psahno Ti Nihta,Pix Lax,Ti Allo Na Pis Pio Apla,0.473,0.428,-12.93,0.0349,0.248,6.82e-05,0.195,0.656,150.718
Pali Fevgo,Pix Lax,Ti Allo Na Pis Pio Apla,0.497,0.323,-15.452,0.032,0.179,0.000268,0.289,0.356,143.911
Esi Den Ise Esi,Pix Lax,Ti Allo Na Pis Pio Apla,0.696,0.401,-14.362,0.0365,0.286,8.47e-06,0.11,0.785,130.975
Kale Mou Bastarde Iroa,Pix Lax,Ti Allo Na Pis Pio Apla,0.461,0.444,-13.097,0.0294,0.247,0.00015,0.15,0.671,152.072
Prosopiki Anazitisi,Pix Lax,Ti Allo Na Pis Pio Apla,0.358,0.296,-15.768,0.0405,0.712,0.000631,0.253,0.175,125.565
Ti Allo Na Po Pio Apla,Pix Lax,Ti Allo Na Pis Pio Apla,0.411,0.504,-13.44,0.032,0.0224,0.000289,0.0415,0.534,145.476
Giati,Pix Lax,O Ilios Tou Himona Me Melagholi,0.592,0.389,-15.838,0.0274,0.429,0.0,0.0639,0.588,103.976
Astin Na Lei,Pix Lax,O Ilios Tou Himona Me Melagholi,0.511,0.387,-13.933,0.0338,0.253,0.0,0.615,0.602,91.715
S' Agapo,Pix Lax,O Ilios Tou Himona Me Melagholi,0.587,0.45,-14.459,0.0325,0.215,0.0,0.0902,0.527,117.844
I Ikona Tou Himona,Pix Lax,O Ilios Tou Himona Me Melagholi,0.257,0.146,-15.794,0.038,0.783,0.0,0.272,0.184,180.966
To Arga Gia Mas Ine Noris,Pix Lax,O Ilios Tou Himona Me Melagholi,0.689,0.454,-15.753,0.0293,0.241,2.46e-05,0.0556,0.801,139.895
Gia Mia Matia,Pix Lax,O Ilios Tou Himona Me Melagholi,0.618,0.405,-13.645,0.0296,0.186,0.0,0.0257,0.549,119.886
Hathikes Alitissa,Pix Lax,O Ilios Tou Himona Me Melagholi,0.762,0.387,-14.388,0.0346,0.211,0.0,0.0684,0.905,107.475
To Zeibekiko Tis Athinas,Pix Lax,O Ilios Tou Himona Me Melagholi,0.764,0.182,-18.931,0.0391,0.611,0.0,0.306,0.573,119.984
Tha Se Varetho,Pix Lax,O Ilios Tou Himona Me Melagholi,0.745,0.353,-14.225,0.0275,0.267,1.46e-06,0.165,0.789,99.99
Kokkinos Stivos,Pix Lax,O Ilios Tou Himona Me Melagholi,0.678,0.322,-16.071,0.0349,0.69,0.0,0.257,0.442,133.93
I Palies Agapes Pane Ston Paradiso,Pix Lax,O Baboulas Tragoudai Monos Tis Nihtes,0.41,0.278,-14.267,0.0328,0.649,0.000557,0.0832,0.248,138.787
Den Afinoun Simadia Stin Ammo Tou Hronou,Pix Lax,O Baboulas Tragoudai Monos Tis Nihtes,0.733,0.592,-11.791,0.0613,0.462,0.0109,0.14,0.871,95.034
Ena Peplo Tis Siopis Tha Skepazi San Baboulas Tin Zoi Mas,Pix Lax,O Baboulas Tragoudai Monos Tis Nihtes,0.622,0.68,-12.093,0.0298,0.0349,0.00273,0.0792,0.907,128.645
Podilata Dihos Frena,Pix Lax,O Baboulas Tragoudai Monos Tis Nihtes,0.444,0.442,-13.905,0.0288,0.468,0.000523,0.0885,0.415,105.084
Kathe Poniria Tis Evas Tha Pona,Pix Lax,O Baboulas Tragoudai Monos Tis Nihtes,0.778,0.572,-13.064,0.0277,0.195,1.15e-06,0.268,0.798,108.079
Den Se Xeri Kanis,Pix Lax,O Baboulas Tragoudai Monos Tis Nihtes,0.28,0.356,-15.387,0.0334,0.077,0.000864,0.0974,0.375,137.498
Spleen,Pix Lax,O Baboulas Tragoudai Monos Tis Nihtes,0.483,0.313,-14.357,0.0458,0.322,0.0,0.129,0.505,119.983
Kane Kati Ke Gia Sena,Pix Lax,O Baboulas Tragoudai Monos Tis Nihtes,0.464,0.27,-13.785,0.0306,0.108,0.00055,0.0781,0.207,108.524
San Tin Adiki Katara,Pix Lax,O Baboulas Tragoudai Monos Tis Nihtes,0.627,0.556,-12.764,0.0344,0.262,0.0,0.0846,0.707,99.782
Na Me Thimithis,Pix Lax,O Baboulas Tragoudai Monos Tis Nihtes,0.479,0.422,-14.459,0.0324,0.456,0.0,0.514,0.227,97.657
Na Gini To Nero Fotia,Pix Lax,O Baboulas Tragoudai Monos Tis Nihtes,0.52,0.308,-16.355,0.059,0.835,0.00171,0.0832,0.255,90.175
Sta Kaminia,Pix Lax,O Baboulas Tragoudai Monos Tis Nihtes,0.695,0.228,-15.193,0.0588,0.656,0.000103,0.129,0.284,120.008
Na 'Rthis Opos Tha 'Rthoun Ta Helidonia,Pix Lax,O Baboulas Tragoudai Monos Tis Nihtes,0.48,0.315,-13.509,0.0332,0.557,0.0,0.114,0.434,95.741
Ta Onira Tis Meris,Pix Lax,O Baboulas Tragoudai Monos Tis Nihtes,0.432,0.147,-17.765,0.0388,0.607,0.155,0.155,0.502,184.05
"Ei ""Man"" Kita Brosta",Pix Lax,O Baboulas Tragoudai Monos Tis Nihtes,0.689,0.133,-20.941,0.0451,0.959,0.000117,0.0999,0.579,94.979
Olo M' Afinis Na S' Afiso,Pix Lax,O Baboulas Tragoudai Monos Tis Nihtes,0.446,0.194,-18.036,0.0351,0.875,0.00536,0.0546,0.253,144.756
Ti Na Po (Zoriki Keri),Pix Lax,Zoriki Keri,0.633,0.46,-15.518,0.0386,0.286,1.94e-05,0.274,0.754,105.349
Mi Zilevis,Pix Lax,Zoriki Keri,0.636,0.46,-14.964,0.0308,0.463,3.21e-05,0.0437,0.557,129.01
Akrovato,Pix Lax,Zoriki Keri,0.689,0.466,-15.693,0.0296,0.411,3.46e-06,0.0403,0.73,105.064
Pix Lax,Pix Lax,Zoriki Keri,0.677,0.5,-15.196,0.0354,0.0766,2.05e-05,0.33,0.709,106.09
Akoma Prospatho,Pix Lax,Zoriki Keri,0.556,0.18,-15.868,0.0318,0.762,0.00107,0.0971,0.229,76.283
Poula Me,Pix Lax,Zoriki Keri,0.626,0.494,-14.545,0.0368,0.372,0.000742,0.053,0.442,114.559
Ela,Pix Lax,Zoriki Keri,0.568,0.368,-15.331,0.0351,0.427,0.000312,0.0288,0.576,139.916
Tha Figis,Pix Lax,Zoriki Keri,0.509,0.375,-16.468,0.0457,0.349,0.0,0.248,0.538,137.904
En Psihro,Pix Lax,Zoriki Keri,0.7,0.388,-16.115,0.0316,0.175,4.03e-06,0.333,0.796,105.381
Apopira Epafis,Pix Lax,Zoriki Keri,0.653,0.519,-14.107,0.0949,0.0402,2.3e-05,0.0639,0.754,77.502
San Psema,Pix Lax,Gia Tous Prigipes Tis Ditikis Ohthis,0.408,0.462,-14.407,0.033,0.375,0.0221,0.184,0.809,98.25
Anoites Agapes,Pix Lax,Gia Tous Prigipes Tis Ditikis Ohthis,0.501,0.234,-15.215,0.0397,0.774,0.0,0.0769,0.0655,127.886
Lene Gia Mena,Pix Lax,Gia Tous Prigipes Tis Ditikis Ohthis,0.59,0.378,-14.424,0.0438,0.42,7.21e-05,0.183,0.733,99.664
S' Olous Dinese,Pix Lax,Gia Tous Prigipes Tis Ditikis Ohthis,0.512,0.239,-15.897,0.0339,0.591,0.0,0.126,0.304,119.864
Den Tha Dakriso Pia Gia Sena,Pix Lax,Gia Tous Prigipes Tis Ditikis Ohthis,0.689,0.494,-13.565,0.0274,0.317,0.0,0.207,0.909,104.982
Mia Zoi Sto Risko (O Paradisos Ine Topos Gia Defterous Rolous),Pix Lax,Gia Tous Prigipes Tis Ditikis Ohthis,0.73,0.334,-15.174,0.034,0.534,3e-06,0.423,0.387,124.189
Bori,Pix Lax,Gia Tous Prigipes Tis Ditikis Ohthis,0.587,0.45,-12.547,0.0363,0.106,0.0,0.126,0.853,102.7
Ti Ine Afto Pou Mas Horizi,Pix Lax,Gia Tous Prigipes Tis Ditikis Ohthis,0.462,0.315,-14.458,0.0302,0.47,0.0,0.167,0.346,113.28
Ateliota Taxidia,Pix Lax,Gia Tous Prigipes Tis Ditikis Ohthis,0.478,0.148,-18.346,0.0319,0.598,0.0,0.0518,0.408,175.109
"As Gini O,Ti Thes",Pix Lax,Gia Tous Prigipes Tis Ditikis Ohthis,0.639,0.451,-14.562,0.0535,0.35,0.000127,0.0528,0.724,115.979
Horis Dropi,Pix Lax,Gia Tous Prigipes Tis Ditikis Ohthis,0.702,0.351,-19.565,0.0292,0.234,0.00127,0.0945,0.965,103.967
Arhises Na Xethoriazis San Mia Palia Fotografia,Pix Lax,Gia Tous Prigipes Tis Ditikis Ohthis,0.561,0.234,-15.17,0.0313,0.608,0.0,0.131,0.197,115.894
Psihalizi Sto Veligradi,Pix Lax,Gia Tous Prigipes Tis Ditikis Ohthis,0.403,0.0862,-25.066,0.0294,0.624,0.0469,0.0956,0.211,95.43
Ximeroma,Pix Lax,Gia Tous Prigipes Tis Ditikis Ohthis,0.473,0.273,-18.678,0.0516,0.127,0.86,0.136,0.396,106.781
"Den Tha Dakriso Pia Gia Sena (Apo Ta ""Pegnidia"" Tou Govatzidaki)",Pix Lax,Gia Tous Prigipes Tis Ditikis Ohthis,0.787,0.6,-14.155,0.0578,0.0138,6.12e-05,0.11,0.793,104.973
Idrohoos,Pix Lax,Stilvi,0.291,0.293,-16.121,0.0463,0.89,0.904,0.114,0.0703,119.45
Monaxia Mou Ola... (Zodano Apo To Dipla Sto Potami) - Live,Pix Lax,Stilvi,0.602,0.775,-10.012,0.0374,0.0314,0.00203,0.798,0.515,98.491
Sta Vathia Sou Nera,Pix Lax,Stilvi,0.644,0.576,-10.601,0.0286,0.27,0.000582,0.114,0.691,110.02
Epapses Agapi Na Thimizis,Pix Lax,Stilvi,0.443,0.406,-15.827,0.0385,0.363,0.0595,0.121,0.346,133.646
Faltseta,Pix Lax,Stilvi,0.395,0.267,-15.851,0.0477,0.766,0.0101,0.109,0.528,105.244
Mia Sinousia Mistiki,Pix Lax,Stilvi,0.721,0.506,-10.745,0.0417,0.244,1.01e-06,0.134,0.56,114.471
Senor (Tales Of Yankee Power),Pix Lax,Stilvi,0.615,0.35,-15.391,0.0317,0.139,0.102,0.0835,0.362,135.883
Fotia - Acoustic,Pix Lax,Stilvi,0.555,0.4,-13.451,0.0351,0.301,0.0036,0.185,0.154,116.146
O Erotas Kimithike Noris - Acoustic,Pix Lax,Stilvi,0.348,0.197,-17.124,0.0366,0.639,0.125,0.152,0.304,132.048
Akoma Tipota Den Ides,Pix Lax,Stilvi,0.517,0.231,-13.562,0.0282,0.447,0.0191,0.0833,0.158,108.212
Stilvi,Pix Lax,Stilvi,0.614,0.631,-13.121,0.0283,0.105,0.816,0.112,0.365,98.998
Sothikan I Hares,Pix Lax,Stilvi,0.443,0.339,-13.366,0.0255,0.00876,0.00494,0.146,0.376,87.06
Lamia,Pix Lax,Stilvi,0.543,0.688,-9.843,0.0587,0.259,9.97e-06,0.113,0.473,181.894
Klemmeni Omorfia,Pix Lax,Stilvi,0.574,0.529,-11.641,0.031,0.0988,1.87e-06,0.101,0.611,100.862
Apogoitefsi Tou Perastikou,Pix Lax,Stilvi,0.377,0.472,-12.879,0.0276,0.0919,0.762,0.0734,0.293,146.061
Irida,Pix Lax,Stilvi,0.464,0.161,-18.736,0.0459,0.914,0.69,0.117,0.341,142.602
Tora (Avà),Pix Lax,Iparhoun Hrisopsara Edo?,0.448,0.539,-10.887,0.0312,0.504,0.00329,0.0976,0.266,110.269
Iparhoun Hrisopsara Edo,Pix Lax,Iparhoun Hrisopsara Edo?,0.633,0.315,-13.274,0.0316,0.879,0.00103,0.133,0.124,120.062
Ena Gelio Kremasmeno Sto Balkoni,Pix Lax,Iparhoun Hrisopsara Edo?,0.698,0.484,-12.529,0.0296,0.41,0.247,0.131,0.816,138.079
Pinakas,Pix Lax,Iparhoun Hrisopsara Edo?,0.539,0.486,-10.155,0.0253,0.125,0.0238,0.251,0.202,140.017
You Get In Love,Pix Lax,Iparhoun Hrisopsara Edo?,0.613,0.604,-7.463,0.034,0.247,5.54e-06,0.349,0.699,100.035
Sto Telos Girisa Se Sena,Pix Lax,Iparhoun Hrisopsara Edo?,0.337,0.432,-16.416,0.0433,0.0865,0.000462,0.519,0.469,144.005
Melidron,Pix Lax,Iparhoun Hrisopsara Edo?,0.666,0.505,-10.368,0.0256,0.0601,0.0,0.0904,0.824,101.993
Mia Zoi Mesa Stous Dromous,Pix Lax,Iparhoun Hrisopsara Edo?,0.497,0.511,-10.411,0.0257,0.00616,0.253,0.0773,0.36,133.264
Tou Tihou I Rogmes,Pix Lax,Iparhoun Hrisopsara Edo?,0.252,0.405,-9.52,0.0339,0.543,0.00541,0.512,0.25,182.182
Ti Zitas,Pix Lax,Iparhoun Hrisopsara Edo?,0.582,0.688,-8.641,0.0302,0.127,0.0195,0.119,0.668,115.059
Lene Gia Mena - Elefteria Mix,Pix Lax,Iparhoun Hrisopsara Edo?,0.354,0.65,-13.505,0.0435,0.228,0.821,0.369,0.272,97.964
Podilata Dihos Frena (Live),Pix Lax,Iparhoun Hrisopsara Edo?,0.31,0.578,-10.125,0.0277,0.253,0.00012,0.98,0.487,103.786
Olo M' Afinis Na S' Afiso - Live,Pix Lax,Iparhoun Hrisopsara Edo?,0.458,0.34,-12.388,0.0301,0.666,0.000236,0.462,0.238,133.342
Mia Sinousia Mistiki - Live,Pix Lax,Iparhoun Hrisopsara Edo?,0.605,0.57,-9.924,0.0345,0.149,1.3e-05,0.733,0.663,123.309
Esi Eki - Live,Pix Lax,Iparhoun Hrisopsara Edo?,0.306,0.713,-8.08,0.0403,0.236,0.000252,0.548,0.587,128.393
Artista - Live,Pix Lax,Iparhoun Hrisopsara Edo?,0.428,0.415,-11.382,0.0401,0.734,2.51e-06,0.904,0.269,125.971
Me Skotose Giati Tin Agapousa - Live,Pix Lax,Iparhoun Hrisopsara Edo?,0.473,0.869,-9.688,0.0321,0.00543,0.172,0.673,0.705,98.048
Senor (Tales Of Yankee Power) - Live,Pix Lax,Iparhoun Hrisopsara Edo?,0.492,0.45,-12.651,0.028,0.669,0.0298,0.114,0.45,137.162
Giati - Live,Pix Lax,Iparhoun Hrisopsara Edo?,0.242,0.491,-9.007,0.0351,0.196,2.97e-06,0.555,0.284,132.115
Na Hatho Sta Vimata Sou - Live,Pix Lax,Iparhoun Hrisopsara Edo?,0.44,0.511,-10.811,0.034,0.0938,0.000302,0.462,0.619,113.735
Horis Dropi - Live,Pix Lax,Iparhoun Hrisopsara Edo?,0.457,0.632,-11.017,0.0309,0.157,0.00285,0.25,0.784,110.65
Sta Kaminia - Live,Pix Lax,Iparhoun Hrisopsara Edo?,0.415,0.445,-15.721,0.0779,0.859,1.87e-05,0.977,0.422,117.659
Poula Me - Live,Pix Lax,Iparhoun Hrisopsara Edo?,0.319,0.484,-11.171,0.0318,0.672,0.0,0.944,0.26,107.842
Mi Les Pote - Live,Pix Lax,Iparhoun Hrisopsara Edo?,0.436,0.406,-13.296,0.0326,0.764,0.035,0.846,0.557,113.845
Thelo Pelati - Live,Pix Lax,Iparhoun Hrisopsara Edo?,0.231,0.367,-11.056,0.0335,0.612,0.00244,0.0913,0.317,180.916
I Ikona Tou Himona - Live,Pix Lax,Iparhoun Hrisopsara Edo?,0.33,0.602,-10.582,0.0512,0.731,1.37e-05,0.973,0.363,122.926
Epapses Agapi Na Thimizis - Live,Pix Lax,Iparhoun Hrisopsara Edo?,0.198,0.921,-5.622,0.119,0.801,0.00146,0.88,0.442,135.755
Ta Dokaria Sto Grasidi Perimenoun Ta Pedia,Pix Lax,Ta Dokaria Sto Grasidi Perimenoun Ta Pedia,0.113,0.0989,-15.974,0.0422,0.919,0.971,0.114,0.0328,76.203
Ena Pedi Perpatai Me Ta Heria,Pix Lax,Ta Dokaria Sto Grasidi Perimenoun Ta Pedia,0.554,0.561,-9.118,0.0321,0.302,0.00516,0.168,0.488,164.033
Pixida,Pix Lax,Ta Dokaria Sto Grasidi Perimenoun Ta Pedia,0.214,0.482,-8.718,0.0287,0.0558,0.0315,0.106,0.217,95.978
Mono Gia Kini Mi Mou Les,Pix Lax,Ta Dokaria Sto Grasidi Perimenoun Ta Pedia,0.483,0.632,-8.686,0.0298,0.00279,0.256,0.193,0.474,172.502
Varies Kourtines,Pix Lax,Ta Dokaria Sto Grasidi Perimenoun Ta Pedia,0.488,0.748,-7.945,0.0302,0.0896,0.404,0.608,0.638,144.998
Tis Allis Meras To Proi,Pix Lax,Ta Dokaria Sto Grasidi Perimenoun Ta Pedia,0.57,0.483,-8.594,0.0252,0.452,0.00135,0.125,0.381,140.106
I Diakopes Tou Karharia,Pix Lax,Ta Dokaria Sto Grasidi Perimenoun Ta Pedia,0.691,0.787,-6.992,0.0464,0.00549,0.573,0.141,0.826,104.898
O Palios Skaraveos,Pix Lax,Ta Dokaria Sto Grasidi Perimenoun Ta Pedia,0.56,0.375,-9.137,0.0286,0.0071,0.0652,0.249,0.17,114.087
Tis Gorgonas I Kaimi,Pix Lax,Ta Dokaria Sto Grasidi Perimenoun Ta Pedia,0.654,0.656,-7.952,0.0279,0.0402,0.00277,0.0681,0.604,99.005
To Tragoudi Tis Kirkis,Pix Lax,Ta Dokaria Sto Grasidi Perimenoun Ta Pedia,0.512,0.301,-11.513,0.0287,0.606,0.025,0.102,0.0872,107.838
Miss Second-Hand,Pix Lax,Ta Dokaria Sto Grasidi Perimenoun Ta Pedia,0.635,0.952,-6.8,0.0501,0.164,0.145,0.362,0.866,111.326
Ta Dokaria Sto Grasidi Perimenoun Ta Pedia II,Pix Lax,Ta Dokaria Sto Grasidi Perimenoun Ta Pedia,0.68,0.807,-6.007,0.0306,0.436,0.00238,0.15,0.559,105.332
Sto Ema Mou Allazi O Keros (Interlude),Pix Lax,Ta Dokaria Sto Grasidi Perimenoun Ta Pedia,0.225,0.314,-11.802,0.0344,0.728,0.0199,0.262,0.0975,125.448
I Gi Tis Anthismenis Lemonias,Pix Lax,Ta Dokaria Sto Grasidi Perimenoun Ta Pedia,0.234,0.0371,-26.0,0.0381,0.969,0.943,0.165,0.222,72.361
Hamenos Keros,Pix Lax,Ta Dokaria Sto Grasidi Perimenoun Ta Pedia,0.485,0.732,-8.713,0.0589,0.447,0.788,0.446,0.213,99.994
Deep Blue Hurting Sky (Innocence Dance),Pix Lax,Ta Dokaria Sto Grasidi Perimenoun Ta Pedia,0.795,0.672,-9.453,0.055,0.261,0.0279,0.0479,0.859,98.016
Ta Dakria Tis Liakadas (Pnigmeni Aggeli),Pix Lax,Ta Dokaria Sto Grasidi Perimenoun Ta Pedia,0.585,0.427,-11.647,0.0287,0.516,0.000192,0.111,0.537,125.516
Spasmenes Veres,Pix Lax,Ta Dokaria Sto Grasidi Perimenoun Ta Pedia,0.592,0.522,-12.325,0.0353,0.711,0.000211,0.198,0.653,89.992
To Saxofono Vithistike Ston Ipno Ke Stamatise,Pix Lax,Ta Dokaria Sto Grasidi Perimenoun Ta Pedia,0.393,0.272,-10.637,0.0688,0.882,0.0,0.117,0.29,179.461
Enas Anthropos Pou Egine Nisi,Pix Lax,Ta Dokaria Sto Grasidi Perimenoun Ta Pedia,0.554,0.316,-16.501,0.0604,0.826,0.023,0.109,0.138,160.08
I Neraida Tou Tihou,Pix Lax,Ta Dokaria Sto Grasidi Perimenoun Ta Pedia,0.574,0.322,-12.252,0.0284,0.647,0.0112,0.117,0.25,82.52
Tsarleston,Pix Lax,Ta Dokaria Sto Grasidi Perimenoun Ta Pedia,0.696,0.663,-7.665,0.0376,0.123,0.00142,0.0531,0.71,147.143
Matzato,Pix Lax,Ta Dokaria Sto Grasidi Perimenoun Ta Pedia,0.571,0.426,-10.082,0.0299,0.862,0.00499,0.088,0.265,124.119
I Balada Tis Filakis Tou Reding (The Ballad Of Reading Goal),Pix Lax,Ta Dokaria Sto Grasidi Perimenoun Ta Pedia,0.62,0.276,-11.794,0.0372,0.821,0.209,0.111,0.294,120.975
Tou Marti I Himones,Pix Lax,Ta Dokaria Sto Grasidi Perimenoun Ta Pedia,0.383,0.248,-14.969,0.0348,0.693,0.00216,0.0932,0.187,121.018
Ladybird,Pix Lax,Ta Dokaria Sto Grasidi Perimenoun Ta Pedia,0.43,0.408,-8.821,0.0299,0.554,2.8e-05,0.21,0.176,132.061
Trans Atlantico,Pix Lax,Ta Dokaria Sto Grasidi Perimenoun Ta Pedia,0.143,0.271,-12.484,0.0352,0.736,0.961,0.259,0.153,140.86
Ta Dokaria Sto Grasidi Perimenoun Ta Pedia III,Pix Lax,Ta Dokaria Sto Grasidi Perimenoun Ta Pedia,0.16,0.0748,-19.036,0.0448,0.908,0.942,0.108,0.0329,131.968
Piso Mi M' Afineis,Thanos Mikroutsikos,Pame Xana Ap' Tin Arhi,0.425,0.484,-7.044,0.0256,0.527,0.0,0.104,0.159,83.915
Pame Xana Ap' Tin Archi,Thanos Mikroutsikos,Pame Xana Ap' Tin Arhi,0.692,0.39,-7.095,0.0264,0.569,0.0,0.0877,0.503,104.977
Panta Tha Klais Tis Kyriakes,Thanos Mikroutsikos,Pame Xana Ap' Tin Arhi,0.52,0.181,-11.496,0.0284,0.947,2.36e-05,0.117,0.164,78.155
Den Einai I Siopi Foni,Thanos Mikroutsikos,Pame Xana Ap' Tin Arhi,0.684,0.662,-6.144,0.042,0.272,0.0,0.0419,0.93,137.958
Kai Ti M' Afto,Thanos Mikroutsikos,Pame Xana Ap' Tin Arhi,0.498,0.565,-6.952,0.0331,0.327,0.0,0.0852,0.354,127.954
Pare Ti Zoi Mou Mia Ki Exo,Thanos Mikroutsikos,Pame Xana Ap' Tin Arhi,0.694,0.418,-9.124,0.0269,0.667,0.0,0.0905,0.232,118.023
Tha 'Rthoun Meres,Thanos Mikroutsikos,Pame Xana Ap' Tin Arhi,0.547,0.617,-6.262,0.0318,0.343,0.0,0.0688,0.175,103.97
Krata Anoichti Tin Agkalia,Thanos Mikroutsikos,Pame Xana Ap' Tin Arhi,0.723,0.406,-8.16,0.0256,0.639,0.0,0.104,0.282,109.116
Me Mia Niki Me Mia Itta,Thanos Mikroutsikos,Pame Xana Ap' Tin Arhi,0.598,0.754,-6.898,0.0472,0.0736,4.93e-05,0.0639,0.721,161.991
Kane Me Pali Na Mporo,Thanos Mikroutsikos,Pame Xana Ap' Tin Arhi,0.499,0.449,-7.164,0.0272,0.614,0.0,0.101,0.188,113.892
Ola Tha Ginoun,Thanos Mikroutsikos,Pame Xana Ap' Tin Arhi,0.707,0.613,-6.329,0.0401,0.25,0.0,0.0733,0.384,115.93
O Pitsirikas,Thanos Mikroutsikos,Pame Xana Ap' Tin Arhi,0.663,0.683,-6.102,0.0529,0.462,0.0,0.0936,0.346,136.191
Oi Hartografoi,Thanos Mikroutsikos,Pame Xana Ap' Tin Arhi,0.683,0.482,-5.851,0.0286,0.6,0.0,0.252,0.342,109.951
Esoterikoi Metanastes,Thanos Mikroutsikos,Pame Xana Ap' Tin Arhi,0.458,0.557,-6.156,0.038,0.749,0.0,0.0925,0.408,112.064
Lavyrinthos,Sokratis Malamas,Sokratis Malamas,0.66,0.272,-12.23,0.0269,0.812,3.6e-05,0.104,0.319,94.572
Ta Paidia Mes Stin Plateia,Sokratis Malamas,Sokratis Malamas,0.68,0.489,-7.802,0.0273,0.746,0.0166,0.129,0.636,92.518
O Kipos,Sokratis Malamas,Sokratis Malamas,0.633,0.214,-13.671,0.0397,0.933,0.111,0.0794,0.191,127.385
To Gramma,Sokratis Malamas,Sokratis Malamas,0.625,0.346,-9.327,0.027,0.559,0.0,0.0863,0.353,127.966
Tou Asotou,Sokratis Malamas,Sokratis Malamas,0.691,0.305,-12.998,0.0394,0.836,0.00308,0.086,0.375,132.068
Ase Ta Psemata,Sokratis Malamas,Sokratis Malamas,0.665,0.572,-7.08,0.0311,0.634,0.0162,0.239,0.819,118.691
Kalimera,Sokratis Malamas,Sokratis Malamas,0.514,0.509,-10.338,0.0385,0.714,0.00241,0.115,0.595,171.317
Taxidi,Sokratis Malamas,Sokratis Malamas,0.736,0.47,-9.625,0.0273,0.795,0.000117,0.102,0.679,128.675
Anavo Mia Fotia,Sokratis Malamas,Sokratis Malamas,0.686,0.411,-8.016,0.0305,0.74,0.000216,0.114,0.362,122.365
Einai Skotadi,Sokratis Malamas,Sokratis Malamas,0.62,0.533,-8.582,0.026,0.78,0.000528,0.108,0.699,92.87
Misi Pisti,Sokratis Malamas,Sokratis Malamas,0.419,0.307,-10.616,0.0462,0.821,0.000181,0.0841,0.313,181.672
"Eftyhies, Lypimenoi Kai Potes",Sokratis Malamas,Sokratis Malamas,0.576,0.369,-10.416,0.0301,0.821,3.31e-05,0.174,0.446,115.4
O Fylakas Ki O Vasilias,Sokratis Malamas,O Fylakas Kai O Vasilias,0.695,0.439,-8.249,0.0282,0.839,0.0211,0.098,0.197,127.91
Tipota De Hathike,Sokratis Malamas,O Fylakas Kai O Vasilias,0.663,0.647,-9.558,0.0263,0.518,0.171,0.121,0.565,102.069
Fylla Alkalika,Sokratis Malamas,O Fylakas Kai O Vasilias,0.629,0.401,-10.545,0.0311,0.657,0.000736,0.124,0.309,121.896
To Metaxi,Sokratis Malamas,O Fylakas Kai O Vasilias,0.496,0.622,-6.769,0.04,0.716,9.76e-06,0.109,0.212,122.186
Ola Zoun An Ta Thymasai,Sokratis Malamas,O Fylakas Kai O Vasilias,0.748,0.499,-6.849,0.0288,0.671,4.79e-05,0.168,0.465,113.926
Anisyhes Meres,Sokratis Malamas,O Fylakas Kai O Vasilias,0.456,0.239,-12.506,0.0354,0.849,0.00176,0.125,0.0713,126.051
Tou Chronou Ta Skylia,Sokratis Malamas,O Fylakas Kai O Vasilias,0.691,0.506,-7.087,0.0267,0.672,0.00203,0.163,0.412,133.98
Pouli Se Dentro Arhontiko,Sokratis Malamas,O Fylakas Kai O Vasilias,0.782,0.658,-6.398,0.0297,0.515,2.14e-05,0.0801,0.833,121.865
Anoigma Sta Perata,Sokratis Malamas,O Fylakas Kai O Vasilias,0.515,0.438,-8.446,0.0299,0.639,0.00871,0.121,0.391,149.95
To Limani,Sokratis Malamas,O Fylakas Kai O Vasilias,0.461,0.395,-8.67,0.0369,0.772,0.0,0.113,0.128,169.621
Epiase Vrohi,Sokratis Malamas,O Fylakas Kai O Vasilias,0.686,0.542,-6.977,0.0237,0.213,5.26e-05,0.287,0.422,92.001
Prigkipesa,Sokratis Malamas,O Fylakas Kai O Vasilias,0.771,0.488,-7.534,0.0345,0.507,0.0024,0.112,0.585,75.012
Hameno Rouho,Sokratis Malamas,O Fylakas Kai O Vasilias,0.58,0.486,-8.264,0.0515,0.542,8.66e-06,0.16,0.549,121.916
Lene,Melina Kana,Tis Meras Kai Tis Nychtas,0.742,0.558,-5.821,0.0331,0.0861,0.00129,0.109,0.397,98.089
Mavro Fos,Melina Kana,Tis Meras Kai Tis Nychtas,0.718,0.512,-6.385,0.0312,0.363,0.000144,0.128,0.653,100.084
Oi Astynomoi,Melina Kana,Tis Meras Kai Tis Nychtas,0.634,0.377,-6.973,0.0416,0.449,0.0,0.0818,0.44,128.776
Hilia Prosopa,Melina Kana,Tis Meras Kai Tis Nychtas,0.578,0.577,-5.716,0.0505,0.183,1.56e-05,0.32,0.483,173.86
M' Ena Giati,Melina Kana,Tis Meras Kai Tis Nychtas,0.701,0.383,-10.19,0.0329,0.648,0.000156,0.0909,0.535,120.515
Moiraia,Melina Kana,Tis Meras Kai Tis Nychtas,0.754,0.515,-5.431,0.0365,0.463,0.0,0.0679,0.633,116.848
Ki Esy Xechnas,Melina Kana,Tis Meras Kai Tis Nychtas,0.655,0.55,-5.311,0.0301,0.367,4.85e-05,0.113,0.554,136.603
Oi Dyo,Melina Kana,Tis Meras Kai Tis Nychtas,0.754,0.344,-5.63,0.0426,0.635,0.0,0.111,0.716,123.938
Alkoolika Stihakia,Melina Kana,Tis Meras Kai Tis Nychtas,0.788,0.537,-6.328,0.0298,0.47,3.88e-05,0.0941,0.565,97.02
Na Valo Ta Metaxota,Melina Kana,Tis Meras Kai Tis Nychtas,0.588,0.334,-7.134,0.0354,0.578,0.0,0.0975,0.139,127.676
Pies,Melina Kana,Tis Meras Kai Tis Nychtas,0.396,0.374,-9.528,0.0313,0.182,0.0401,0.519,0.274,126.71
Karavi Ston Toiho,Melina Kana,Perasma,0.626,0.426,-7.215,0.0255,0.73,0.00254,0.123,0.384,91.386
Vradynes Peripolies,Melina Kana,Perasma,0.499,0.425,-7.713,0.0257,0.862,7.66e-06,0.112,0.311,79.586
Defteroprima,Melina Kana,Perasma,0.56,0.39,-7.29,0.0303,0.832,2.76e-05,0.169,0.5,128.325
Oi Mystes Tis Erimou,Melina Kana,Perasma,0.728,0.382,-10.186,0.0353,0.937,0.0147,0.109,0.491,117.98
To Potami,Melina Kana,Perasma,0.527,0.465,-6.879,0.0291,0.869,0.000131,0.111,0.392,116.971
To Pithari Kai To Lyhnari,Melina Kana,Perasma,0.558,0.415,-9.059,0.0259,0.789,0.000624,0.111,0.272,98.215
Monopolio,Melina Kana,Perasma,0.597,0.507,-6.696,0.0347,0.676,6.11e-05,0.0849,0.643,141.617
Ta Frygana,Melina Kana,Perasma,0.429,0.541,-5.431,0.0262,0.77,3.35e-05,0.214,0.403,98.252
Akrovatis,Melina Kana,Perasma,0.492,0.284,-12.881,0.0307,0.858,0.0976,0.13,0.125,94.56
Iliggos,Melina Kana,Perasma,0.694,0.515,-7.124,0.0305,0.876,0.142,0.0987,0.472,129.104
Kolla Lefki,Melina Kana,Perasma,0.609,0.423,-7.086,0.0306,0.739,1.15e-06,0.122,0.655,134.252
To Thavma,Melina Kana,Perasma,0.588,0.435,-8.669,0.03,0.852,0.00101,0.101,0.138,111.0
Resta,Melina Kana,Perasma,0.451,0.506,-6.334,0.0282,0.666,0.00308,0.112,0.445,94.876
"To Potami, Pt. 2",Melina Kana,Perasma,0.374,0.317,-11.597,0.0404,0.881,0.0136,0.366,0.417,166.847
Karfi - San Kati Na Se Kaiei,Sokratis Malamas,Aspromavres Istories,0.863,0.519,-10.606,0.0424,0.753,0.313,0.139,0.826,120.117
Ola T' Arniemai,Sokratis Malamas,Aspromavres Istories,0.639,0.231,-15.123,0.0402,0.941,0.741,0.0955,0.441,128.501
Pairno Tous Dromous,Sokratis Malamas,Aspromavres Istories,0.446,0.156,-16.408,0.0321,0.954,0.161,0.111,0.272,99.554
Pino - Plirono Gia To Chthes,Sokratis Malamas,Aspromavres Istories,0.562,0.341,-13.957,0.0307,0.913,0.681,0.113,0.629,99.265
Laspes,Sokratis Malamas,Aspromavres Istories,0.594,0.873,-8.216,0.0764,0.601,0.000413,0.0621,0.706,135.511
Anases Viastikes,Sokratis Malamas,Aspromavres Istories,0.421,0.17,-16.324,0.0361,0.96,0.0749,0.107,0.144,185.885
Stella,Sokratis Malamas,Aspromavres Istories,0.661,0.76,-9.357,0.132,0.462,0.42,0.326,0.521,92.688
Panta Mystika,Sokratis Malamas,Aspromavres Istories,0.583,0.2,-12.779,0.0387,0.823,0.0128,0.13,0.277,124.797
Diekdiko Sklira,Sokratis Malamas,Aspromavres Istories,0.845,0.414,-10.247,0.0455,0.842,0.000145,0.113,0.509,132.12
Eho 40 Pyreto,Sokratis Malamas,Aspromavres Istories,0.533,0.211,-14.046,0.0402,0.901,0.799,0.119,0.193,94.389
Kalinychta,Sokratis Malamas,Aspromavres Istories,0.759,0.345,-12.968,0.0457,0.888,0.00733,0.131,0.688,116.107
Dyo Kai Alla Dyo Vimata,Sokratis Malamas,Aspromavres Istories,0.563,0.901,-6.673,0.234,0.291,0.000591,0.119,0.539,131.058
Min Polemas,Sokratis Malamas,Dromoi,0.688,0.575,-6.783,0.0255,0.579,0.0,0.109,0.702,99.975
Nyhterino,Sokratis Malamas,Dromoi,0.578,0.201,-13.235,0.0322,0.931,0.000269,0.113,0.146,139.175
Ta Xotika,Sokratis Malamas,Dromoi,0.659,0.631,-7.323,0.0254,0.797,0.0285,0.0746,0.738,90.038
I Alitheia Tou Kathena,Sokratis Malamas,Dromoi,0.299,0.234,-8.939,0.0311,0.855,0.000272,0.0894,0.217,89.522
Ta Tsimenta,Sokratis Malamas,Dromoi,0.769,0.529,-6.023,0.0331,0.789,0.000476,0.0867,0.576,135.817
Vgaino Nychta,Sokratis Malamas,Dromoi,0.597,0.705,-8.368,0.0268,0.814,0.0917,0.124,0.545,117.958
Souma,Sokratis Malamas,Dromoi,0.506,0.632,-7.042,0.0309,0.643,0.00038,0.146,0.59,180.227
Parastratimata,Sokratis Malamas,Dromoi,0.738,0.762,-7.992,0.0271,0.575,0.00202,0.351,0.879,133.275
Fleva,Sokratis Malamas,Dromoi,0.581,0.204,-11.26,0.0365,0.902,0.000212,0.103,0.394,123.972
Ta Daneia,Sokratis Malamas,Dromoi,0.696,0.623,-7.21,0.0275,0.724,2.38e-05,0.129,0.905,91.679
Prospatheis,Sokratis Malamas,Dromoi,0.72,0.502,-5.633,0.0336,0.637,0.0,0.127,0.667,131.748
Vasilissa Kardia,Sokratis Malamas,Dromoi,0.659,0.798,-5.317,0.0293,0.39,4.71e-06,0.333,0.961,94.223
To Paragogi,Sokratis Malamas,Dromoi,0.761,0.342,-10.014,0.0377,0.866,0.000431,0.0834,0.388,125.195
I Maska,Sokratis Malamas,Dromoi,0.715,0.516,-5.923,0.0297,0.596,1.36e-06,0.0819,0.698,143.901
Ta Spitia,Sokratis Malamas,Dromoi,0.703,0.46,-8.836,0.032,0.693,0.000722,0.158,0.471,117.524
Tis Nychtas Ta Parapona,Sokratis Malamas,13.000 Meres,0.566,0.435,-8.834,0.0325,0.48,0.000219,0.189,0.485,115.438
Petao petres,Sokratis Malamas,13.000 Meres,0.578,0.494,-8.972,0.0573,0.124,0.000585,0.238,0.641,136.341
Contrapunto,Sokratis Malamas,13.000 Meres,0.507,0.439,-10.125,0.0464,0.457,0.00013,0.117,0.321,153.91
Erotes,Sokratis Malamas,13.000 Meres,0.582,0.413,-11.197,0.0354,0.619,0.0171,0.0906,0.285,132.54
Skalopatia,Sokratis Malamas,13.000 Meres,0.701,0.51,-7.641,0.0308,0.631,0.0048,0.089,0.766,130.363
Tis Agkalias I Xenitia,Sokratis Malamas,13.000 Meres,0.428,0.33,-11.458,0.0338,0.657,0.00135,0.109,0.342,137.268
Dromo Allaxe O Aeras,Sokratis Malamas,13.000 Meres,0.701,0.51,-9.307,0.0358,0.464,0.000235,0.0765,0.753,85.996
To Nisi Ton Peiraton,Sokratis Malamas,13.000 Meres,0.68,0.328,-10.744,0.044,0.624,0.000193,0.115,0.2,137.944
13.000 Meres,Sokratis Malamas,13.000 Meres,0.48,0.366,-14.381,0.0328,0.532,0.349,0.101,0.269,117.887
Synitheia Dihty,Sokratis Malamas,13.000 Meres,0.526,0.336,-9.821,0.0334,0.665,8.42e-06,0.16,0.355,117.195
I Xehasmeni Mou Zoi,Sokratis Malamas,13.000 Meres,0.603,0.513,-7.455,0.0358,0.447,0.000178,0.253,0.537,161.868
Dekemvris 1903,Sokratis Malamas,13.000 Meres,0.504,0.291,-13.017,0.0367,0.481,0.26,0.235,0.177,140.872
Mantis,Sokratis Malamas,To Adeio Domatio,0.714,0.495,-12.453,0.0306,0.71,0.102,0.105,0.208,135.31
To Oneiro,Sokratis Malamas,To Adeio Domatio,0.475,0.539,-13.286,0.0357,0.681,0.708,0.107,0.553,103.957
Prosopa,Sokratis Malamas,To Adeio Domatio,0.514,0.272,-17.538,0.0432,0.793,0.278,0.0781,0.14,129.701
Paihnidi Me Ta Mavra,Sokratis Malamas,To Adeio Domatio,0.578,0.67,-8.91,0.0265,0.134,0.0157,0.111,0.793,106.833
Zografos,Sokratis Malamas,To Adeio Domatio,0.462,0.595,-10.217,0.0551,0.0776,0.0062,0.147,0.474,73.285
Adeio Domatio,Sokratis Malamas,To Adeio Domatio,0.34,0.422,-10.563,0.0361,0.528,0.165,0.0989,0.409,64.178
Gynaika,Sokratis Malamas,To Adeio Domatio,0.595,0.44,-14.551,0.0372,0.697,0.00464,0.0922,0.441,83.15
O Magos,Sokratis Malamas,To Adeio Domatio,0.696,0.565,-12.415,0.044,0.406,0.0171,0.0912,0.421,130.68
Arrito,Sokratis Malamas,To Adeio Domatio,0.564,0.179,-15.874,0.0354,0.798,1.46e-05,0.0906,0.151,127.97
Spilia Tou Drakou,Sokratis Malamas,To Adeio Domatio,0.757,0.376,-10.491,0.0277,0.131,0.526,0.145,0.841,102.94
Stachti,Sokratis Malamas,To Adeio Domatio,0.376,0.384,-14.873,0.038,0.882,0.302,0.151,0.519,98.893
Thiasos,Sokratis Malamas,To Adeio Domatio,0.526,0.784,-7.056,0.0327,0.0148,0.68,0.0964,0.44,102.959
Mia Volta Sta Vathia,Sokratis Malamas,Paramythia,0.527,0.414,-9.634,0.0302,0.606,0.00151,0.143,0.37,173.469
Pame Na Fygoume,Sokratis Malamas,Paramythia,0.551,0.235,-10.91,0.0283,0.749,0.000106,0.156,0.239,91.956
Kynigao Ti Skia Mou,Sokratis Malamas,Paramythia,0.64,0.32,-10.279,0.0391,0.739,1.43e-05,0.115,0.502,152.422
Zitianos Para,Sokratis Malamas,Paramythia,0.643,0.347,-11.44,0.0382,0.697,0.000223,0.108,0.219,97.377
Arahni,Sokratis Malamas,Paramythia,0.747,0.229,-14.396,0.0361,0.756,8.34e-06,0.0959,0.296,128.216
Monologos Trelou,Sokratis Malamas,Paramythia,0.603,0.433,-10.621,0.0345,0.77,0.00752,0.0964,0.436,183.057
Kirki,Sokratis Malamas,Paramythia,0.692,0.395,-9.991,0.0289,0.481,0.0108,0.132,0.486,95.601
O Kairos,Sokratis Malamas,Paramythia,0.604,0.247,-13.284,0.0424,0.773,0.00209,0.115,0.286,121.506
Kanenas Den Xerei,Sokratis Malamas,Paramythia,0.576,0.334,-12.041,0.0278,0.703,0.0108,0.111,0.372,86.422
Me Pnigeis,Sokratis Malamas,Paramythia,0.675,0.177,-13.669,0.0333,0.892,0.0149,0.103,0.199,77.812
Pontikia Stin Agora,Sokratis Malamas,Paramythia,0.606,0.32,-14.317,0.035,0.721,0.00692,0.104,0.379,88.464
Gia Tin Ellada,Sokratis Malamas,Kyklos,0.392,0.372,-12.67,0.0278,0.789,0.57,0.117,0.307,84.498
Ta Pagia,Sokratis Malamas,Kyklos,0.696,0.518,-8.692,0.0273,0.276,0.129,0.126,0.705,124.868
Rififi,Sokratis Malamas,Kyklos,0.734,0.504,-10.118,0.0295,0.93,0.02,0.201,0.873,138.329
S' Agapo,Sokratis Malamas,Kyklos,0.393,0.498,-10.389,0.0413,0.695,0.209,0.125,0.606,165.612
O Theos,Sokratis Malamas,Kyklos,0.69,0.559,-8.493,0.0276,0.516,0.671,0.135,0.551,105.429
Dyo - Treis Kouventes,Sokratis Malamas,Kyklos,0.646,0.498,-10.211,0.0328,0.826,0.622,0.0932,0.62,94.604
Tis Artas To Gefyri,Sokratis Malamas,Kyklos,0.771,0.384,-9.135,0.0336,0.592,0.0157,0.111,0.588,132.578
To Tragoudi Tou Methysmenou,Sokratis Malamas,Kyklos,0.685,0.539,-9.654,0.0338,0.699,0.63,0.104,0.666,86.434
Doro Tou Kosmou,Sokratis Malamas,Kyklos,0.508,0.441,-10.025,0.0282,0.431,0.819,0.227,0.317,126.487
Tsigaro Ateleioto,Sokratis Malamas,Kyklos,0.593,0.541,-9.759,0.0305,0.201,0.134,0.114,0.583,91.746
Faltsos Chrismos,Sokratis Malamas,Kyklos,0.754,0.644,-8.197,0.0339,0.378,0.0,0.174,0.858,132.422
Na Rotas,Sokratis Malamas,Kyklos,0.574,0.182,-13.377,0.033,0.945,0.602,0.15,0.101,122.158
Se Votsalo,Maria Thoidou,Tis Nychtas Ta Makria Mallia,0.515,0.166,-17.511,0.0334,0.972,0.0454,0.19,0.23,112.617
Tis Nychtas Ta Makria Mallia,Maria Thoidou,Tis Nychtas Ta Makria Mallia,0.353,0.402,-10.37,0.0322,0.799,0.198,0.0969,0.373,145.927
Outi Gia To Chrono,Maria Thoidou,Tis Nychtas Ta Makria Mallia,0.537,0.251,-17.202,0.0579,0.894,0.794,0.0807,0.182,134.407
Tou Chronou,Maria Thoidou,Tis Nychtas Ta Makria Mallia,0.415,0.192,-14.482,0.0366,0.963,0.000601,0.113,0.25,119.546
Hilies Kardies,Maria Thoidou,Tis Nychtas Ta Makria Mallia,0.414,0.423,-11.907,0.0358,0.928,0.114,0.0909,0.66,141.496
Pethymia,Maria Thoidou,Tis Nychtas Ta Makria Mallia,0.374,0.156,-15.809,0.0408,0.698,0.00232,0.176,0.0787,121.843
Taximi Gia To Vlemma Sou,Maria Thoidou,Tis Nychtas Ta Makria Mallia,0.402,0.655,-14.096,0.0432,0.622,0.875,0.374,0.493,151.938
To Vlemma Sou To Erotiko,Maria Thoidou,Tis Nychtas Ta Makria Mallia,0.627,0.309,-13.154,0.0451,0.538,0.000869,0.152,0.295,96.403
Tou Ponou,Maria Thoidou,Tis Nychtas Ta Makria Mallia,0.456,0.36,-11.542,0.0339,0.767,0.282,0.0749,0.245,120.116
To Gefyris Tis Dramas,Maria Thoidou,Tis Nychtas Ta Makria Mallia,0.4,0.193,-12.917,0.0413,0.915,1.64e-05,0.0992,0.185,180.349
Kokkino Piperi,Maria Thoidou,Tis Nychtas Ta Makria Mallia,0.552,0.0604,-22.201,0.0426,0.983,0.0365,0.137,0.145,112.947
Taxidi Kai Epistrofi,Maria Thoidou,Tis Nychtas Ta Makria Mallia,0.418,0.212,-17.969,0.0378,0.985,0.863,0.1,0.234,119.956
Kleino Ta Matia,Maria Thoidou,Tis Nychtas Ta Makria Mallia,0.249,0.11,-15.023,0.0363,0.985,0.0762,0.148,0.0914,79.523
Ap' Tin Akti Mehri To Kyma,Maria Thoidou,Tis Nychtas Ta Makria Mallia,0.531,0.475,-9.603,0.0318,0.912,0.00218,0.2,0.902,135.56
Notias,Sokratis Malamas,Ena,0.414,0.42,-11.405,0.0408,0.936,0.234,0.107,0.324,100.502
Tis Siopis,Sokratis Malamas,Ena,0.634,0.535,-5.173,0.0269,0.831,3.16e-06,0.0965,0.576,134.883
Nyhtolouloutho,Sokratis Malamas,Ena,0.7,0.35,-7.895,0.0356,0.914,0.00806,0.115,0.452,124.908
I Skia,Sokratis Malamas,Ena,0.545,0.683,-4.955,0.0298,0.831,0.106,0.0737,0.451,96.873
To Kathreftaki,Sokratis Malamas,Ena,0.605,0.372,-7.76,0.0301,0.885,0.000759,0.119,0.211,122.319
To Agkathi,Sokratis Malamas,Ena,0.552,0.594,-5.073,0.0292,0.842,2.88e-06,0.143,0.527,91.773
Tou Erota,Sokratis Malamas,Ena,0.509,0.252,-11.207,0.0306,0.905,0.251,0.295,0.096,101.553
Ta Diodia,Sokratis Malamas,Ena,0.558,0.486,-5.736,0.0297,0.761,0.0023,0.087,0.589,171.458
Efhes,Sokratis Malamas,Ena,0.714,0.535,-5.997,0.0275,0.802,3.35e-05,0.179,0.777,89.393
To Porfyro Potami,Sokratis Malamas,Ena,0.414,0.403,-11.663,0.0313,0.948,0.396,0.134,0.0365,94.226
Palirroia,Sokratis Malamas,Ena,0.548,0.458,-7.457,0.0316,0.799,0.0159,0.0957,0.331,145.947
Neraida,Sokratis Malamas,Ena,0.377,0.644,-6.577,0.0316,0.801,0.000207,0.161,0.446,160.568
Simata Fosforika,Sokratis Malamas,Ena,0.61,0.35,-8.206,0.0321,0.929,5.55e-05,0.114,0.409,112.607
Eftases Idi,Sokratis Malamas,Ena,0.581,0.357,-12.891,0.0374,0.83,0.899,0.117,0.214,155.418
Zousa Monahos Horis Agapi - Remastered,Sotiria Bellou,"Ta Rempetika Tis Sotirias Bellou, Vol. 2 (Remastered)",0.86,0.356,-8.617,0.0376,0.43,0.00036,0.0271,0.737,98.104
Ntermpenterissa - Remastered,Sotiria Bellou,"Ta Rempetika Tis Sotirias Bellou, Vol. 2 (Remastered)",0.78,0.367,-8.789,0.0603,0.633,0.0,0.15,0.738,143.138
Fyge Giati Me Tyrannas - Remastered,Sotiria Bellou,"Ta Rempetika Tis Sotirias Bellou, Vol. 2 (Remastered)",0.577,0.732,-7.563,0.0677,0.3,0.00148,0.336,0.955,179.919
To Paidi Pou Eihes Filo - Remastered,Sotiria Bellou,"Ta Rempetika Tis Sotirias Bellou, Vol. 2 (Remastered)",0.761,0.429,-6.845,0.0503,0.721,2.31e-06,0.0661,0.726,141.513
Pali Stis Treis Irthes Ehthes Na Koimitheis - Remastered,Sotiria Bellou,"Ta Rempetika Tis Sotirias Bellou, Vol. 2 (Remastered)",0.798,0.397,-7.238,0.0721,0.545,2.17e-06,0.0726,0.934,134.391
Xekina Mia Psaropoula - Remastered,Sotiria Bellou,"Ta Rempetika Tis Sotirias Bellou, Vol. 2 (Remastered)",0.556,0.631,-7.535,0.0469,0.478,0.0557,0.106,0.93,169.977
Apopse Kaneis Mpam - Remastered,Sotiria Bellou,"Ta Rempetika Tis Sotirias Bellou, Vol. 2 (Remastered)",0.893,0.433,-6.611,0.0546,0.726,1.81e-05,0.0894,0.863,124.328
Treis Stagones Dilitirio - Remastered,Sotiria Bellou,"Ta Rempetika Tis Sotirias Bellou, Vol. 2 (Remastered)",0.82,0.749,-6.48,0.0364,0.289,1.76e-05,0.0465,0.939,94.052
San Pethano Sto Karavi - Remastered,Sotiria Bellou,"Ta Rempetika Tis Sotirias Bellou, Vol. 2 (Remastered)",0.747,0.542,-6.028,0.0404,0.736,1.54e-05,0.093,0.585,119.015
Enas Satrapis Thilykos - Remastered,Sotiria Bellou,"Ta Rempetika Tis Sotirias Bellou, Vol. 2 (Remastered)",0.695,0.714,-6.288,0.0603,0.54,0.000356,0.0346,0.884,139.645
Otan Pineis Stin Taverna - Remastered,Sotiria Bellou,"Ta Rempetika Tis Sotirias Bellou, Vol. 2 (Remastered)",0.884,0.501,-6.571,0.0447,0.657,1.78e-06,0.0878,0.89,107.184
O Zeppos - Remastered,Sotiria Bellou,"Ta Rempetika Tis Sotirias Bellou, Vol. 2 (Remastered)",0.867,0.637,-7.003,0.0466,0.321,0.0264,0.0758,0.933,112.971
I Koinonia - Remastered,Sotiria Bellou,"Ta Rempetika Tis Sotirias Bellou, Vol. 4 (Remastered)",0.613,0.539,-4.278,0.0363,0.659,0.0,0.0749,0.837,122.531
Hatzikyriakeio - Remastered,Sotiria Bellou,"Ta Rempetika Tis Sotirias Bellou, Vol. 4 (Remastered)",0.677,0.655,-5.386,0.0276,0.5,0.0,0.257,0.938,94.068
O Naftis - Remastered,Sotiria Bellou,"Ta Rempetika Tis Sotirias Bellou, Vol. 4 (Remastered)",0.635,0.485,-6.36,0.03,0.743,0.0,0.0892,0.869,146.668
Mazi Sou Pou 'Ho Mplexei - Remastered,Sotiria Bellou,"Ta Rempetika Tis Sotirias Bellou, Vol. 4 (Remastered)",0.751,0.508,-6.874,0.0406,0.442,1.54e-06,0.163,0.628,103.11
Ta Kavourakia - Remastered,Sotiria Bellou,"Ta Rempetika Tis Sotirias Bellou, Vol. 4 (Remastered)",0.629,0.591,-5.682,0.0333,0.708,6.16e-06,0.221,0.932,145.1
"Ase Me, Ase Me - Remastered",Sotiria Bellou,"Ta Rempetika Tis Sotirias Bellou, Vol. 4 (Remastered)",0.602,0.519,-5.1,0.0332,0.521,0.0,0.274,0.491,133.948
M' Eheis Kanei San Koureli - Remastered,Sotiria Bellou,"Ta Rempetika Tis Sotirias Bellou, Vol. 4 (Remastered)",0.703,0.583,-4.963,0.0273,0.603,3.71e-06,0.28,0.848,77.535
Synnefiasmeni Kyriaki - Remastered,Sotiria Bellou,"Ta Rempetika Tis Sotirias Bellou, Vol. 4 (Remastered)",0.588,0.701,-4.009,0.0317,0.567,0.0,0.112,0.707,145.267
Gia Mena To Kalo Paidi - Remastered,Sotiria Bellou,"Ta Rempetika Tis Sotirias Bellou, Vol. 4 (Remastered)",0.818,0.589,-4.637,0.0705,0.718,9e-06,0.0502,0.693,119.144
Htypaei I Kampana - Remastered,Sotiria Bellou,"Ta Rempetika Tis Sotirias Bellou, Vol. 4 (Remastered)",0.636,0.572,-5.427,0.0304,0.474,5.34e-06,0.323,0.619,143.344
Arampas Perna - Remastered,Sotiria Bellou,"Ta Rempetika Tis Sotirias Bellou, Vol. 4 (Remastered)",0.879,0.598,-5.48,0.046,0.419,0.00018,0.0771,0.563,110.326
Liga Psyhoula Agapis Sou Gyrevo - Remastered,Sotiria Bellou,"Ta Rempetika Tis Sotirias Bellou, Vol. 4 (Remastered)",0.558,0.447,-7.497,0.0348,0.825,4.25e-06,0.213,0.771,83.75
Mi Mou Xanafygeis Pia - Remastered,Sotiria Bellou,"Ta Rempetika Tis Sotirias Bellou, Vol. 6 (Remastered)",0.651,0.787,-2.406,0.0532,0.695,1.45e-06,0.0549,0.647,151.798
O Mahalomagkas - Remastered,Sotiria Bellou,"Ta Rempetika Tis Sotirias Bellou, Vol. 6 (Remastered)",0.752,0.731,-2.664,0.0399,0.667,0.0,0.0474,0.932,74.955
Peftoun Tis Vrohis Oi Stales - Remastered,Sotiria Bellou,"Ta Rempetika Tis Sotirias Bellou, Vol. 6 (Remastered)",0.659,0.789,-3.6,0.0351,0.15,0.0,0.214,0.477,132.444
To Tsifteteli Tou Tsitsani - Remastered,Sotiria Bellou,"Ta Rempetika Tis Sotirias Bellou, Vol. 6 (Remastered)",0.772,0.849,-3.188,0.0345,0.442,3.03e-06,0.3,0.935,129.07
Poia Kardia De Tha Raisei - Remastered,Sotiria Bellou,"Ta Rempetika Tis Sotirias Bellou, Vol. 6 (Remastered)",0.721,0.601,-3.881,0.0359,0.433,0.0,0.107,0.611,122.292
Megalo Pono Mou 'Vales - Remastered,Sotiria Bellou,"Ta Rempetika Tis Sotirias Bellou, Vol. 6 (Remastered)",0.733,0.65,-2.562,0.0361,0.46,0.0,0.208,0.645,97.649
Katigoro Tin Koinonia - Remastered,Sotiria Bellou,"Ta Rempetika Tis Sotirias Bellou, Vol. 6 (Remastered)",0.737,0.722,-3.853,0.0353,0.485,3.22e-06,0.104,0.782,144.289
Ego 'Mai To Mpegleri Sou - Remastered,Sotiria Bellou,"Ta Rempetika Tis Sotirias Bellou, Vol. 6 (Remastered)",0.722,0.664,-3.416,0.0348,0.674,0.0,0.102,0.954,130.732
To Thyma - Remastered,Sotiria Bellou,"Ta Rempetika Tis Sotirias Bellou, Vol. 6 (Remastered)",0.734,0.71,-2.747,0.0319,0.318,0.0,0.235,0.766,134.549
O Travmatias - Remastered,Sotiria Bellou,"Ta Rempetika Tis Sotirias Bellou, Vol. 6 (Remastered)",0.686,0.662,-3.285,0.029,0.558,0.0,0.211,0.873,139.277
Paixte Mpouzoukia - Remastered,Sotiria Bellou,"Ta Rempetika Tis Sotirias Bellou, Vol. 6 (Remastered)",0.756,0.554,-4.698,0.0339,0.332,0.0,0.206,0.663,108.99
Dyo Portes Ehei I Zoi (To Teleftaio Vrady Mou) - Remastered,Sotiria Bellou,"Ta Rempetika Tis Sotirias Bellou, Vol. 3 (Remastered)",0.722,0.533,-5.831,0.0322,0.448,0.0,0.331,0.674,124.508
Eimai Ena Paliopaido - Remastered,Sotiria Bellou,"Ta Rempetika Tis Sotirias Bellou, Vol. 3 (Remastered)",0.527,0.436,-8.863,0.05,0.397,0.000243,0.161,0.56,69.928
Horisame Ena Deilino - Remastered,Sotiria Bellou,"Ta Rempetika Tis Sotirias Bellou, Vol. 3 (Remastered)",0.715,0.65,-7.442,0.0392,0.547,0.0278,0.273,0.961,76.601
To Kainourgio Holigount - Remastered,Sotiria Bellou,"Ta Rempetika Tis Sotirias Bellou, Vol. 3 (Remastered)",0.75,0.683,-6.609,0.0329,0.848,1.45e-05,0.0556,0.889,96.629
I Hartorihtra - Remastered,Sotiria Bellou,"Ta Rempetika Tis Sotirias Bellou, Vol. 3 (Remastered)",0.674,0.7,-6.211,0.0336,0.608,3.27e-06,0.135,0.895,81.917
To Gelekaki - Remastered,Sotiria Bellou,"Ta Rempetika Tis Sotirias Bellou, Vol. 3 (Remastered)",0.67,0.546,-6.228,0.033,0.716,3.38e-05,0.109,0.648,139.975
"Dodeka I Ora Tha 'Rtho, Vre Mario - Remastered",Sotiria Bellou,"Ta Rempetika Tis Sotirias Bellou, Vol. 3 (Remastered)",0.851,0.796,-6.352,0.0367,0.445,0.000254,0.197,0.966,80.335
San Apokliros Gyrizo - Remastered,Sotiria Bellou,"Ta Rempetika Tis Sotirias Bellou, Vol. 3 (Remastered)",0.717,0.5,-7.142,0.0321,0.764,0.00136,0.092,0.763,135.193
"Prohtes, Ehtes Kai Simera - Remastered",Sotiria Bellou,"Ta Rempetika Tis Sotirias Bellou, Vol. 3 (Remastered)",0.691,0.57,-6.961,0.0342,0.716,6.47e-06,0.0865,0.641,79.803
Ta Kala Paidia - Remastered,Sotiria Bellou,"Ta Rempetika Tis Sotirias Bellou, Vol. 3 (Remastered)",0.783,0.459,-7.469,0.0352,0.6,0.000102,0.131,0.563,108.078
Panta Periplanomenos - Remastered,Sotiria Bellou,"Ta Rempetika Tis Sotirias Bellou, Vol. 3 (Remastered)",0.686,0.565,-7.449,0.034,0.391,0.000291,0.255,0.864,140.835
Kato Ap' To Svisto Fanari - Remastered,Sotiria Bellou,"Ta Rempetika Tis Sotirias Bellou, Vol. 3 (Remastered)",0.579,0.546,-6.262,0.0351,0.757,1.58e-06,0.341,0.764,142.702
Ximeronei Kai Vradiazei - Remastered,Sotiria Bellou,"Ta Rempetika Tis Sotirias Bellou, Vol. 5 (Remastered)",0.773,0.818,-4.085,0.0317,0.784,0.208,0.386,0.967,98.743
To Kalopaido - Remastered,Sotiria Bellou,"Ta Rempetika Tis Sotirias Bellou, Vol. 5 (Remastered)",0.686,0.581,-5.187,0.0417,0.815,0.000113,0.122,0.84,148.281
Antilanoune Ta Vouna - Remastered,Sotiria Bellou,"Ta Rempetika Tis Sotirias Bellou, Vol. 5 (Remastered)",0.67,0.529,-4.542,0.04,0.789,8.44e-05,0.0909,0.767,131.386
Fyge Loipon Kai Ase Me - Remastered,Sotiria Bellou,"Ta Rempetika Tis Sotirias Bellou, Vol. 5 (Remastered)",0.819,0.719,-4.807,0.0381,0.855,3.11e-05,0.108,0.965,134.203
Ton Logo Sou Den Kratises - Remastered,Sotiria Bellou,"Ta Rempetika Tis Sotirias Bellou, Vol. 5 (Remastered)",0.752,0.613,-4.013,0.0329,0.745,0.000677,0.145,0.684,133.649
Mas Zilevoune - Remastered,Sotiria Bellou,"Ta Rempetika Tis Sotirias Bellou, Vol. 5 (Remastered)",0.579,0.558,-5.342,0.0301,0.717,5.65e-06,0.0788,0.907,148.681
Nychtose Horis Feggari - Remastered,Sotiria Bellou,"Ta Rempetika Tis Sotirias Bellou, Vol. 5 (Remastered)",0.579,0.484,-5.221,0.0314,0.868,0.00188,0.0914,0.48,127.994
Kai Poia Gynaika Den Xetrelaineis - Remastered,Sotiria Bellou,"Ta Rempetika Tis Sotirias Bellou, Vol. 5 (Remastered)",0.634,0.639,-5.475,0.0362,0.822,0.000288,0.121,0.887,158.052
Me Vrikes Mes Sti Ftoheia Mou - Remastered,Sotiria Bellou,"Ta Rempetika Tis Sotirias Bellou, Vol. 5 (Remastered)",0.628,0.462,-5.533,0.0436,0.803,0.00528,0.0931,0.856,182.887
To Teleftaio Gramma Sou - Remastered,Sotiria Bellou,"Ta Rempetika Tis Sotirias Bellou, Vol. 5 (Remastered)",0.77,0.588,-4.852,0.0387,0.774,0.000493,0.107,0.904,140.669
Anapse To Tsigaro - Remastered,Sotiria Bellou,"Ta Rempetika Tis Sotirias Bellou, Vol. 5 (Remastered)",0.768,0.687,-5.308,0.0338,0.703,0.0011,0.0491,0.88,129.113
S' Ena Vraho Fagomeno - Remastered,Sotiria Bellou,"Ta Rempetika Tis Sotirias Bellou, Vol. 5 (Remastered)",0.629,0.465,-6.087,0.0334,0.812,0.0168,0.193,0.694,130.691
Prin To Harama Monahos,Sotiria Bellou,"Ta Rempetika Tis Sotirias Bellou, Vol. 11 (Prin To Harama)",0.676,0.527,-6.126,0.0282,0.568,0.000287,0.123,0.761,127.196
Den Kratisa Prodothika,Sotiria Bellou,"Ta Rempetika Tis Sotirias Bellou, Vol. 11 (Prin To Harama)",0.609,0.581,-5.126,0.0311,0.542,0.00742,0.0919,0.963,141.557
I Mikri Tou Kamilieri,Sotiria Bellou,"Ta Rempetika Tis Sotirias Bellou, Vol. 11 (Prin To Harama)",0.7,0.765,-4.862,0.0314,0.604,1.2e-05,0.0634,0.872,148.765
Ehoun Kardia Kai Oi Ftohoi,Sotiria Bellou,"Ta Rempetika Tis Sotirias Bellou, Vol. 11 (Prin To Harama)",0.691,0.523,-5.205,0.0365,0.549,0.00441,0.129,0.83,110.068
To Diko Sou To Marazi,Sotiria Bellou,"Ta Rempetika Tis Sotirias Bellou, Vol. 11 (Prin To Harama)",0.727,0.662,-5.055,0.0285,0.399,1.41e-05,0.0787,0.867,90.525
O Mpohoris,Sotiria Bellou,"Ta Rempetika Tis Sotirias Bellou, Vol. 11 (Prin To Harama)",0.71,0.527,-5.433,0.038,0.699,0.00277,0.299,0.698,141.838
Pos Tha Perasei I Vradia,Sotiria Bellou,"Ta Rempetika Tis Sotirias Bellou, Vol. 11 (Prin To Harama)",0.78,0.712,-4.964,0.0266,0.624,1.23e-05,0.249,0.909,94.583
Skalopati Skalopati,Sotiria Bellou,"Ta Rempetika Tis Sotirias Bellou, Vol. 11 (Prin To Harama)",0.685,0.662,-4.687,0.0321,0.685,1.59e-05,0.263,0.854,130.84
Sta Kapileia Gyrizo,Sotiria Bellou,"Ta Rempetika Tis Sotirias Bellou, Vol. 11 (Prin To Harama)",0.8,0.5,-4.913,0.0364,0.688,0.00266,0.0545,0.846,151.295
Eimai Apopse Sta Merakia,Sotiria Bellou,"Ta Rempetika Tis Sotirias Bellou, Vol. 11 (Prin To Harama)",0.615,0.727,-4.092,0.0317,0.729,0.000587,0.124,0.945,142.905
To Xero Mou To Kefali,Sotiria Bellou,"Ta Rempetika Tis Sotirias Bellou, Vol. 11 (Prin To Harama)",0.702,0.646,-4.663,0.0318,0.528,9.89e-05,0.097,0.717,90.17
Restoi Kai Mpatirides,Sotiria Bellou,"Ta Rempetika Tis Sotirias Bellou, Vol. 11 (Prin To Harama)",0.767,0.527,-4.853,0.0382,0.664,0.0,0.106,0.88,143.777
Karotseri Trava - Remastered,Sotiria Bellou,"Ta Rempetika Tis Sotirias Bellou, Vol. 10 (Remastered)",0.739,0.712,-5.935,0.0309,0.549,0.0434,0.0674,0.858,94.701
Aliti M' Eipes Mia Vradia - Remastered,Sotiria Bellou,"Ta Rempetika Tis Sotirias Bellou, Vol. 10 (Remastered)",0.729,0.57,-6.252,0.0345,0.272,0.0,0.106,0.814,139.174
I Amaxa Mes Sti Vrohi - Remastered,Sotiria Bellou,"Ta Rempetika Tis Sotirias Bellou, Vol. 10 (Remastered)",0.71,0.543,-6.616,0.0423,0.598,0.000173,0.299,0.8,98.145
O Pasas - Remastered,Sotiria Bellou,"Ta Rempetika Tis Sotirias Bellou, Vol. 10 (Remastered)",0.716,0.695,-5.992,0.0328,0.493,0.0,0.203,0.862,88.02
Kardia Paraponiara - Remastered,Sotiria Bellou,"Ta Rempetika Tis Sotirias Bellou, Vol. 10 (Remastered)",0.695,0.486,-6.8,0.0311,0.489,2.25e-06,0.169,0.726,128.501
I Maro - Remastered,Sotiria Bellou,"Ta Rempetika Tis Sotirias Bellou, Vol. 10 (Remastered)",0.659,0.825,-6.808,0.0329,0.372,0.000394,0.0695,0.944,103.763
O Xenychtis - Remastered,Sotiria Bellou,"Ta Rempetika Tis Sotirias Bellou, Vol. 10 (Remastered)",0.713,0.612,-5.978,0.0345,0.463,0.0,0.213,0.716,140.906
Vaggelio Den Eisai Entaxei - Remastered,Sotiria Bellou,"Ta Rempetika Tis Sotirias Bellou, Vol. 10 (Remastered)",0.606,0.606,-6.729,0.0399,0.578,0.0,0.0716,0.848,166.335
To Nychtopouli - Remastered,Sotiria Bellou,"Ta Rempetika Tis Sotirias Bellou, Vol. 10 (Remastered)",0.506,0.56,-7.021,0.0374,0.388,1.51e-05,0.137,0.803,190.935
To Gkriniariko - Remastered,Sotiria Bellou,"Ta Rempetika Tis Sotirias Bellou, Vol. 10 (Remastered)",0.676,0.545,-5.913,0.0302,0.515,0.0,0.304,0.745,87.134
Kokkiniotissa - Remastered,Sotiria Bellou,"Ta Rempetika Tis Sotirias Bellou, Vol. 10 (Remastered)",0.733,0.6,-6.066,0.0366,0.299,0.0,0.241,0.878,119.258
Tha 'Rthei Mia Mera Na Ponas - Remastered,Sotiria Bellou,"Ta Rempetika Tis Sotirias Bellou, Vol. 10 (Remastered)",0.673,0.716,-5.521,0.0332,0.6,0.0,0.292,0.84,148.506
Min To Peis Pouthena,Stathis Drogosis,I Agapi Sto Telos,0.472,0.713,-7.969,0.0457,0.0146,0.041,0.197,0.273,84.004
Box,Stathis Drogosis,I Agapi Sto Telos,0.501,0.897,-3.462,0.041,8.03e-05,0.33,0.101,0.501,122.03
Paidi Xana,Stathis Drogosis,I Agapi Sto Telos,0.561,0.832,-3.462,0.0235,0.0524,0.00749,0.134,0.432,96.023
De Se Xehno,Stathis Drogosis,I Agapi Sto Telos,0.513,0.58,-6.099,0.0269,0.378,0.00964,0.188,0.413,144.143
Nychta,Stathis Drogosis,I Agapi Sto Telos,0.461,0.656,-5.823,0.0304,0.0149,0.0208,0.1,0.241,94.042
Pinelopi,Stathis Drogosis,I Agapi Sto Telos,0.431,0.434,-7.221,0.0265,0.0205,0.157,0.171,0.126,151.702
Aplo Tragoudi,Stathis Drogosis,I Agapi Sto Telos,0.257,0.754,-5.146,0.0417,0.0115,0.00315,0.0746,0.279,207.824
Fylaki,Stathis Drogosis,I Agapi Sto Telos,0.271,0.504,-6.808,0.0268,0.373,0.0185,0.272,0.138,95.861
Ta Megala Stelehi,Stathis Drogosis,I Agapi Sto Telos,0.483,0.511,-8.247,0.0363,0.172,0.0301,0.308,0.26,140.073
To Gelio Sou,Stathis Drogosis,I Agapi Sto Telos,0.175,0.347,-9.606,0.0315,0.343,0.787,0.0694,0.09,147.795
De Se Xehno - Acoustic Version,Stathis Drogosis,I Agapi Sto Telos,0.543,0.233,-13.503,0.0416,0.866,0.000612,0.152,0.279,134.593
Pou 'Ne Ta Hronia - Remastered,Various Artists,Stavros Kougioumtzis - Ta Megala Tragoudia,0.443,0.642,-6.919,0.0377,0.625,0.0,0.0833,0.781,141.002
O Ouranos Fevgi Varis,Various Artists,Stavros Kougioumtzis - Ta Megala Tragoudia,0.342,0.41,-7.539,0.0318,0.331,1.91e-05,0.37,0.298,106.778
Tou Kato Kosmou Ta Poulia,Various Artists,Stavros Kougioumtzis - Ta Megala Tragoudia,0.653,0.523,-5.363,0.0315,0.472,0.0,0.056,0.698,125.152
Hronia San Vrohi,Various Artists,Stavros Kougioumtzis - Ta Megala Tragoudia,0.602,0.589,-5.919,0.0467,0.401,0.0,0.0614,0.839,170.855
To Sakaki Mou Ki An Stazi,Various Artists,Stavros Kougioumtzis - Ta Megala Tragoudia,0.548,0.442,-7.465,0.0329,0.321,0.0,0.142,0.74,124.166
Tha 'Tan 12 Tou Marti,Various Artists,Stavros Kougioumtzis - Ta Megala Tragoudia,0.331,0.494,-7.496,0.0335,0.737,0.0,0.16,0.614,154.697
Hadra Sto Koboloi Sou,Various Artists,Stavros Kougioumtzis - Ta Megala Tragoudia,0.565,0.579,-8.795,0.0409,0.27,1.01e-06,0.336,0.828,131.737
An Dis Ston Ipno Sou Erimia,Various Artists,Stavros Kougioumtzis - Ta Megala Tragoudia,0.425,0.44,-6.251,0.0299,0.278,2.7e-05,0.241,0.494,114.061
Dihos Tin Kardoula Sou,Various Artists,Stavros Kougioumtzis - Ta Megala Tragoudia,0.617,0.81,-6.483,0.0318,0.455,0.0,0.0667,0.885,125.374
Pos Na Se Paro,Various Artists,Stavros Kougioumtzis - Ta Megala Tragoudia,0.333,0.344,-9.72,0.0275,0.888,0.00116,0.0989,0.469,79.345
Etsi Ine I Anthropi,Various Artists,Stavros Kougioumtzis - Ta Megala Tragoudia,0.654,0.403,-7.88,0.0323,0.637,0.0,0.124,0.791,112.368
Sta Psila Ta Parathiria (Ta Matoklada Sou Klinis),Various Artists,Stavros Kougioumtzis - Ta Megala Tragoudia,0.63,0.494,-6.968,0.0299,0.667,0.0,0.104,0.899,113.866
Mi Mou Thimonis Matia Mou,Various Artists,Stavros Kougioumtzis - Ta Megala Tragoudia,0.486,0.388,-9.347,0.0297,0.775,0.00115,0.127,0.174,91.8
Kapou Nihtoni,Various Artists,Stavros Kougioumtzis - Ta Megala Tragoudia,0.213,0.39,-10.169,0.032,0.566,0.0,0.0999,0.365,95.042
Ola Kala,Various Artists,Stavros Kougioumtzis - Ta Megala Tragoudia,0.376,0.414,-8.467,0.0301,0.807,0.0,0.0801,0.759,164.451
Itan Pede Itan Exi,Various Artists,Stavros Kougioumtzis - Ta Megala Tragoudia,0.492,0.459,-9.126,0.033,0.684,8.71e-06,0.101,0.453,121.945
I Eleftheri Ki Orei,Various Artists,Stavros Kougioumtzis - Ta Megala Tragoudia,0.659,0.707,-5.854,0.0318,0.335,2.43e-05,0.104,0.646,97.674
Sta Hronia Tis Ipomonis,Various Artists,Stavros Kougioumtzis - Ta Megala Tragoudia,0.571,0.605,-6.007,0.0331,0.706,0.0,0.206,0.833,177.562
Vasanaki Vasanaki,Various Artists,Stavros Kougioumtzis - Ta Megala Tragoudia,0.607,0.599,-4.801,0.0316,0.683,0.0,0.12,0.648,132.709
To Poukamiso To Thalassi,Various Artists,Stavros Kougioumtzis - Ta Megala Tragoudia,0.636,0.546,-5.753,0.0346,0.739,0.0,0.153,0.767,122.245
Natane To 21,Various Artists,Stavros Kougioumtzis - Ta Megala Tragoudia,0.601,0.534,-6.938,0.0379,0.454,0.0,0.0419,0.758,126.869
Matia Mou Matia Mou,Various Artists,Stavros Kougioumtzis - Ta Megala Tragoudia,0.703,0.844,-4.986,0.0272,0.693,0.0,0.176,0.961,93.464
Ithela Na 'Mouna Pouli,Various Artists,Stavros Kougioumtzis - Ta Megala Tragoudia,0.698,0.528,-9.82,0.0474,0.732,0.0,0.0915,0.661,87.309
Isoun Orea,Various Artists,Stavros Kougioumtzis - Ta Megala Tragoudia,0.433,0.542,-6.107,0.0297,0.508,0.0,0.103,0.675,142.845
Imitlerim,Various Artists,OST / Rebetiko,0.279,0.384,-10.84,0.0373,0.889,0.0757,0.286,0.133,138.885
Hasapiko 36,Various Artists,OST / Rebetiko,0.805,0.555,-7.67,0.059,0.803,0.802,0.244,0.741,122.087
Emena Logia Mi Mou Les,Various Artists,OST / Rebetiko,0.688,0.383,-6.869,0.0396,0.741,1.35e-06,0.101,0.187,108.862
Stis Pikras Ta Xeronisia,Various Artists,OST / Rebetiko,0.613,0.402,-7.781,0.0344,0.795,3.11e-05,0.126,0.476,107.449
Stin Amfiali,Various Artists,OST / Rebetiko,0.676,0.785,-5.044,0.0261,0.707,9.75e-06,0.547,0.828,90.833
Stou Thoma,Various Artists,OST / Rebetiko,0.515,0.681,-4.867,0.0296,0.812,4.44e-06,0.33,0.602,99.258
To Dihti,Various Artists,OST / Rebetiko,0.522,0.533,-6.686,0.0376,0.859,0.0,0.252,0.581,109.834
Hasapiko 22,Various Artists,OST / Rebetiko,0.309,0.218,-13.118,0.0376,0.78,0.703,0.15,0.0908,78.239
Mana Mou Ellas,Various Artists,OST / Rebetiko,0.265,0.279,-12.267,0.035,0.856,0.000816,0.0973,0.195,98.693
Kegome Kegome,Various Artists,OST / Rebetiko,0.425,0.358,-6.939,0.0318,0.907,0.0,0.0702,0.477,115.723
Hora,Various Artists,OST / Rebetiko,0.502,0.57,-7.866,0.0443,0.841,0.629,0.125,0.595,117.22
Erinaki,Various Artists,OST / Rebetiko,0.438,0.245,-12.025,0.0467,0.904,0.000143,0.0746,0.187,130.148
Sti Salamina,Various Artists,OST / Rebetiko,0.556,0.723,-4.757,0.0305,0.589,3.33e-06,0.252,0.774,118.76
Ta Pedia Tis Aminas,Various Artists,OST / Rebetiko,0.675,0.697,-4.888,0.0276,0.768,0.0,0.381,0.92,110.451
Tsifteteli Hitzaskar,Various Artists,OST / Rebetiko,0.529,0.412,-7.826,0.032,0.592,0.0888,0.0643,0.497,111.381
Bournovalia,Various Artists,OST / Rebetiko,0.746,0.452,-6.725,0.036,0.69,4.63e-06,0.133,0.598,112.363
To Praktorio,Various Artists,OST / Rebetiko,0.326,0.297,-10.656,0.0349,0.76,0.000121,0.086,0.106,94.549
To Parapono (Oute Ena Efharisto) - From “Ta Kokkina Fanaria”,Stavros Xarhakos,45 Hronia - O Mousikos Kosmos Tou Stavrou Xarhakou,0.437,0.0975,-16.345,0.0564,0.953,3.8e-06,0.1,0.224,77.56
"Titli ""Kokkina Fanaria"" (Ston Pirea)",Stavros Xarhakos,45 Hronia - O Mousikos Kosmos Tou Stavrou Xarhakou,0.391,0.357,-8.3,0.0265,0.87,0.836,0.34,0.111,94.239
Kokkina Fanaria - Remastered,Stavros Xarhakos,45 Hronia - O Mousikos Kosmos Tou Stavrou Xarhakou,0.377,0.403,-12.327,0.0501,0.813,0.00226,0.104,0.445,149.506
Aponi Zoi - Remastered,Stavros Xarhakos,45 Hronia - O Mousikos Kosmos Tou Stavrou Xarhakou,0.49,0.592,-6.977,0.0365,0.537,1.66e-06,0.0655,0.493,124.263
Ftohologia,Stavros Xarhakos,45 Hronia - O Mousikos Kosmos Tou Stavrou Xarhakou,0.533,0.549,-6.873,0.0357,0.789,3.7e-06,0.0903,0.821,126.95
Kokkina Fanaria (To Kalderimi),Stavros Xarhakos,45 Hronia - O Mousikos Kosmos Tou Stavrou Xarhakou,0.594,0.512,-6.848,0.0357,0.419,1.66e-06,0.148,0.869,125.224
Ti Na Tin Kanis Ti Zoi - Remastered,Stavros Xarhakos,45 Hronia - O Mousikos Kosmos Tou Stavrou Xarhakou,0.423,0.397,-7.953,0.0329,0.685,0.0,0.054,0.685,102.546
Ta Dakria Mou Ine Kafta,Stavros Xarhakos,45 Hronia - O Mousikos Kosmos Tou Stavrou Xarhakou,0.531,0.528,-9.496,0.0323,0.694,0.144,0.309,0.507,112.183
"Gia Hatiri Sou - From ""To Taxidi""",Stavros Xarhakos,45 Hronia - O Mousikos Kosmos Tou Stavrou Xarhakou,0.622,0.353,-7.92,0.0354,0.66,0.0,0.129,0.807,132.727
To Taxidi - Finale,Stavros Xarhakos,45 Hronia - O Mousikos Kosmos Tou Stavrou Xarhakou,0.297,0.362,-12.008,0.0716,0.766,0.0578,0.142,0.344,117.53
Varkarola,Stavros Xarhakos,45 Hronia - O Mousikos Kosmos Tou Stavrou Xarhakou,0.513,0.309,-12.164,0.0344,0.545,0.782,0.145,0.461,107.89
Na Me Thimase,Stavros Xarhakos,45 Hronia - O Mousikos Kosmos Tou Stavrou Xarhakou,0.383,0.404,-8.699,0.0362,0.421,0.0446,0.0862,0.243,98.172
Savvatovrado Stin Kesariani,Stavros Xarhakos,45 Hronia - O Mousikos Kosmos Tou Stavrou Xarhakou,0.299,0.139,-14.753,0.0407,0.956,0.000457,0.111,0.134,174.914
Ti Ehi Ke Klei To Pedi,Stavros Xarhakos,45 Hronia - O Mousikos Kosmos Tou Stavrou Xarhakou,0.476,0.434,-9.238,0.0362,0.494,5.71e-06,0.129,0.342,106.977
Savvatovrado Stin Kesariani - Remastered,Stavros Xarhakos,45 Hronia - O Mousikos Kosmos Tou Stavrou Xarhakou,0.388,0.311,-7.995,0.0362,0.679,0.0,0.103,0.568,94.4
To Tragoudi Tis Athinas,Stavros Xarhakos,45 Hronia - O Mousikos Kosmos Tou Stavrou Xarhakou,0.292,0.416,-7.159,0.0319,0.665,0.0,0.346,0.576,129.004
To Tragoudi Tis Idras,Stavros Xarhakos,45 Hronia - O Mousikos Kosmos Tou Stavrou Xarhakou,0.5,0.535,-5.735,0.0345,0.752,6.67e-06,0.136,0.899,134.128
"Titli ""Lola""",Stavros Xarhakos,45 Hronia - O Mousikos Kosmos Tou Stavrou Xarhakou,0.369,0.614,-6.039,0.0354,0.196,0.033,0.147,0.687,116.507
Den Ehi Arhi - From “Lola”,Stavros Xarhakos,45 Hronia - O Mousikos Kosmos Tou Stavrou Xarhakou,0.368,0.43,-8.369,0.035,0.789,0.0348,0.289,0.389,120.032
Hathike To Feggari,Stavros Xarhakos,45 Hronia - O Mousikos Kosmos Tou Stavrou Xarhakou,0.344,0.329,-10.608,0.0302,0.932,0.00307,0.0994,0.31,105.025
"Oniro Demeno - From ""Lola""",Stavros Xarhakos,45 Hronia - O Mousikos Kosmos Tou Stavrou Xarhakou,0.817,0.454,-6.95,0.0379,0.54,2.21e-05,0.0735,0.807,116.759
O Horos Tou Sakena - Remastered,Stavros Xarhakos,45 Hronia - O Mousikos Kosmos Tou Stavrou Xarhakou,0.601,0.613,-5.828,0.0355,0.66,0.222,0.0641,0.488,142.706
Mia Volta Gia Ton Filo Mou,Stavros Xarhakos,45 Hronia - O Mousikos Kosmos Tou Stavrou Xarhakou,0.389,0.672,-9.862,0.034,0.431,0.75,0.0941,0.517,137.187
Stou Othona Ta Hronia,Stavros Xarhakos,45 Hronia - O Mousikos Kosmos Tou Stavrou Xarhakou,0.435,0.346,-10.078,0.0404,0.687,0.000613,0.095,0.478,118.981
Matia Vourkomena - Remastered,Stavros Xarhakos,45 Hronia - O Mousikos Kosmos Tou Stavrou Xarhakou,0.532,0.604,-8.194,0.0369,0.743,0.0,0.376,0.682,122.259
O Lefteris - Remastered,Stavros Xarhakos,45 Hronia - O Mousikos Kosmos Tou Stavrou Xarhakou,0.502,0.633,-6.831,0.0354,0.703,0.000164,0.0906,0.961,141.016
Aspri Mera Ke Gia Mas - Remastered,Stavros Xarhakos,45 Hronia - O Mousikos Kosmos Tou Stavrou Xarhakou,0.313,0.271,-12.465,0.0295,0.777,0.0216,0.119,0.266,86.5
Me Ti Kardia Ton Kosmo N' Arnitho (Me Ti Kardia Na S' Apoheretiso),Stavros Xarhakos,45 Hronia - O Mousikos Kosmos Tou Stavrou Xarhakou,0.347,0.389,-10.051,0.0318,0.813,7.62e-06,0.0793,0.403,125.3
I Nihta,Stavros Xarhakos,45 Hronia - O Mousikos Kosmos Tou Stavrou Xarhakou,0.392,0.348,-8.238,0.0287,0.735,0.0,0.106,0.4,94.889
Vale Ki Allo Piato Sto Trapezi,Stavros Xarhakos,45 Hronia - O Mousikos Kosmos Tou Stavrou Xarhakou,0.336,0.295,-10.567,0.028,0.764,1.6e-05,0.107,0.18,96.255
Den Sou Hrostao Tipota,Stavros Xarhakos,45 Hronia - O Mousikos Kosmos Tou Stavrou Xarhakou,0.716,0.544,-7.168,0.0431,0.823,0.0,0.187,0.795,105.249
Palikaraki Pou 'Liosa,Stavros Xarhakos,45 Hronia - O Mousikos Kosmos Tou Stavrou Xarhakou,0.79,0.551,-6.549,0.0331,0.629,0.000422,0.0312,0.682,127.76
Ipomoni - Remastered,Stavros Xarhakos,45 Hronia - O Mousikos Kosmos Tou Stavrou Xarhakou,0.373,0.52,-6.297,0.0341,0.49,0.0,0.309,0.745,70.19
Girna Me Sta Perasmena,Stavros Xarhakos,45 Hronia - O Mousikos Kosmos Tou Stavrou Xarhakou,0.551,0.656,-8.186,0.0303,0.262,2.46e-05,0.187,0.725,134.165
Fos Tis Avgis - Remastered,Stavros Xarhakos,45 Hronia - O Mousikos Kosmos Tou Stavrou Xarhakou,0.545,0.779,-6.978,0.0346,0.506,1.93e-05,0.235,0.917,148.741
Ta Trena Pou 'Figan - Remastered,Stavros Xarhakos,45 Hronia - O Mousikos Kosmos Tou Stavrou Xarhakou,0.396,0.43,-8.519,0.0315,0.919,6.91e-06,0.106,0.43,101.945
Stou Delivoria,Stavros Xarhakos,45 Hronia - O Mousikos Kosmos Tou Stavrou Xarhakou,0.392,0.517,-8.79,0.0358,0.472,2.66e-06,0.121,0.47,100.593
Exo Fisai Ke Vrehi,Stavros Xarhakos,45 Hronia - O Mousikos Kosmos Tou Stavrou Xarhakou,0.581,0.491,-10.925,0.0559,0.562,0.00187,0.0808,0.479,133.806
Palikari Dipsasmeno,Stavros Xarhakos,45 Hronia - O Mousikos Kosmos Tou Stavrou Xarhakou,0.365,0.535,-10.213,0.0405,0.644,4.76e-06,0.139,0.407,112.444
Klapste Ourani Ki Asteria - Remastered,Stavros Xarhakos,45 Hronia - O Mousikos Kosmos Tou Stavrou Xarhakou,0.458,0.419,-9.468,0.0394,0.594,2.32e-05,0.106,0.24,102.548
Ta Rologia - Radio Edit,Stavros Xarhakos,45 Hronia - O Mousikos Kosmos Tou Stavrou Xarhakou,0.363,0.295,-13.69,0.027,0.696,0.0022,0.214,0.242,99.285
Asteri Sto Parathiro,Stavros Xarhakos,45 Hronia - O Mousikos Kosmos Tou Stavrou Xarhakou,0.402,0.731,-7.444,0.0521,0.432,5.35e-05,0.0871,0.365,103.781
Ta Rologia - Remastered,Stavros Xarhakos,45 Hronia - O Mousikos Kosmos Tou Stavrou Xarhakou,0.254,0.423,-9.484,0.0323,0.528,0.000788,0.0942,0.251,107.298
Giati Tharris Me Kefi,Stavros Xarhakos,45 Hronia - O Mousikos Kosmos Tou Stavrou Xarhakou,0.527,0.724,-8.246,0.0341,0.55,0.0,0.208,0.818,119.235
Giousouroum,Stavros Xarhakos,45 Hronia - O Mousikos Kosmos Tou Stavrou Xarhakou,0.458,0.815,-5.703,0.0342,0.378,0.00571,0.27,0.935,127.374
Ena Proino (Anabel),Stavros Xarhakos,45 Hronia - O Mousikos Kosmos Tou Stavrou Xarhakou,0.296,0.338,-11.643,0.0279,0.384,0.0,0.1,0.618,80.845
Se Zito - Remastered,Stavros Xarhakos,45 Hronia - O Mousikos Kosmos Tou Stavrou Xarhakou,0.446,0.475,-12.061,0.0346,0.151,0.0,0.458,0.507,98.634
Ti Na Thimitho - Remastered,Stavros Xarhakos,45 Hronia - O Mousikos Kosmos Tou Stavrou Xarhakou,0.474,0.205,-16.742,0.0352,0.594,5.66e-05,0.213,0.364,119.804
Itan Ta Logia Sou Fotia,Stavros Xarhakos,45 Hronia - O Mousikos Kosmos Tou Stavrou Xarhakou,0.411,0.285,-11.257,0.0329,0.875,0.00206,0.19,0.378,111.785
Pos Na Sopaso - Remastered,Stavros Xarhakos,45 Hronia - O Mousikos Kosmos Tou Stavrou Xarhakou,0.533,0.315,-9.823,0.0303,0.625,2.26e-05,0.0642,0.193,88.355
Girnan Amilita Pedia - Remastered,Stavros Xarhakos,45 Hronia - O Mousikos Kosmos Tou Stavrou Xarhakou,0.281,0.733,-7.678,0.0416,0.232,5.88e-05,0.315,0.549,177.326
Afto Ton Kosmo Ton Kalo (Rave Xilone) - Remastered,Stavros Xarhakos,45 Hronia - O Mousikos Kosmos Tou Stavrou Xarhakou,0.565,0.664,-7.179,0.0346,0.249,3.84e-05,0.0975,0.759,118.992
Itane Mia Fora - Remastered,Stavros Xarhakos,45 Hronia - O Mousikos Kosmos Tou Stavrou Xarhakou,0.539,0.266,-12.063,0.0348,0.83,0.0,0.0966,0.268,125.421
To Paramithi,Stavros Xarhakos,45 Hronia - O Mousikos Kosmos Tou Stavrou Xarhakou,0.569,0.811,-7.399,0.0296,0.789,0.000264,0.176,0.949,137.175
Gia Sou Hara Sou Venetia - Remastered,Stavros Xarhakos,45 Hronia - O Mousikos Kosmos Tou Stavrou Xarhakou,0.324,0.531,-6.107,0.0331,0.474,0.0,0.171,0.807,146.82
Barba Gianni Makrigianni - Remastered,Stavros Xarhakos,45 Hronia - O Mousikos Kosmos Tou Stavrou Xarhakou,0.546,0.664,-6.213,0.0318,0.706,0.0,0.129,0.753,120.833
Palikari Sta Sfakia - Remastered,Stavros Xarhakos,45 Hronia - O Mousikos Kosmos Tou Stavrou Xarhakou,0.399,0.509,-10.311,0.0342,0.428,1.61e-05,0.151,0.213,94.17
Kalin Esperan (Apospasma) - Remastered,Stavros Xarhakos,45 Hronia - O Mousikos Kosmos Tou Stavrou Xarhakou,0.48,0.647,-8.229,0.0764,0.849,0.0,0.914,0.547,113.114
Fili Ki Adelfia - Remastered,Stavros Xarhakos,45 Hronia - O Mousikos Kosmos Tou Stavrou Xarhakou,0.439,0.494,-7.236,0.0309,0.79,0.0,0.422,0.649,122.609
To Megalo Mas Tsirko - Remastered,Stavros Xarhakos,45 Hronia - O Mousikos Kosmos Tou Stavrou Xarhakou,0.36,0.647,-7.206,0.0404,0.624,0.0,0.924,0.624,121.893
Proskinima,Stavros Xarhakos,45 Hronia - O Mousikos Kosmos Tou Stavrou Xarhakou,0.249,0.529,-9.084,0.0339,0.894,0.00153,0.0744,0.485,103.411
I Anaparastasi (Brosta Pigeni O Laos),Stavros Xarhakos,45 Hronia - O Mousikos Kosmos Tou Stavrou Xarhakou,0.317,0.299,-12.694,0.0391,0.861,0.0019,0.114,0.205,135.447
To Tragoudi Tou Bertoldou,Stavros Xarhakos,45 Hronia - O Mousikos Kosmos Tou Stavrou Xarhakou,0.618,0.461,-10.898,0.203,0.617,0.0,0.648,0.798,126.592
To Tragoudi Ton Horikon,Stavros Xarhakos,45 Hronia - O Mousikos Kosmos Tou Stavrou Xarhakou,0.178,0.192,-15.168,0.0323,0.975,0.000161,0.0654,0.0649,150.128
To Telos,Stavros Xarhakos,45 Hronia - O Mousikos Kosmos Tou Stavrou Xarhakou,0.338,0.142,-19.04,0.0361,0.949,0.898,0.105,0.131,88.656
Nin Ke Ai,Stavros Xarhakos,45 Hronia - O Mousikos Kosmos Tou Stavrou Xarhakou,0.368,0.332,-11.177,0.0317,0.925,8.3e-06,0.0912,0.29,107.953
Ston Kato Dromo,Stavros Xarhakos,45 Hronia - O Mousikos Kosmos Tou Stavrou Xarhakou,0.438,0.2,-12.112,0.0319,0.928,1.36e-06,0.124,0.466,130.473
Irthe O Keros,Stavros Xarhakos,45 Hronia - O Mousikos Kosmos Tou Stavrou Xarhakou,0.449,0.473,-7.197,0.0313,0.765,0.0,0.0891,0.557,120.688
Emis Pou Miname,Stavros Xarhakos,45 Hronia - O Mousikos Kosmos Tou Stavrou Xarhakou,0.478,0.514,-8.047,0.0305,0.769,4.17e-06,0.0837,0.742,126.497
Anonimon,Stavros Xarhakos,45 Hronia - O Mousikos Kosmos Tou Stavrou Xarhakou,0.254,0.328,-11.29,0.0306,0.894,0.0,0.116,0.294,79.083
Kokkina Triadafilla Gia Mena,Stavros Xarhakos,45 Hronia - O Mousikos Kosmos Tou Stavrou Xarhakou,0.279,0.38,-11.373,0.0326,0.756,0.00143,0.109,0.384,91.508
Agapi Agapi,Stavros Xarhakos,45 Hronia - O Mousikos Kosmos Tou Stavrou Xarhakou,0.308,0.0887,-17.269,0.0469,0.984,0.0462,0.0918,0.0515,84.64
Ke Ti Den Kano,Stratos Dionisiou,Vrehi Fotia Sti Strata Mou 1959 - 1990 30 Hronia,0.386,0.489,-6.957,0.0346,0.692,0.0,0.239,0.661,176.957
Tou Kosmou To Perigelo,Stratos Dionisiou,Vrehi Fotia Sti Strata Mou 1959 - 1990 30 Hronia,0.768,0.429,-7.286,0.0367,0.633,0.0,0.0726,0.883,135.702
"Vrehi Fotia Sti Strata Mou - From ""Oratotis Miden""",Stratos Dionisiou,Vrehi Fotia Sti Strata Mou 1959 - 1990 30 Hronia,0.55,0.523,-6.531,0.0309,0.505,3.09e-06,0.39,0.532,118.933
Opos Fevgoun Ta Karavia,Stratos Dionisiou,Vrehi Fotia Sti Strata Mou 1959 - 1990 30 Hronia,0.634,0.68,-6.928,0.0306,0.496,0.0,0.0598,0.656,123.286
O Paliatzis,Stratos Dionisiou,Vrehi Fotia Sti Strata Mou 1959 - 1990 30 Hronia,0.68,0.516,-7.199,0.0399,0.746,0.0,0.148,0.803,133.234
Agapi Mou Epikindini,Stratos Dionisiou,Vrehi Fotia Sti Strata Mou 1959 - 1990 30 Hronia,0.546,0.512,-7.955,0.0281,0.596,3.73e-06,0.265,0.73,106.397
Enas Aitos Gremistike,Stratos Dionisiou,Vrehi Fotia Sti Strata Mou 1959 - 1990 30 Hronia,0.599,0.584,-6.564,0.0297,0.819,0.000161,0.243,0.675,126.917
T' Agathia Tis Kardias Sou,Stratos Dionisiou,Vrehi Fotia Sti Strata Mou 1959 - 1990 30 Hronia,0.583,0.517,-7.254,0.0347,0.842,1.77e-06,0.131,0.837,125.806
Ti Sou Ftei To Pedi,Stratos Dionisiou,Vrehi Fotia Sti Strata Mou 1959 - 1990 30 Hronia,0.619,0.554,-5.843,0.0335,0.701,0.0,0.373,0.668,119.866
Afilotimi,Stratos Dionisiou,Vrehi Fotia Sti Strata Mou 1959 - 1990 30 Hronia,0.705,0.78,-7.665,0.0346,0.427,0.0,0.154,0.802,113.437
To Sterno T' Agoi,Stratos Dionisiou,Vrehi Fotia Sti Strata Mou 1959 - 1990 30 Hronia,0.463,0.608,-6.851,0.0333,0.671,0.0,0.156,0.556,133.438
To Tragoudi Tis Perdikas,Stratos Dionisiou,Vrehi Fotia Sti Strata Mou 1959 - 1990 30 Hronia,0.508,0.57,-7.41,0.0304,0.816,0.000401,0.171,0.53,133.352
Sto Stathmo Tou Monahou,Stratos Dionisiou,Vrehi Fotia Sti Strata Mou 1959 - 1990 30 Hronia,0.635,0.668,-5.328,0.0297,0.678,0.0,0.257,0.954,74.119
Itan Pseftika,Stratos Dionisiou,Vrehi Fotia Sti Strata Mou 1959 - 1990 30 Hronia,0.708,0.54,-6.258,0.0347,0.841,0.000101,0.254,0.903,144.814
Kardia Mou Alitissa,Stratos Dionisiou,Vrehi Fotia Sti Strata Mou 1959 - 1990 30 Hronia,0.461,0.605,-7.034,0.0438,0.74,0.0,0.0792,0.47,84.86
To Bouzouki Tou Nikola,Stratos Dionisiou,Vrehi Fotia Sti Strata Mou 1959 - 1990 30 Hronia,0.682,0.52,-7.739,0.0324,0.664,0.0,0.0565,0.648,84.343
Tsifteteli Pehnidiariko,Stratos Dionisiou,Vrehi Fotia Sti Strata Mou 1959 - 1990 30 Hronia,0.621,0.638,-6.465,0.0298,0.347,1.18e-06,0.136,0.926,91.706
De Me Ponese Kanis,Stratos Dionisiou,Vrehi Fotia Sti Strata Mou 1959 - 1990 30 Hronia,0.667,0.476,-6.99,0.0404,0.872,0.0,0.0871,0.813,113.839
Den Ime Enohos,Stratos Dionisiou,Vrehi Fotia Sti Strata Mou 1959 - 1990 30 Hronia,0.519,0.267,-9.362,0.0376,0.908,0.0,0.0653,0.704,118.022
Kardia Mou Ihes Agapisi,Stratos Dionisiou,Vrehi Fotia Sti Strata Mou 1959 - 1990 30 Hronia,0.206,0.519,-7.835,0.038,0.78,0.0,0.3,0.552,83.632
Apokimithika,Stratos Dionisiou,Vrehi Fotia Sti Strata Mou 1959 - 1990 30 Hronia,0.426,0.484,-9.254,0.0468,0.888,2.66e-06,0.0869,0.455,126.6
Ki Olo Kleo,Stratos Dionisiou,Vrehi Fotia Sti Strata Mou 1959 - 1990 30 Hronia,0.497,0.51,-8.998,0.0476,0.728,7.2e-06,0.0688,0.37,146.977
Giati Thee Mou I Zoi,Stratos Dionisiou,Vrehi Fotia Sti Strata Mou 1959 - 1990 30 Hronia,0.603,0.638,-6.079,0.0304,0.641,0.00662,0.203,0.587,121.849
Arga Ine Pia Arga,Stratos Dionisiou,Vrehi Fotia Sti Strata Mou 1959 - 1990 30 Hronia,0.283,0.75,-5.709,0.0591,0.444,0.0,0.336,0.854,208.613
Ipokrinese,Stratos Dionisiou,Vrehi Fotia Sti Strata Mou 1959 - 1990 30 Hronia,0.436,0.498,-7.537,0.0305,0.759,0.0,0.0514,0.541,82.177
Apopse Tha Methiso,Stratos Dionisiou,Vrehi Fotia Sti Strata Mou 1959 - 1990 30 Hronia,0.444,0.379,-9.634,0.044,0.811,0.0,0.0763,0.592,121.426
Ola Ine Danika,Stratos Dionisiou,Vrehi Fotia Sti Strata Mou 1959 - 1990 30 Hronia,0.424,0.639,-6.9,0.0402,0.851,1.65e-05,0.069,0.693,96.485
Ta Pires Ola Ki Efiges,Stratos Dionisiou,Vrehi Fotia Sti Strata Mou 1959 - 1990 30 Hronia,0.482,0.39,-8.377,0.0304,0.601,0.000103,0.112,0.563,134.607
Akou Vre File,Stratos Dionisiou,Vrehi Fotia Sti Strata Mou 1959 - 1990 30 Hronia,0.531,0.548,-7.903,0.0269,0.743,0.0,0.154,0.777,88.783
Pios Sou Ipe Gia Tous Mages,Stratos Dionisiou,Vrehi Fotia Sti Strata Mou 1959 - 1990 30 Hronia,0.652,0.587,-8.191,0.0379,0.464,0.0,0.0836,0.772,119.518
O Salonikios,Stratos Dionisiou,Vrehi Fotia Sti Strata Mou 1959 - 1990 30 Hronia,0.651,0.88,-5.478,0.0393,0.572,2.75e-06,0.0751,0.715,118.87
Me Skotose Giati Tin Agapousa,Stratos Dionisiou,Vrehi Fotia Sti Strata Mou 1959 - 1990 30 Hronia,0.42,0.687,-6.295,0.0399,0.372,0.0,0.121,0.628,157.479
O Taxitzis,Stratos Dionisiou,Vrehi Fotia Sti Strata Mou 1959 - 1990 30 Hronia,0.607,0.637,-5.881,0.0388,0.593,0.0,0.0749,0.662,120.655
Fevgodas,Stratos Dionisiou,Vrehi Fotia Sti Strata Mou 1959 - 1990 30 Hronia,0.415,0.443,-8.518,0.0369,0.739,0.0,0.0888,0.38,105.157
Efige,Stratos Dionisiou,Vrehi Fotia Sti Strata Mou 1959 - 1990 30 Hronia,0.45,0.515,-7.838,0.0383,0.717,1.33e-06,0.113,0.783,102.701
Teliosame,Stratos Dionisiou,Vrehi Fotia Sti Strata Mou 1959 - 1990 30 Hronia,0.419,0.544,-7.22,0.0301,0.831,0.0,0.0768,0.594,101.828
Anthropos Ise Ke Ligas,Stratos Dionisiou,Vrehi Fotia Sti Strata Mou 1959 - 1990 30 Hronia,0.683,0.637,-6.521,0.0345,0.471,5.02e-06,0.0377,0.757,129.473
Ego O Xenos,Stratos Dionisiou,Vrehi Fotia Sti Strata Mou 1959 - 1990 30 Hronia,0.698,0.914,-5.948,0.0811,0.436,0.0,0.0991,0.844,90.976
Ena Lepto Periptera,Stratos Dionisiou,Vrehi Fotia Sti Strata Mou 1959 - 1990 30 Hronia,0.6,0.863,-6.22,0.0881,0.463,0.0,0.0533,0.875,90.402
Plakiotissa,Stratos Pagioumtzis,Tragoudistes Tou Rebetikou (Vol. 2),0.55,0.523,-8.823,0.0443,0.962,0.899,0.277,0.923,169.836
Gia Mia Palia Mou Agapi,Stratos Pagioumtzis,Tragoudistes Tou Rebetikou (Vol. 2),0.749,0.23,-11.464,0.0562,0.993,0.118,0.178,0.671,95.342
Sto Limanaki Sou,Stratos Pagioumtzis,Tragoudistes Tou Rebetikou (Vol. 2),0.557,0.252,-13.878,0.0495,0.995,0.902,0.121,0.704,122.536
I Baglamades,Stratos Pagioumtzis,Tragoudistes Tou Rebetikou (Vol. 2),0.716,0.305,-10.209,0.0773,0.972,0.211,0.304,0.267,118.171
To Zari,Stratos Pagioumtzis,Tragoudistes Tou Rebetikou (Vol. 2),0.718,0.179,-13.299,0.0454,0.994,0.569,0.108,0.57,81.364
I Fisarmonika,Stratos Pagioumtzis,Tragoudistes Tou Rebetikou (Vol. 2),0.571,0.193,-12.593,0.0485,0.995,0.0625,0.139,0.351,165.665
Hrapa Hroupa To Xirafi,Stratos Pagioumtzis,Tragoudistes Tou Rebetikou (Vol. 2),0.579,0.254,-13.641,0.0422,0.995,0.749,0.122,0.7,100.834
Platsa Poutsa,Stratos Pagioumtzis,Tragoudistes Tou Rebetikou (Vol. 2),0.597,0.266,-14.902,0.0464,0.994,0.9,0.116,0.709,83.534
San Tis Orfanias Ton Kaimo,Stratos Pagioumtzis,Tragoudistes Tou Rebetikou (Vol. 2),0.701,0.198,-13.456,0.0478,0.995,0.833,0.119,0.632,74.312
Ola Gia Sena Koukla Mou,Stratos Pagioumtzis,Tragoudistes Tou Rebetikou (Vol. 2),0.624,0.223,-11.606,0.0499,0.992,0.852,0.174,0.539,95.508
Mia Ke I Zoi Tha Svisi,Stratos Pagioumtzis,Tragoudistes Tou Rebetikou (Vol. 2),0.76,0.25,-12.227,0.0377,0.995,0.11,0.151,0.699,112.119
Kouragio Pia Kardia Mou,Stratos Pagioumtzis,Tragoudistes Tou Rebetikou (Vol. 2),0.545,0.3,-12.535,0.0387,0.993,0.81,0.263,0.684,73.36
O Anaptiras,Stratos Pagioumtzis,Tragoudistes Tou Rebetikou (Vol. 2),0.5,0.325,-15.33,0.0475,0.994,0.862,0.12,0.567,118.066
Stathika Pennies N' Akouso,Stratos Pagioumtzis,Tragoudistes Tou Rebetikou (Vol. 2),0.646,0.356,-11.37,0.0328,0.992,0.282,0.157,0.789,90.694
Aliti M' Ekanes,Stratos Pagioumtzis,Tragoudistes Tou Rebetikou (Vol. 2),0.677,0.238,-12.48,0.0393,0.992,0.188,0.107,0.796,106.874
Mira Me Katadikases,Stratos Pagioumtzis,Tragoudistes Tou Rebetikou (Vol. 2),0.632,0.252,-12.821,0.0503,0.992,0.619,0.223,0.846,137.369
I Triadafillies,Stratos Pagioumtzis,Tragoudistes Tou Rebetikou (Vol. 2),0.603,0.169,-14.092,0.0546,0.994,0.477,0.134,0.664,119.351
Tha Htiso Stin Ellada Kenourio Hollywood,Stratos Pagioumtzis,Tragoudistes Tou Rebetikou (Vol. 2),0.792,0.29,-15.349,0.0468,0.996,0.928,0.126,0.956,100.439
Isodos,Tania Tsanaklidou,Mama Gernao,0.0802,0.128,-25.256,0.0453,0.665,0.751,0.14,0.0587,173.321
Pame Kapou,Tania Tsanaklidou,Mama Gernao,0.302,0.335,-13.285,0.0354,0.551,1.76e-05,0.108,0.417,152.153
Mires,Tania Tsanaklidou,Mama Gernao,0.517,0.491,-11.472,0.0443,0.549,0.0,0.0875,0.661,122.744
Mama Gernao,Tania Tsanaklidou,Mama Gernao,0.341,0.143,-14.529,0.0325,0.902,0.00542,0.0889,0.119,98.743
Giftaki,Tania Tsanaklidou,Mama Gernao,0.41,0.57,-14.011,0.0763,0.376,0.00182,0.0769,0.445,117.047
Fili,Tania Tsanaklidou,Mama Gernao,0.49,0.502,-11.188,0.0406,0.305,8.19e-05,0.0932,0.524,121.769
Strip Tiz,Tania Tsanaklidou,Mama Gernao,0.51,0.175,-13.754,0.0467,0.764,1.09e-05,0.133,0.387,121.896
I Soultana I Fofo,Tania Tsanaklidou,Mama Gernao,0.538,0.492,-9.719,0.0707,0.294,0.0,0.0436,0.641,137.735
Tsifteteli,Tania Tsanaklidou,Mama Gernao,0.555,0.252,-18.435,0.0421,0.956,0.0506,0.0872,0.639,120.634
Zelatina/ YG,Tania Tsanaklidou,Mama Gernao,0.387,0.412,-11.562,0.0408,0.606,6.15e-06,0.319,0.392,147.347
I G,Tania Tsanaklidou,Mama Gernao,0.463,0.0738,-19.082,0.0364,0.923,0.014,0.0738,0.14,99.501
Feirouz,Thanasis Papakonstantinou,Tis Agapis Gerakaris,0.605,0.192,-15.122,0.0331,0.931,9.37e-05,0.0981,0.478,113.447
Sti Fotia,Thanasis Papakonstantinou,Tis Agapis Gerakaris,0.699,0.283,-14.174,0.0305,0.61,6.12e-06,0.163,0.716,106.95
Malamatenia Mou Zoi,Thanasis Papakonstantinou,Tis Agapis Gerakaris,0.639,0.452,-12.809,0.0308,0.741,6.79e-05,0.0792,0.868,91.348
Otan Tragoudao,Thanasis Papakonstantinou,Tis Agapis Gerakaris,0.48,0.121,-14.168,0.0296,0.933,0.0,0.103,0.257,102.037
O Trygitis,Thanasis Papakonstantinou,Tis Agapis Gerakaris,0.565,0.151,-16.464,0.0289,0.859,0.0,0.0809,0.373,91.284
Aposperitis,Thanasis Papakonstantinou,Tis Agapis Gerakaris,0.441,0.284,-14.839,0.0368,0.809,0.0,0.13,0.448,202.235
Erima Kormia,Thanasis Papakonstantinou,Tis Agapis Gerakaris,0.743,0.433,-12.902,0.031,0.458,0.000461,0.0832,0.731,108.598
Fili Amethysto,Thanasis Papakonstantinou,Tis Agapis Gerakaris,0.661,0.308,-13.106,0.0312,0.83,0.000478,0.0684,0.404,126.428
Vardia,Thanasis Papakonstantinou,Tis Agapis Gerakaris,0.77,0.259,-11.865,0.0415,0.786,0.0,0.179,0.452,124.879
Soma Pou Horeveis,Thanasis Papakonstantinou,Tis Agapis Gerakaris,0.677,0.375,-11.853,0.0256,0.643,7.57e-06,0.162,0.695,107.959
Paravoli Tou Asotou,Thanasis Papakonstantinou,Tis Agapis Gerakaris,0.562,0.141,-14.901,0.0323,0.926,0.000184,0.113,0.38,96.827
Sabah - Live,Thanasis Papakonstantinou,Ta Zontana (Live),0.446,0.587,-9.583,0.0494,0.208,0.254,0.92,0.496,113.71
Agrypnia - Live,Thanasis Papakonstantinou,Ta Zontana (Live),0.389,0.5,-12.403,0.0384,0.554,0.0268,0.682,0.177,98.644
Sti Fotia - Live,Thanasis Papakonstantinou,Ta Zontana (Live),0.558,0.528,-7.183,0.0271,0.28,0.0,0.672,0.409,107.015
Oute Trigmos Oute Lygmos - Live,Thanasis Papakonstantinou,Ta Zontana (Live),0.617,0.697,-6.764,0.0318,0.686,6.94e-05,0.664,0.54,114.973
Imeros Ypnos - Live,Thanasis Papakonstantinou,Ta Zontana (Live),0.485,0.506,-8.341,0.0326,0.0914,1.91e-06,0.276,0.285,107.99
Enypnio - Live,Thanasis Papakonstantinou,Ta Zontana (Live),0.353,0.72,-6.71,0.029,0.284,0.8,0.711,0.426,103.423
Na Vgaineis Ap' To Oneiro - Live,Thanasis Papakonstantinou,Ta Zontana (Live),0.221,0.449,-9.263,0.0316,0.777,0.000509,0.677,0.223,109.557
S' Afino Geia - Live,Thanasis Papakonstantinou,Ta Zontana (Live),0.349,0.563,-8.248,0.035,0.00693,0.676,0.892,0.221,141.066
Rua Da Bella Vista - Live,Thanasis Papakonstantinou,Ta Zontana (Live),0.537,0.583,-8.47,0.0362,0.636,0.00011,0.489,0.43,122.287
Teiresias - Live,Thanasis Papakonstantinou,Ta Zontana (Live),0.414,0.548,-7.544,0.0247,0.366,4.53e-06,0.749,0.576,90.425
A. Manthos - Live,Thanasis Papakonstantinou,Ta Zontana (Live),0.431,0.254,-13.524,0.0615,0.652,0.0,0.836,0.307,111.291
Kalanta - Live,Thanasis Papakonstantinou,Ta Zontana (Live),0.573,0.752,-6.002,0.11,0.105,0.0122,0.313,0.554,144.782
Oneiro - Live,Thanasis Papakonstantinou,Ta Zontana (Live),0.448,0.349,-10.369,0.0286,0.458,9.32e-05,0.0801,0.139,110.161
Palia Pligi - Live,Thanasis Papakonstantinou,Ta Zontana (Live),0.503,0.531,-9.084,0.0308,0.269,0.0,0.864,0.266,123.544
Oi Gries - Live,Thanasis Papakonstantinou,Ta Zontana (Live),0.302,0.454,-8.015,0.0417,0.324,0.0,0.662,0.283,142.53
Vale Krasi - Live,Thanasis Papakonstantinou,Ta Zontana (Live),0.458,0.815,-7.231,0.0529,0.0948,0.838,0.899,0.657,100.456
Erima Kormia - Live,Thanasis Papakonstantinou,Ta Zontana (Live),0.531,0.802,-7.164,0.033,0.146,0.00183,0.688,0.325,101.923
Varka Mou Mpogiatismeni - Live,Thanasis Papakonstantinou,Ta Zontana (Live),0.374,0.111,-13.963,0.0994,0.927,0.0,0.967,0.255,96.429
Astro Tou Proinou - Live,Thanasis Papakonstantinou,Ta Zontana (Live),0.516,0.367,-11.955,0.035,0.282,0.00353,0.12,0.187,78.176
The Guns of Brixton - Live,Thanasis Papakonstantinou,Ta Zontana (Live),0.505,0.621,-9.687,0.0512,0.147,0.000782,0.622,0.364,82.151
Giorti,Thanasis Papakonstantinou,Lafyra (feat. Ashkhabad),0.354,0.536,-9.617,0.0425,0.266,0.00569,0.556,0.488,134.348
Aeriko,Thanasis Papakonstantinou,Lafyra (feat. Ashkhabad),0.372,0.102,-10.548,0.0338,0.761,0.0,0.112,0.329,62.264
Vale Krasi,Thanasis Papakonstantinou,Lafyra (feat. Ashkhabad),0.571,0.679,-8.63,0.0372,0.356,7.3e-05,0.109,0.687,90.541
Stylitis,Thanasis Papakonstantinou,Lafyra (feat. Ashkhabad),0.388,0.368,-10.21,0.0301,0.602,1.32e-05,0.108,0.369,105.719
Opoios Agapise Den Kserei Na To Pei,Thanasis Papakonstantinou,Lafyra (feat. Ashkhabad),0.516,0.531,-9.171,0.0408,0.521,0.000167,0.0873,0.785,179.282
I Lathos Moirasia,Thanasis Papakonstantinou,Lafyra (feat. Ashkhabad),0.438,0.361,-8.795,0.0332,0.78,0.00106,0.326,0.385,66.536
Armatolo,Thanasis Papakonstantinou,Lafyra (feat. Ashkhabad),0.551,0.789,-9.324,0.0393,0.0289,0.0351,0.0361,0.886,109.831
Milo Gia Sena,Thanasis Papakonstantinou,Lafyra (feat. Ashkhabad),0.288,0.381,-8.997,0.0293,0.0204,0.000173,0.077,0.335,137.699
Ta Lafyra Tis Nyhtas,Thanasis Papakonstantinou,Lafyra (feat. Ashkhabad),0.439,0.32,-10.254,0.0313,0.717,5.08e-06,0.228,0.405,112.929
Alexandra,Thanasis Papakonstantinou,Lafyra (feat. Ashkhabad),0.647,0.333,-11.211,0.0359,0.647,1.26e-05,0.254,0.499,121.248
Apopse,Thanasis Papakonstantinou,Lafyra (feat. Ashkhabad),0.647,0.215,-13.661,0.0361,0.76,0.000429,0.0789,0.273,119.284
Apoxairetismos,Thanasis Papakonstantinou,Lafyra (feat. Ashkhabad),0.437,0.502,-13.051,0.0394,0.141,0.37,0.17,0.522,82.396
Agrypnia,Thanasis Papakonstantinou,Agrypnia,0.484,0.422,-10.915,0.0336,0.908,0.000955,0.232,0.134,97.258
S' Afino Geia - Instrumental,Thanasis Papakonstantinou,Agrypnia,0.525,0.38,-10.486,0.0273,0.279,0.688,0.119,0.176,136.132
Adeioi Topoi,Thanasis Papakonstantinou,Agrypnia,0.648,0.436,-9.38,0.0232,0.572,0.00656,0.0938,0.323,97.399
Liquid - Instrumental,Thanasis Papakonstantinou,Agrypnia,0.606,0.607,-9.912,0.0429,0.29,0.93,0.371,0.244,117.244
Teiresias,Thanasis Papakonstantinou,Agrypnia,0.524,0.487,-8.57,0.0291,0.648,2.92e-05,0.122,0.418,88.333
Ergo Ar. 1 Se Mib Gia Tsekouri Kai Tileorasi - Instrumental,Thanasis Papakonstantinou,Agrypnia,0.583,0.0139,-21.945,0.121,0.000161,0.643,0.0822,0.036,124.701
Rua Da Bella Vista,Thanasis Papakonstantinou,Agrypnia,0.572,0.551,-10.736,0.0382,0.55,0.248,0.0919,0.343,118.907
Enypnio - Instrumental,Thanasis Papakonstantinou,Agrypnia,0.328,0.617,-11.15,0.0357,0.4,0.876,0.319,0.232,98.651
Kalanta,Thanasis Papakonstantinou,Agrypnia,0.616,0.384,-8.626,0.0333,0.679,0.0491,0.0656,0.454,150.699
Agia Nostalgia,Thanasis Papakonstantinou,Agrypnia,0.426,0.441,-7.145,0.0269,0.225,0.0264,0.0723,0.37,79.478
Dromeas - Instrumental,Thanasis Papakonstantinou,Agrypnia,0.457,0.4,-10.536,0.0401,0.581,0.881,0.13,0.769,112.739
Na Vgaineis Ap' To Oneiro,Thanasis Papakonstantinou,Agrypnia,0.396,0.344,-9.014,0.0272,0.825,0.00603,0.0904,0.28,93.517
Astro Tou Proinou,Thanasis Papakonstantinou,Agrypnia,0.537,0.371,-9.953,0.0368,0.598,5.22e-06,0.36,0.192,79.281
Aspromonte,Dionysis Savvopoulos,O Samanos,0.7,0.902,-5.879,0.0786,0.0593,0.0,0.1,0.749,110.011
Afto,Dionysis Savvopoulos,O Samanos,0.629,0.519,-6.776,0.0443,0.353,0.0,0.0821,0.341,66.063
O Fortino Samano,Dionysis Savvopoulos,O Samanos,0.707,0.482,-9.036,0.0336,0.526,0.000178,0.146,0.497,125.042
Zeibekiko Tis Kiriakis,Dionysis Savvopoulos,O Samanos,0.759,0.527,-7.604,0.0415,0.438,0.000142,0.076,0.828,134.944
Oryheia,Dionysis Savvopoulos,O Samanos,0.491,0.531,-5.232,0.031,0.00707,8.48e-05,0.113,0.432,173.502
Ramon,Dionysis Savvopoulos,O Samanos,0.478,0.413,-9.598,0.0309,0.699,0.0774,0.254,0.286,87.026
San Astrapi,Dionysis Savvopoulos,O Samanos,0.7,0.405,-10.069,0.0353,0.759,0.000126,0.177,0.304,112.038
Sara,Dionysis Savvopoulos,O Samanos,0.382,0.157,-14.948,0.0368,0.885,0.000704,0.143,0.0918,92.434
To Kalesma,Dionysis Savvopoulos,O Samanos,0.684,0.605,-7.256,0.0418,0.363,0.0,0.0943,0.5,140.125
Attinse,Dionysis Savvopoulos,O Samanos,0.629,0.405,-8.336,0.0238,0.333,0.00248,0.0576,0.422,100.09
O Methistis,Dionysis Savvopoulos,O Samanos,0.602,0.0778,-14.735,0.0675,0.896,0.0,0.199,0.478,84.935
Ola Ta Proina,Dionysis Savvopoulos,O Samanos,0.365,0.319,-11.199,0.044,0.794,6.01e-05,0.0475,0.484,68.812
Stis Haravges Xehniemai,Thanasis Papakonstantinou,Agia Nostalgia,0.418,0.362,-11.967,0.0333,0.802,0.0,0.436,0.558,143.898
Epitymvio,Thanasis Papakonstantinou,Agia Nostalgia,0.641,0.539,-10.842,0.0501,0.179,9.01e-05,0.0938,0.867,142.743
Heria Trelamena,Thanasis Papakonstantinou,Agia Nostalgia,0.531,0.449,-10.777,0.0281,0.672,1.99e-06,0.0506,0.794,169.591
Lykos Kakos,Thanasis Papakonstantinou,Agia Nostalgia,0.731,0.359,-9.892,0.0371,0.541,0.0,0.074,0.7,129.272
Me To Feggari Pies,Thanasis Papakonstantinou,Agia Nostalgia,0.42,0.322,-11.229,0.0307,0.512,0.0,0.174,0.558,151.599
Pasta Me Kerasaki,Thanasis Papakonstantinou,Agia Nostalgia,0.608,0.269,-11.897,0.0371,0.375,0.0,0.0663,0.907,128.448
Organiko - Instrumental,Thanasis Papakonstantinou,Agia Nostalgia,0.657,0.542,-8.089,0.0424,0.0954,0.0506,0.136,0.433,133.043
Oneiro,Thanasis Papakonstantinou,Agia Nostalgia,0.509,0.354,-11.39,0.0429,0.806,0.0,0.0816,0.479,145.265
Tria Roubagiat,Thanasis Papakonstantinou,Agia Nostalgia,0.366,0.403,-10.739,0.0348,0.577,0.0,0.128,0.511,63.535
Diafanes Avlaies,Thanasis Papakonstantinou,Agia Nostalgia,0.462,0.305,-11.608,0.0738,0.699,0.0,0.0487,0.486,184.415
Kantilanaftis,Thanasis Papakonstantinou,Agia Nostalgia,0.735,0.5,-8.79,0.0508,0.469,0.0,0.0778,0.967,131.931
O Komitis Tou Halley,Thanasis Papakonstantinou,Agia Nostalgia,0.596,0.426,-11.223,0.0451,0.375,0.0,0.089,0.249,118.394
Andromeda,Thanasis Papakonstantinou,Stin Andromeda Kai Sti Gi,0.688,0.368,-10.819,0.0346,0.683,0.0,0.189,0.499,122.853
Plana Ksenitia,Thanasis Papakonstantinou,Stin Andromeda Kai Sti Gi,0.74,0.371,-9.054,0.03,0.709,1.28e-06,0.0848,0.576,100.049
Tou Kato Kosmou Oi Fylakes,Thanasis Papakonstantinou,Stin Andromeda Kai Sti Gi,0.413,0.343,-11.947,0.0277,0.528,0.0313,0.275,0.425,106.842
Kato Ap' To Maksilari,Thanasis Papakonstantinou,Stin Andromeda Kai Sti Gi,0.558,0.312,-9.74,0.0345,0.678,2.54e-05,0.104,0.555,168.206
Nyhteri,Thanasis Papakonstantinou,Stin Andromeda Kai Sti Gi,0.486,0.158,-13.89,0.0291,0.743,0.0,0.124,0.13,135.701
I Vera,Thanasis Papakonstantinou,Stin Andromeda Kai Sti Gi,0.813,0.485,-9.591,0.0387,0.372,3.5e-05,0.258,0.91,134.386
Dentro Monaho,Thanasis Papakonstantinou,Stin Andromeda Kai Sti Gi,0.66,0.288,-9.307,0.0304,0.802,0.0,0.169,0.503,132.079
I Trata,Thanasis Papakonstantinou,Stin Andromeda Kai Sti Gi,0.589,0.34,-11.338,0.0289,0.841,0.0,0.0645,0.35,136.495
Oi Kalogeroi,Thanasis Papakonstantinou,Stin Andromeda Kai Sti Gi,0.668,0.355,-8.684,0.0252,0.677,6.12e-06,0.247,0.532,107.245
Osoi,Thanasis Papakonstantinou,Stin Andromeda Kai Sti Gi,0.829,0.501,-9.138,0.0323,0.356,1.59e-06,0.241,0.723,116.18
Oi Potes Tis Strongylis Trapezis,Thanasis Papakonstantinou,Stin Andromeda Kai Sti Gi,0.279,0.211,-14.406,0.0316,0.676,0.000111,0.138,0.153,94.795
Loco-Motivo - Instrumental,Thanasis Papakonstantinou,O Elahistos Eaftos,0.307,0.0476,-21.267,0.0373,0.964,0.915,0.118,0.119,68.659
O Elahistos Eaftos,Thanasis Papakonstantinou,O Elahistos Eaftos,0.661,0.409,-9.843,0.0291,0.843,0.191,0.101,0.278,100.055
Poios Tha Me Thymatai,Thanasis Papakonstantinou,O Elahistos Eaftos,0.428,0.613,-8.226,0.21,0.689,0.044,0.137,0.472,87.516
San Michele,Thanasis Papakonstantinou,O Elahistos Eaftos,0.386,0.349,-9.378,0.0506,0.861,4.51e-06,0.116,0.331,78.462
Antarktiki,Thanasis Papakonstantinou,O Elahistos Eaftos,0.533,0.696,-8.071,0.0306,0.235,0.369,0.0836,0.502,127.622
San Paidi,Thanasis Papakonstantinou,O Elahistos Eaftos,0.722,0.629,-6.764,0.0247,0.751,0.472,0.1,0.566,106.025
Tou Erota Kai Tou Thanatou,Thanasis Papakonstantinou,O Elahistos Eaftos,0.649,0.262,-10.196,0.0303,0.927,4.14e-05,0.155,0.359,110.898
Omihli,Thanasis Papakonstantinou,O Elahistos Eaftos,0.659,0.201,-14.626,0.0405,0.869,0.538,0.106,0.241,118.169
Erotisi Kriseos,Thanasis Papakonstantinou,O Elahistos Eaftos,0.553,0.467,-12.061,0.136,0.565,1.68e-06,0.111,0.805,100.431
Simoun,Thanasis Papakonstantinou,O Elahistos Eaftos,0.723,0.267,-10.283,0.0417,0.95,1.72e-05,0.0951,0.308,132.928
Fegaros - Instrumental,Thanasis Papakonstantinou,O Elahistos Eaftos,0.627,0.631,-9.487,0.0574,0.588,0.948,0.104,0.251,91.927
Ta Tragoudia Pou Egrapsa,Thanasis Papakonstantinou,O Elahistos Eaftos,0.394,0.326,-13.398,0.051,0.872,0.104,0.109,0.26,103.685
Mikri Istoria - Bonus Track,Thanasis Papakonstantinou,O Elahistos Eaftos,0.788,0.293,-14.85,0.14,0.548,0.242,0.107,0.425,85.255
Imeros Ipnos - Remastered,Thanasis Papakonstantinou,Vrachnos Profitis (Remastered),0.265,0.413,-7.558,0.0329,0.309,0.000142,0.162,0.254,102.007
Otan Charazei - Remastered,Thanasis Papakonstantinou,Vrachnos Profitis (Remastered),0.564,0.418,-8.965,0.0342,0.00551,0.433,0.135,0.549,179.999
Palia Pligi - Remastered,Thanasis Papakonstantinou,Vrachnos Profitis (Remastered),0.688,0.689,-7.28,0.0319,0.444,0.000257,0.111,0.515,123.954
A. Manthos - Remastered,Thanasis Papakonstantinou,Vrachnos Profitis (Remastered),0.367,0.327,-9.322,0.0306,0.643,0.000806,0.109,0.123,80.027
Pechlivanis - Remastered,Thanasis Papakonstantinou,Vrachnos Profitis (Remastered),0.658,0.44,-7.811,0.0432,0.294,0.00103,0.0909,0.445,122.233
Oi Treis Anthoi - Remastered,Thanasis Papakonstantinou,Vrachnos Profitis (Remastered),0.636,0.527,-7.703,0.0244,0.363,8.54e-05,0.149,0.64,105.965
Oi Gries (Intro) - Remastered,Thanasis Papakonstantinou,Vrachnos Profitis (Remastered),0.22,0.102,-14.517,0.0352,0.96,0.0,0.29,0.16,76.803
Oi Gries - Remastered,Thanasis Papakonstantinou,Vrachnos Profitis (Remastered),0.453,0.776,-5.226,0.0322,0.12,0.000675,0.233,0.659,143.031
Atman - Remastered,Thanasis Papakonstantinou,Vrachnos Profitis (Remastered),0.454,0.629,-7.405,0.0253,0.556,0.11,0.0615,0.695,160.023
"Oute Trigmos, Oute Lygmos - Remastered",Thanasis Papakonstantinou,Vrachnos Profitis (Remastered),0.478,0.531,-7.419,0.03,0.459,0.00215,0.38,0.664,111.805
Sabah - Remastered,Thanasis Papakonstantinou,Vrachnos Profitis (Remastered),0.55,0.543,-9.7,0.035,0.384,0.581,0.15,0.538,158.918
M 81 (Instrumental) - Remastered,Thanasis Papakonstantinou,Vrachnos Profitis (Remastered),0.191,0.412,-8.763,0.0419,0.916,0.00356,0.153,0.0586,80.326
Oti Den Borese,Thanasis Papakonstantinou,I Vrohi Apo Kato,0.364,0.116,-21.555,0.0602,0.956,0.0,0.0796,0.235,110.55
Valia Kalda,Thanasis Papakonstantinou,I Vrohi Apo Kato,0.378,0.275,-15.178,0.0338,0.873,0.33,0.144,0.256,98.422
O Skylos Ton Astron - Instrumental,Thanasis Papakonstantinou,I Vrohi Apo Kato,0.573,0.301,-15.925,0.0492,0.439,0.682,0.371,0.0492,119.865
Oryheia,Thanasis Papakonstantinou,I Vrohi Apo Kato,0.595,0.16,-14.886,0.0323,0.944,0.0101,0.0716,0.0755,91.785
Aypni Poli,Thanasis Papakonstantinou,I Vrohi Apo Kato,0.664,0.336,-12.615,0.0506,0.331,0.833,0.193,0.385,113.958
Mou 'Klases T' Arhidia Kyrie Moirarhe - Instrumental,Thanasis Papakonstantinou,I Vrohi Apo Kato,0.729,0.23,-13.816,0.0583,0.848,6.59e-06,0.782,0.526,104.424
Sara,Thanasis Papakonstantinou,I Vrohi Apo Kato,0.475,0.139,-16.426,0.0324,0.966,0.00163,0.33,0.18,93.476
I Vrohi Apo Kato - Instrumental,Thanasis Papakonstantinou,I Vrohi Apo Kato,0.208,0.268,-17.852,0.0463,0.915,0.969,0.715,0.195,85.434
To Oneiro Tis Skias - Instrumental,Thanasis Papakonstantinou,I Vrohi Apo Kato,0.485,0.312,-14.448,0.0316,0.515,0.00733,0.2,0.485,98.001
Ta Molyvia,Thanasis Papakonstantinou,I Vrohi Apo Kato,0.3,0.583,-10.365,0.0567,0.429,0.428,0.103,0.205,128.908
O Tselnikas,Thanasis Papakonstantinou,I Vrohi Apo Kato,0.318,0.096,-15.77,0.0465,0.953,0.0,0.35,0.175,142.969
O Satie Sti Himara - Instrumental,Thanasis Papakonstantinou,I Vrohi Apo Kato,0.248,0.0839,-19.574,0.035,0.954,0.615,0.0975,0.178,89.824
Tora Telos,Thanasis Papakonstantinou,I Vrohi Apo Kato,0.382,0.158,-14.799,0.0415,0.76,0.412,0.312,0.376,91.369
Ki Alli Aypni Poli,Thanasis Papakonstantinou,I Vrohi Apo Kato,0.362,0.737,-9.189,0.178,0.361,0.489,0.538,0.224,118.386
Argo,Thanos Mikroutsikos,Yperoha Monahoi,0.473,0.299,-11.964,0.0323,0.454,0.0,0.0732,0.334,116.423
Tis Thalassas Ta Magia,Thanos Mikroutsikos,Yperoha Monahoi,0.621,0.372,-11.15,0.0536,0.489,0.0,0.0479,0.54,85.801
Koukos Monos S' Ena Tamplo,Thanos Mikroutsikos,Yperoha Monahoi,0.673,0.478,-9.742,0.0396,0.298,0.0,0.125,0.623,75.993
Pyramides,Thanos Mikroutsikos,Yperoha Monahoi,0.372,0.266,-11.934,0.031,0.859,0.0,0.0587,0.182,86.834
Oroskopio,Thanos Mikroutsikos,Yperoha Monahoi,0.435,0.456,-10.285,0.0719,0.5,1.75e-06,0.0585,0.259,188.984
Pantomima,Thanos Mikroutsikos,Yperoha Monahoi,0.335,0.0772,-18.239,0.0373,0.941,0.000222,0.0999,0.11,68.586
Blues On The Road,Thanos Mikroutsikos,Yperoha Monahoi,0.365,0.362,-10.579,0.0386,0.436,0.0,0.0846,0.321,83.474
Stis Gorgonas To Ftero,Thanos Mikroutsikos,Yperoha Monahoi,0.547,0.465,-9.536,0.0464,0.162,0.0,0.0893,0.0845,86.064
Ypnovatis,Thanos Mikroutsikos,Yperoha Monahoi,0.639,0.408,-9.612,0.0301,0.579,0.0,0.112,0.527,114.922
To Ravdi Kai To Kleidi,Thanos Mikroutsikos,Yperoha Monahoi,0.725,0.442,-12.217,0.0422,0.145,0.0,0.144,0.51,115.94
Chartini Zoi,Thanos Mikroutsikos,Yperoha Monahoi,0.718,0.571,-9.478,0.0477,0.251,0.0,0.33,0.748,126.161
Stou Adam Tin Exoria,Thanos Mikroutsikos,Yperoha Monahoi,0.708,0.541,-9.26,0.0561,0.122,0.0,0.0965,0.174,119.956
Sintarta,Thanos Mikroutsikos,Yperoha Monahoi,0.409,0.532,-8.169,0.0359,0.657,0.0,0.102,0.31,109.539
Kuro Siwo,Thanos Mikroutsikos,O Stavros Tou Notou Tou Nikou Kavvadia,0.508,0.427,-8.229,0.0446,0.925,1.22e-06,0.105,0.429,117.045
Thessaloniki,Thanos Mikroutsikos,O Stavros Tou Notou Tou Nikou Kavvadia,0.499,0.315,-9.889,0.0352,0.87,0.000123,0.104,0.256,109.512
Stavros Tou Notou,Thanos Mikroutsikos,O Stavros Tou Notou Tou Nikou Kavvadia,0.37,0.518,-8.908,0.0342,0.756,6.42e-05,0.224,0.156,145.516
To Mahairi,Thanos Mikroutsikos,O Stavros Tou Notou Tou Nikou Kavvadia,0.546,0.536,-8.843,0.0448,0.872,1.08e-05,0.335,0.504,119.916
Gynaika,Thanos Mikroutsikos,O Stavros Tou Notou Tou Nikou Kavvadia,0.381,0.0898,-15.137,0.0484,0.985,0.00486,0.123,0.109,71.359
Enas Negros Thermastis Apo To Tzimpouti,Thanos Mikroutsikos,O Stavros Tou Notou Tou Nikou Kavvadia,0.538,0.759,-7.692,0.0834,0.439,3.42e-05,0.108,0.512,142.725
Federico Garcia Lorca,Thanos Mikroutsikos,O Stavros Tou Notou Tou Nikou Kavvadia,0.512,0.357,-8.505,0.0355,0.904,0.0,0.114,0.589,77.024
Armida,Thanos Mikroutsikos,O Stavros Tou Notou Tou Nikou Kavvadia,0.655,0.535,-6.151,0.048,0.768,0.0,0.209,0.919,124.661
Cambay's Water,Thanos Mikroutsikos,O Stavros Tou Notou Tou Nikou Kavvadia,0.462,0.304,-10.59,0.0349,0.898,0.000622,0.113,0.312,66.381
Esmeralda,Thanos Mikroutsikos,O Stavros Tou Notou Tou Nikou Kavvadia,0.571,0.518,-8.988,0.0909,0.716,0.0,0.242,0.654,87.841
Pikria,Thanos Mikroutsikos,O Stavros Tou Notou Tou Nikou Kavvadia,0.455,0.327,-9.305,0.0281,0.857,0.0,0.101,0.436,75.343
Nikos Ploumpidis,Thanos Mikroutsikos,Troparia Gia Foniades,0.387,0.461,-9.926,0.0312,0.711,4.82e-06,0.281,0.396,153.873
I Dikopi Zoi,Thanos Mikroutsikos,Troparia Gia Foniades,0.44,0.595,-7.658,0.0323,0.638,0.0,0.108,0.512,105.766
Eisai I Preveza Kai To Kilkis,Thanos Mikroutsikos,Troparia Gia Foniades,0.488,0.197,-12.603,0.0515,0.907,0.0,0.112,0.226,90.284
Thanatos Apo Kaimo,Thanos Mikroutsikos,Troparia Gia Foniades,0.483,0.525,-7.851,0.0814,0.64,0.0,0.0311,0.496,80.006
I Kivotos,Thanos Mikroutsikos,Troparia Gia Foniades,0.399,0.557,-6.879,0.0332,0.639,0.000139,0.172,0.288,146.601
Peripatos Sti Nigrita,Thanos Mikroutsikos,Troparia Gia Foniades,0.412,0.133,-16.574,0.0339,0.981,0.0856,0.0973,0.245,71.615
Roza Luxemburg,Thanos Mikroutsikos,Troparia Gia Foniades,0.483,0.425,-9.419,0.0388,0.811,0.0,0.366,0.616,109.748
Psila Sta Parathyra,Thanos Mikroutsikos,Troparia Gia Foniades,0.542,0.257,-9.045,0.0318,0.758,0.000348,0.292,0.52,88.03
Kostas Mihos,Thanos Mikroutsikos,Troparia Gia Foniades,0.656,0.488,-7.044,0.0378,0.698,0.0,0.142,0.531,90.17
Ta Pagonia Tis Thalassas,Thanos Mikroutsikos,Troparia Gia Foniades,0.391,0.335,-10.022,0.0307,0.728,0.000973,0.267,0.277,134.318
Den Pigaineis Den Gyrizeis,Thanos Mikroutsikos,Troparia Gia Foniades,0.561,0.453,-7.56,0.0886,0.588,0.0,0.0661,0.686,124.608
Otan Tha Deis Kapno,Thanos Mikroutsikos,Troparia Gia Foniades,0.735,0.599,-7.651,0.289,0.846,3.65e-05,0.317,0.596,138.945
"I Dikopi Zoi, Pt. 2",Thanos Mikroutsikos,Troparia Gia Foniades,0.429,0.348,-11.764,0.0263,0.951,0.0147,0.18,0.399,95.242
Erotiko,Haris Alexiou,I Agapi Ine Zali,0.438,0.556,-7.131,0.0335,0.689,0.0,0.0817,0.346,131.69
An Thes Na Figis,Haris Alexiou,I Agapi Ine Zali,0.453,0.51,-7.783,0.0546,0.541,2.72e-06,0.124,0.387,198.789
Etsi Prepei Na Ginei Etsi Tha Ginei,Thanos Mikroutsikos,Politika Tragoudia,0.651,0.579,-6.333,0.062,0.737,0.0,0.292,0.795,113.192
Komantate Tse Gkevara,Thanos Mikroutsikos,Politika Tragoudia,0.458,0.436,-7.694,0.0361,0.75,0.0,0.0772,0.367,121.322
Mpalanta Gia Tous Asfalites,Thanos Mikroutsikos,Politika Tragoudia,0.554,0.577,-8.534,0.108,0.438,0.0,0.389,0.584,123.59
I Mpalanta Tou Operater,Thanos Mikroutsikos,Politika Tragoudia,0.447,0.581,-7.493,0.0516,0.826,0.0,0.158,0.39,122.299
O Syntrofos Choulian Gkrimaou,Thanos Mikroutsikos,Politika Tragoudia,0.394,0.304,-7.004,0.0336,0.825,0.0,0.0944,0.0779,88.515
Aftous Tous Eho Varethei,Thanos Mikroutsikos,Politika Tragoudia,0.41,0.645,-7.542,0.229,0.714,0.0,0.137,0.533,192.484
Mikrokosmos,Thanos Mikroutsikos,Politika Tragoudia,0.685,0.485,-8.604,0.0655,0.876,0.0,0.0523,0.973,108.214
An I Misi Mou Kardia,Thanos Mikroutsikos,Politika Tragoudia,0.332,0.472,-9.899,0.0685,0.713,0.0,0.0886,0.391,184.875
"To Epos Tou Seihi Mpentrentin, I",Thanos Mikroutsikos,Politika Tragoudia,0.486,0.48,-8.423,0.0486,0.868,1.72e-06,0.146,0.213,125.889
"To Epos Tou Seihi Mpentrentin, II",Thanos Mikroutsikos,Politika Tragoudia,0.512,0.153,-14.615,0.0496,0.949,0.0,0.109,0.369,93.156
Chionizei Mes' Ti Nychta,Thanos Mikroutsikos,Politika Tragoudia,0.49,0.341,-10.502,0.0324,0.867,0.0,0.124,0.286,114.755
I Pio Omorfi Thalassa,Thanos Mikroutsikos,Politika Tragoudia,0.494,0.136,-13.12,0.0401,0.929,0.0,0.118,0.554,113.453
Afto Einai,Thanos Mikroutsikos,Politika Tragoudia,0.386,0.458,-7.372,0.0334,0.773,2.74e-05,0.1,0.2,121.429
Louna Park,Dimitris Mitropanos,Stou Eona Tin Paraga,0.28,0.315,-12.45,0.0358,0.636,0.0,0.0992,0.36,93.984
Roza,Dimitris Mitropanos,Stou Eona Tin Paraga,0.705,0.421,-11.141,0.0316,0.339,0.0,0.119,0.569,129.81
Atakes,Dimitris Mitropanos,Stou Eona Tin Paraga,0.604,0.264,-14.456,0.0322,0.42,0.0,0.0836,0.21,132.022
Patision Ke Paramithiou Gonia,Dimitris Mitropanos,Stou Eona Tin Paraga,0.685,0.377,-13.173,0.0297,0.236,1.39e-05,0.102,0.462,131.933
Mia Palia Fotografia,Dimitris Mitropanos,Stou Eona Tin Paraga,0.423,0.461,-10.791,0.041,0.33,0.0,0.245,0.541,101.175
Panta Gelastoi,Dimitris Mitropanos,Stou Eona Tin Paraga,0.635,0.421,-10.971,0.0313,0.511,0.0,0.102,0.74,143.891
Dimodes,Dimitris Mitropanos,Stou Eona Tin Paraga,0.532,0.366,-12.006,0.0262,0.538,0.0,0.12,0.429,68.998
Kosme Mou 'Gines Pligi,Dimitris Mitropanos,Stou Eona Tin Paraga,0.704,0.458,-10.388,0.0309,0.334,0.0,0.0576,0.468,111.385
Tha Kopso To Kefali Sou,Dimitris Mitropanos,Stou Eona Tin Paraga,0.637,0.228,-13.526,0.0304,0.395,1.92e-06,0.0715,0.372,110.114
Ta Plia Ton Eroton,Dimitris Mitropanos,Stou Eona Tin Paraga,0.573,0.463,-13.875,0.0461,0.569,1.6e-05,0.0961,0.334,83.893
Anemologio,George Dalaras,Signomi Gia Tin Amina,0.447,0.43,-15.292,0.108,0.737,0.0,0.108,0.473,126.75
Here Ftohia,George Dalaras,Signomi Gia Tin Amina,0.462,0.281,-16.178,0.045,0.624,0.0,0.0719,0.123,88.29
Signomi Gia Tin Amina,George Dalaras,Signomi Gia Tin Amina,0.545,0.275,-17.613,0.0369,0.857,2.33e-06,0.109,0.268,92.116
Monaxia... Hiliades Filla,George Dalaras,Signomi Gia Tin Amina,0.577,0.256,-17.537,0.0485,0.871,0.0,0.0836,0.32,111.111
Prospektous,George Dalaras,Signomi Gia Tin Amina,0.48,0.393,-14.996,0.0983,0.457,0.0,0.277,0.549,128.929
Veelzevoul,George Dalaras,Signomi Gia Tin Amina,0.71,0.527,-14.027,0.0425,0.248,0.0,0.0962,0.7,91.892
Misos,George Dalaras,Signomi Gia Tin Amina,0.657,0.274,-15.863,0.0472,0.399,0.0,0.0587,0.701,99.54
Ena Ke To Afto,George Dalaras,Signomi Gia Tin Amina,0.579,0.253,-18.046,0.0312,0.547,0.0,0.0721,0.563,116.166
Palirria,George Dalaras,Signomi Gia Tin Amina,0.411,0.242,-16.318,0.0349,0.653,0.0,0.102,0.444,123.205
1-0,George Dalaras,Signomi Gia Tin Amina,0.605,0.143,-19.002,0.031,0.707,9.44e-05,0.107,0.504,101.003
Ke Ohi Monon,George Dalaras,Signomi Gia Tin Amina,0.335,0.0651,-19.146,0.0457,0.93,0.0,0.0847,0.23,96.879
Arlekin - Remastered,Thanos Mikroutsikos,O Thanos Mikroutsikos Tragoudai Thano Mikroutsiko,0.435,0.578,-8.886,0.0423,0.0579,0.0,0.0896,0.649,84.966
Gia Ton Ftoho V.V.,Thanos Mikroutsikos,O Thanos Mikroutsikos Tragoudai Thano Mikroutsiko,0.432,0.324,-11.765,0.0333,0.952,7.81e-06,0.0649,0.367,134.848
H Mpalanta Tis Apofasis,Thanos Mikroutsikos,Fouente Ovehouna,0.381,0.536,-8.061,0.0354,0.556,0.0,0.115,0.669,99.606
I Mpalanta Tis Fouente Ovehouna,Thanos Mikroutsikos,Fouente Ovehouna,0.49,0.49,-10.616,0.0529,0.923,6.73e-06,0.0505,0.273,100.636
I Mpalanta Tou Teleth Ziron,Thanos Mikroutsikos,Fouente Ovehouna,0.257,0.311,-10.356,0.0346,0.902,0.0159,0.0531,0.301,100.779
To Tragoudi Tou Dioikiti,Thanos Mikroutsikos,Fouente Ovehouna,0.745,0.34,-8.847,0.102,0.866,0.0,0.0473,0.95,123.27
Mikro Erotiko,Thanos Mikroutsikos,Fouente Ovehouna,0.536,0.254,-16.568,0.0631,0.959,0.839,0.185,0.525,103.974
I Mpalanta Ton Vasiliadon,Thanos Mikroutsikos,Fouente Ovehouna,0.366,0.366,-10.086,0.0459,0.932,0.0,0.275,0.29,92.869
To Tragoudi Tou Gamou,Thanos Mikroutsikos,Fouente Ovehouna,0.54,0.628,-8.774,0.0341,0.672,3.5e-06,0.304,0.642,135.394
I Mpalanta Tou Xesikomou,Thanos Mikroutsikos,Fouente Ovehouna,0.554,0.696,-9.287,0.0353,0.515,0.00738,0.121,0.883,110.011
Epinikia,Thanos Mikroutsikos,Fouente Ovehouna,0.58,0.722,-6.667,0.132,0.722,0.0,0.0947,0.791,117.642
Horos - Instrumental,Thanos Mikroutsikos,Fouente Ovehouna,0.687,0.659,-9.968,0.061,0.88,0.841,0.0628,0.78,153.051
I Mpalanta Tis Nychtas,Thanos Mikroutsikos,Fouente Ovehouna,0.347,0.26,-12.63,0.0296,0.953,0.0231,0.103,0.271,94.82
I Exegersi,Thanos Mikroutsikos,Fouente Ovehouna,0.213,0.659,-13.153,0.094,0.83,0.773,0.152,0.0533,141.738
Melodia T' Ouranou - Instrumental,Thanos Mikroutsikos,Fouente Ovehouna,0.392,0.214,-12.626,0.0516,0.881,0.0685,0.11,0.221,72.582
I Mpalanta Tis Apofasis - Instrumental,Thanos Mikroutsikos,Fouente Ovehouna,0.377,0.568,-8.357,0.0369,0.455,0.0,0.184,0.69,99.352
Adikira,Thomas Bakalakos,Prostates,0.62,0.266,-12.596,0.0387,0.718,0.0,0.0874,0.606,99.945
Evropi,Thomas Bakalakos,Prostates,0.848,0.304,-13.666,0.0413,0.611,2.42e-05,0.222,0.658,105.278
Larimna,Thomas Bakalakos,Prostates,0.463,0.16,-15.717,0.0337,0.948,0.000787,0.13,0.306,69.682
Psahno Ellada Na Se Vro,Thomas Bakalakos,Prostates,0.784,0.436,-11.513,0.0302,0.601,1.21e-06,0.294,0.961,104.944
Kapsane To Dasos,Thomas Bakalakos,Prostates,0.709,0.269,-12.319,0.0408,0.823,0.0006,0.063,0.768,115.414
Horis Idikotita,Thomas Bakalakos,Prostates,0.479,0.192,-14.269,0.0339,0.977,0.181,0.33,0.363,100.327
To Gramma,Thomas Bakalakos,Prostates,0.423,0.197,-15.635,0.0374,0.912,1.07e-06,0.126,0.228,87.622
Arnoume Na Pethano,Thomas Bakalakos,Prostates,0.711,0.486,-11.135,0.0323,0.789,7.18e-05,0.161,0.753,100.697
Laos Prostatis,Thomas Bakalakos,Prostates,0.563,0.294,-11.757,0.0367,0.606,0.0,0.0756,0.416,97.495
Ta Thavmata,Thomas Bakalakos,Prostates,0.769,0.365,-11.959,0.0362,0.587,0.000229,0.137,0.776,108.904
Doulia Ke Agonas,Thomas Bakalakos,Prostates,0.501,0.278,-14.91,0.0297,0.812,0.000577,0.391,0.542,84.609
Proti Tou Mai,Thomas Bakalakos,Prostates,0.771,0.508,-11.263,0.0392,0.802,7.1e-06,0.0712,0.922,123.097
To Tragoudi Tou Laou,Thomas Bakalakos,Prostates,0.637,0.217,-11.706,0.0402,0.912,2.25e-05,0.153,0.715,135.304
Akrovatis,Tripes,Tripes,0.61,0.596,-14.022,0.0306,0.00131,0.0186,0.235,0.876,131.898
Vradini Plani,Tripes,Tripes,0.413,0.84,-13.014,0.0528,0.000288,0.133,0.0912,0.694,160.217
Strimogmenos,Tripes,Tripes,0.488,0.534,-12.528,0.0283,0.00311,0.188,0.118,0.713,136.183
Amnesia,Tripes,Tripes,0.598,0.749,-12.765,0.0473,0.0071,0.000649,0.111,0.791,159.52
Horis Emena,Tripes,Tripes,0.486,0.322,-17.177,0.0323,0.252,0.00395,0.0915,0.327,107.273
Taksidiara Psihi,Tripes,Tripes,0.55,0.68,-13.5,0.0387,0.00846,0.00734,0.0696,0.724,167.199
Ashimo Oniro,Tripes,Tripes,0.496,0.816,-12.851,0.0367,0.00139,0.00551,0.168,0.835,157.952
Ntavatzis,Tripes,Tripes,0.709,0.58,-12.25,0.0345,0.0825,0.00827,0.121,0.891,118.137
Gia Tin Patrida,Tripes,Tripes,0.572,0.699,-12.666,0.0365,0.025,0.00073,0.0918,0.902,160.899
Parakseni Poli,Tripes,Tripes,0.625,0.591,-12.464,0.0324,0.00186,0.0479,0.276,0.925,118.44
Thlimeni Sti Giorti Mas,Tripes,Tripes,0.342,0.887,-10.978,0.045,0.0156,0.0,0.055,0.711,157.506
Isodos,Tripes,Mesa Sti Nihta Ton Allon,0.194,0.821,-18.13,0.102,0.933,0.881,0.937,0.037,108.89
Akindino Tragoudaki,Tripes,Mesa Sti Nihta Ton Allon,0.342,0.877,-7.224,0.0735,0.000478,0.147,0.144,0.37,109.376
Mesa Sti Nihta Ton Allon,Tripes,Mesa Sti Nihta Ton Allon,0.523,0.921,-6.546,0.106,0.000629,0.569,0.0523,0.134,99.995
Dipsao San Psari Sto Vitho,Tripes,Mesa Sti Nihta Ton Allon,0.464,0.725,-7.817,0.0509,0.000302,0.58,0.0799,0.205,111.908
I Agonia Mou Ine Fos,Tripes,Mesa Sti Nihta Ton Allon,0.393,0.686,-8.211,0.0619,0.00213,0.746,0.0245,0.611,141.81
Giorti,Tripes,Mesa Sti Nihta Ton Allon,0.574,0.667,-6.58,0.0295,0.684,0.0325,0.549,0.37,130.866
Ime Elafris,Tripes,Mesa Sti Nihta Ton Allon,0.492,0.92,-5.592,0.0516,0.000577,0.581,0.0661,0.325,120.059
Hronos,Tripes,Mesa Sti Nihta Ton Allon,0.465,0.856,-7.34,0.0492,1.57e-05,0.656,0.155,0.568,133.995
Artistz,Tripes,Mesa Sti Nihta Ton Allon,0.483,0.816,-7.029,0.0934,0.000488,0.00353,0.0796,0.309,106.007
Dromos,Tripes,Mesa Sti Nihta Ton Allon,0.491,0.738,-7.005,0.0315,0.0365,0.628,0.0858,0.427,128.12
Fos (Dub Tou Hristou),Tripes,Mesa Sti Nihta Ton Allon,0.708,0.844,-8.134,0.0715,0.00599,0.378,0.0732,0.375,109.929
Aeras (Tou Toliou),Tripes,Mesa Sti Nihta Ton Allon,0.608,0.975,-6.944,0.279,0.145,0.0375,0.357,0.102,114.254
Hartino Tsirko,Tripes,Kefali Gemato Hrisafi,0.378,0.881,-10.026,0.0932,0.00296,0.00325,0.0806,0.586,171.784
Den Iparho,Tripes,Kefali Gemato Hrisafi,0.574,0.978,-8.743,0.0955,0.0118,0.908,0.349,0.474,127.581
"O,ti Skotonis Ine Diko Sou Gia Pada",Tripes,Kefali Gemato Hrisafi,0.443,0.901,-10.274,0.0404,0.000296,0.0446,0.0665,0.64,136.286
Kefali Gemato Hrisafi,Tripes,Kefali Gemato Hrisafi,0.576,0.685,-11.486,0.0539,0.0162,0.09,0.371,0.673,86.869
Name Pali Edo Zodanos,Tripes,Kefali Gemato Hrisafi,0.497,0.855,-9.236,0.0419,0.0014,0.0344,0.109,0.515,145.195
Akouo Tin Agapi,Tripes,Kefali Gemato Hrisafi,0.472,0.905,-9.999,0.0439,0.00772,0.0669,0.14,0.798,100.857
Mia Iperohi Efkeria,Tripes,Kefali Gemato Hrisafi,0.439,0.739,-10.9,0.0556,0.000923,0.146,0.123,0.604,149.707
Xenos,Tripes,Kefali Gemato Hrisafi,0.313,0.177,-20.358,0.0893,0.79,5.03e-06,0.637,0.43,88.01
Patrida Mou Ine Eki Pou Misisa,Tripes,Kefali Gemato Hrisafi,0.399,0.879,-9.897,0.0387,0.00166,0.00148,0.109,0.733,167.428
Apo Poli Se Poli,Tripes,Kefali Gemato Hrisafi,0.411,0.736,-11.272,0.0287,0.00235,0.797,0.0891,0.553,148.231
Kenourgia Zali,Tripes,Kefali Gemato Hrisafi,0.483,0.637,-10.082,0.0335,0.263,0.00122,0.112,0.622,135.496
Tsakismeni Hara,Tripes,Kefali Gemato Hrisafi,0.413,0.962,-9.415,0.0554,0.00308,0.00039,0.345,0.674,141.918
Tha Anatello,Tripes,Kefali Gemato Hrisafi,0.833,0.544,-12.761,0.428,0.00316,0.000217,0.453,0.0844,98.634
Parti Ston 13o Orofo,Tripes,Parti Ston 13o Orofo / Tripes Ston Paradiso,0.471,0.677,-11.27,0.0815,0.0117,0.00356,0.103,0.582,136.658
I Proti Fora,Tripes,Parti Ston 13o Orofo / Tripes Ston Paradiso,0.644,0.735,-11.95,0.0414,0.0558,0.0166,0.065,0.653,142.355
Ahari Mera,Tripes,Parti Ston 13o Orofo / Tripes Ston Paradiso,0.552,0.7,-11.574,0.0357,0.00405,0.488,0.173,0.776,149.021
I Dikia Sou Kodini Ameriki,Tripes,Parti Ston 13o Orofo / Tripes Ston Paradiso,0.334,0.561,-12.638,0.0632,0.000819,0.291,0.104,0.339,149.526
Ekti Avgoustou,Tripes,Parti Ston 13o Orofo / Tripes Ston Paradiso,0.485,0.859,-11.499,0.104,0.133,0.00141,0.197,0.884,175.11
Erotevmeni Shizofrenis,Tripes,Parti Ston 13o Orofo / Tripes Ston Paradiso,0.575,0.813,-12.135,0.033,0.00788,0.0653,0.254,0.807,160.495
I Aftokratoria Ton Anapiron,Tripes,Parti Ston 13o Orofo / Tripes Ston Paradiso,0.562,0.578,-11.91,0.0412,0.00331,0.0364,0.106,0.957,161.48
O Horos Ton Dilon,Tripes,Parti Ston 13o Orofo / Tripes Ston Paradiso,0.533,0.65,-11.949,0.0397,0.0527,0.00585,0.0777,0.745,90.545
Dos Mou Ligi Akoma Agapi,Tripes,Parti Ston 13o Orofo / Tripes Ston Paradiso,0.389,0.848,-11.449,0.0998,0.00389,5.26e-05,0.0734,0.602,169.59
Afto Pou I Skili Vaftisan Agapi,Tripes,Parti Ston 13o Orofo / Tripes Ston Paradiso,0.562,0.755,-11.763,0.0673,0.00177,0.000209,0.12,0.803,122.0
Ginome Adras,Tripes,Parti Ston 13o Orofo / Tripes Ston Paradiso,0.355,0.743,-10.189,0.0462,0.0739,0.0,0.311,0.695,129.583
Ola Telika Xanagirnan Se Mas,Tripes,Parti Ston 13o Orofo / Tripes Ston Paradiso,0.727,0.677,-13.261,0.0698,0.0163,0.000436,0.216,0.832,105.284
Stin Trohia Ton Hamenon,Tripes,Parti Ston 13o Orofo / Tripes Ston Paradiso,0.481,0.269,-13.799,0.0486,0.911,0.613,0.106,0.548,160.258
Iparhi I Agapi,Tripes,Parti Ston 13o Orofo / Tripes Ston Paradiso,0.7,0.385,-13.468,0.371,0.526,0.0,0.272,0.754,120.121
Edo,Tripes,Parti Ston 13o Orofo / Tripes Ston Paradiso,0.449,0.813,-11.484,0.122,0.0218,0.00342,0.0977,0.461,167.781
Ston Paradiso,Tripes,Parti Ston 13o Orofo / Tripes Ston Paradiso,0.507,0.651,-12.23,0.141,0.203,0.0,0.418,0.81,152.402
Pos?,Tripes,Parti Ston 13o Orofo / Tripes Ston Paradiso,0.482,0.572,-15.783,0.0321,0.713,0.000836,0.362,0.984,144.325
Krata To Soou Maimou,Tripes,Parti Ston 13o Orofo / Tripes Ston Paradiso,0.605,0.734,-11.405,0.06,0.0741,0.00088,0.0852,0.655,105.303
Ta Kanonika Pedia,Tripes,Parti Ston 13o Orofo / Tripes Ston Paradiso,0.411,0.764,-10.106,0.153,0.0635,0.0,0.0669,0.688,171.305
I Draki Tis Gis,Tripes,Parti Ston 13o Orofo / Tripes Ston Paradiso,0.473,0.17,-9.745,0.328,0.898,0.0,0.163,0.314,167.915
Dos Mou Ligi Akoma Agapi - Radio Edit,Tripes,Parti Ston 13o Orofo / Tripes Ston Paradiso,0.382,0.341,-12.274,0.0263,0.902,0.00796,0.0893,0.207,75.512
Paraxeni Poli - Live,Tripes,Krata To Show Maimou (Live),0.394,0.844,-10.722,0.0472,0.00448,0.01,0.892,0.432,119.832
Edo - Live,Tripes,Krata To Show Maimou (Live),0.259,0.772,-13.155,0.0435,0.00333,0.0435,0.844,0.451,171.448
Vradini Poli - Live,Tripes,Krata To Show Maimou (Live),0.359,0.9,-10.393,0.0703,0.01,0.424,0.905,0.5,166.875
Amnisia - Live,Tripes,Krata To Show Maimou (Live),0.223,0.879,-11.338,0.168,0.0463,0.152,0.784,0.251,167.562
Asfalia - Live,Tripes,Krata To Show Maimou (Live),0.443,0.774,-11.993,0.0627,0.00597,8.05e-05,0.811,0.532,172.675
Proti Fora - Live,Tripes,Krata To Show Maimou (Live),0.327,0.892,-10.669,0.102,0.0322,0.122,0.983,0.325,148.055
Gia Tin Patrida - Live,Tripes,Krata To Show Maimou (Live),0.297,0.872,-10.907,0.0529,0.00306,0.0279,0.927,0.53,175.212
Parti Ston 13o Orofo - Live,Tripes,Krata To Show Maimou (Live),0.354,0.838,-10.392,0.123,0.151,7.32e-05,0.778,0.432,144.273
I Dikia Sou Kodini Ameriki - Live,Tripes,Krata To Show Maimou (Live),0.265,0.708,-11.356,0.0511,0.0824,0.00119,0.95,0.382,135.465
Horis Emena - Live,Tripes,Krata To Show Maimou (Live),0.366,0.577,-11.186,0.0321,0.0445,0.0333,0.94,0.327,104.064
Taxidiara Psihi - Live,Tripes,Krata To Show Maimou (Live),0.322,0.826,-12.321,0.0469,0.00308,0.0218,0.991,0.706,174.869
Erotevmeni Shizofrenis - Live,Tripes,Krata To Show Maimou (Live),0.263,0.883,-11.953,0.139,0.05,0.0046,0.972,0.3,171.253
Dos' Mou Ligi Akoma Agapi - Live,Tripes,Krata To Show Maimou (Live),0.242,0.792,-10.41,0.0587,0.00191,0.000269,0.435,0.324,168.312
Ekti Avgoustou - Live,Tripes,Krata To Show Maimou (Live),0.388,0.815,-11.053,0.0426,0.0196,0.0116,0.669,0.704,88.607
Ta Kanonika Pedia - Live,Tripes,Krata To Show Maimou (Live),0.25,0.871,-9.434,0.172,0.0734,1.26e-05,0.428,0.377,175.907
Thlimeni Sti Giorti Mas - Live,Tripes,Krata To Show Maimou (Live),0.401,0.8,-9.695,0.05,0.0715,1.9e-06,0.914,0.537,89.047
Vradini Plani - Radio Edit / Live,Tripes,Krata To Show Maimou (Live),0.629,0.367,-13.879,0.0271,0.431,0.000264,0.129,0.471,105.031
I Dikia Sou Kodini Ameriki - Radio Edit / Live,Tripes,Krata To Show Maimou (Live),0.53,0.48,-14.519,0.0326,0.46,0.0346,0.0719,0.857,120.21
Erotevmeni Shizofrenis - Radio Edit / Live,Tripes,Krata To Show Maimou (Live),0.48,0.749,-13.923,0.0333,0.444,0.00024,0.181,0.871,157.627
Taxidiara Psihi - Radio Edit / Live,Tripes,Krata To Show Maimou (Live),0.535,0.81,-10.94,0.0393,0.646,0.0102,0.0659,0.938,169.992
Paraxeni Poli - Radio Edit / Live,Tripes,Krata To Show Maimou (Live),0.754,0.412,-12.925,0.0353,0.353,0.00486,0.113,0.723,108.011
I Asfalia - Live,Tripes,Ena Taxidi Pou Pote Den Telioni 1985 - 2000,0.439,0.895,-6.101,0.091,0.00573,4.98e-05,0.498,0.585,172.318
Gamate Giati Hanomaste,Tzimis Panousis,An I Giagia Mou Ihe Rouleman,0.591,0.45,-13.651,0.0577,0.578,0.0805,0.548,0.725,132.171
Nagasaki,Tzimis Panousis,An I Giagia Mou Ihe Rouleman,0.181,0.207,-16.419,0.0439,0.919,0.562,0.15,0.242,71.309
Horepse Manoli,Tzimis Panousis,An I Giagia Mou Ihe Rouleman,0.524,0.57,-15.051,0.0695,0.31,0.267,0.601,0.889,89.546
Anakohi,Tzimis Panousis,An I Giagia Mou Ihe Rouleman,0.726,0.394,-12.714,0.0696,0.357,0.00806,0.382,0.739,100.229
Treno,Tzimis Panousis,An I Giagia Mou Ihe Rouleman,0.592,0.385,-15.026,0.0379,0.741,0.0173,0.199,0.497,108.779
Giagia Patini,Tzimis Panousis,An I Giagia Mou Ihe Rouleman,0.518,0.518,-13.616,0.153,0.552,0.0,0.0922,0.895,180.036
Defteri Provoli,Tzimis Panousis,An I Giagia Mou Ihe Rouleman,0.36,0.497,-13.74,0.0819,0.585,0.00422,0.149,0.388,152.56
Mia Aspromavri Mikri Fotografia,Tzimis Panousis,An I Giagia Mou Ihe Rouleman,0.374,0.568,-11.06,0.0457,0.676,2.79e-06,0.371,0.363,94.014
Ena Tragoudi Gia To Himona,Tzimis Panousis,An I Giagia Mou Ihe Rouleman,0.505,0.241,-15.864,0.0254,0.821,0.00213,0.368,0.258,88.56
Isagogi - Live,Tzimis Panousis,Me Lene Popi - Live sto Kentri,0.609,0.685,-11.28,0.367,0.857,0.0,0.392,0.561,118.265
Himia Ke Terata - Live,Tzimis Panousis,Me Lene Popi - Live sto Kentri,0.388,0.603,-7.744,0.0369,0.454,0.00348,0.65,0.663,101.903
Do It - Live,Tzimis Panousis,Me Lene Popi - Live sto Kentri,0.624,0.934,-5.642,0.0934,0.238,6.8e-06,0.792,0.885,128.256
I Ellinopoula - Live,Tzimis Panousis,Hard Core (Live),0.68,0.357,-18.346,0.944,0.883,0.0,0.654,0.674,122.76
Pissa Ke Poupoula - Live,Tzimis Panousis,Hard Core (Live),0.582,0.551,-13.264,0.0448,0.0809,0.00211,0.97,0.808,137.874
Ego - Live,Tzimis Panousis,Hard Core (Live),0.639,0.434,-16.168,0.521,0.743,0.0,0.726,0.6,115.011
Ohi Allo Dalara - Live,Tzimis Panousis,Hard Core (Live),0.57,0.475,-14.104,0.576,0.64,0.0,0.195,0.716,110.008
Souzana - Live,Tzimis Panousis,Hard Core (Live),0.688,0.532,-13.065,0.251,0.481,0.000122,0.095,0.821,113.645
To Pedi Tou Solina - Live,Tzimis Panousis,Hard Core (Live),0.677,0.405,-16.501,0.465,0.663,0.0,0.106,0.716,85.472
Magissa Manoula - Live,Tzimis Panousis,Hard Core (Live),0.54,0.248,-21.998,0.567,0.898,9.94e-06,0.635,0.337,110.086
Ah Evropi - Live,Tzimis Panousis,Hard Core (Live),0.584,0.466,-16.315,0.473,0.728,0.000109,0.178,0.833,114.311
Tha Sou Paro Labader - Live,Tzimis Panousis,Hard Core (Live),0.366,0.513,-15.959,0.52,0.71,0.00021,0.138,0.582,185.706
Touberlek,Tzimis Panousis,Prosehos Voulgares,0.312,0.932,-2.598,0.134,0.862,0.000378,0.716,0.461,115.339
To Pedi Tou Solina,Tzimis Panousis,Prosehos Voulgares,0.721,0.853,-2.078,0.118,0.754,1.76e-05,0.719,0.664,125.399
Magissa Manoula,Tzimis Panousis,Prosehos Voulgares,0.661,0.64,-4.76,0.0421,0.882,0.135,0.694,0.345,87.8
Disco Tsoutsouni,Tzimis Panousis,Mousikes Taxiarhies,0.506,0.541,-12.871,0.0813,0.0909,0.0,0.0681,0.903,141.165
Pigolabida,Tzimis Panousis,Kagela Padou,0.776,0.291,-16.615,0.0469,0.72,6.84e-06,0.0811,0.504,118.501
Kagela Padou,Tzimis Panousis,Kagela Padou,0.701,0.409,-13.258,0.054,0.626,0.0,0.0876,0.571,74.332
P.H.,Tzimis Panousis,Kagela Padou,0.691,0.611,-13.203,0.0375,0.0663,2.1e-06,0.158,0.724,91.273
Eleni Opos Ellada,Tzimis Panousis,Kagela Padou,0.606,0.379,-14.764,0.035,0.357,0.0,0.204,0.877,93.294
Kathe Eborio Gia Kalo,Tzimis Panousis,Kagela Padou,0.536,0.227,-20.982,0.361,0.748,8.37e-06,0.156,0.773,171.002
O Kain Zi,Tzimis Panousis,Kagela Padou,0.622,0.287,-15.855,0.0402,0.331,9.39e-05,0.316,0.421,118.317
Aera,Tzimis Panousis,Kagela Padou,0.805,0.396,-12.76,0.0544,0.24,0.0,0.392,0.692,142.59
Imaste Dio Iperdinamis,Tzimis Panousis,Kagela Padou,0.532,0.364,-13.838,0.0425,0.611,0.0,0.182,0.47,144.829
10000 Watt,Tzimis Panousis,Kagela Padou,0.783,0.375,-13.066,0.122,0.231,0.0,0.0816,0.582,105.396
Fasbider Ke Xero Psomi,Tzimis Panousis,Kagela Padou,0.739,0.388,-13.511,0.0358,0.474,2.84e-05,0.0741,0.801,100.177
Istoria Gia Agrious,Tzimis Panousis,Kagela Padou,0.606,0.273,-21.707,0.13,0.908,0.0015,0.11,0.822,139.597
Toumperlek - Live,Tzimis Panousis,Douleies Tou Kefaliou / The Greatest Kitsch Live! / O Rompen Ton Xazon (Rodon Live),0.586,0.732,-5.908,0.0339,0.116,4.02e-05,0.059,0.367,112.095
Ti Eheis Kai Klais - Live,Tzimis Panousis,Douleies Tou Kefaliou / The Greatest Kitsch Live! / O Rompen Ton Xazon (Rodon Live),0.607,0.546,-5.94,0.029,0.056,2.4e-06,0.169,0.282,67.043
Rapisma - Live,Tzimis Panousis,Douleies Tou Kefaliou / The Greatest Kitsch Live! / O Rompen Ton Xazon (Rodon Live),0.691,0.817,-4.612,0.0479,0.266,1.24e-06,0.138,0.791,109.142
Mia Tripa Sti Simaia - Live,Tzimis Panousis,Douleies Tou Kefaliou / The Greatest Kitsch Live! / O Rompen Ton Xazon (Rodon Live),0.638,0.683,-6.067,0.0308,0.211,5.33e-06,0.109,0.287,124.048
Metamonterno - Live,Tzimis Panousis,Douleies Tou Kefaliou / The Greatest Kitsch Live! / O Rompen Ton Xazon (Rodon Live),0.382,0.611,-7.73,0.0384,0.15,0.000345,0.153,0.368,69.207
Eimai Giftaki - Live,Tzimis Panousis,Douleies Tou Kefaliou / The Greatest Kitsch Live! / O Rompen Ton Xazon (Rodon Live),0.53,0.496,-8.108,0.0549,0.568,0.0,0.36,0.357,107.824
Douleies Tou Kefaliou - Live,Tzimis Panousis,Douleies Tou Kefaliou / The Greatest Kitsch Live! / O Rompen Ton Xazon (Rodon Live),0.573,0.863,-5.435,0.0424,0.271,0.0027,0.076,0.525,170.951
Ergatiki Ipohorisi - Live,Tzimis Panousis,Douleies Tou Kefaliou / The Greatest Kitsch Live! / O Rompen Ton Xazon (Rodon Live),0.715,0.674,-6.402,0.0309,0.141,1.11e-05,0.173,0.502,135.857
Ouzo Power - Live,Tzimis Panousis,Douleies Tou Kefaliou / The Greatest Kitsch Live! / O Rompen Ton Xazon (Rodon Live),0.599,0.825,-4.529,0.0443,0.049,2.85e-06,0.105,0.431,158.11
Logodiaria - Ti Les Re Megale (Live),Tzimis Panousis,Douleies Tou Kefaliou / The Greatest Kitsch Live! / O Rompen Ton Xazon (Rodon Live),0.658,0.595,-9.882,0.858,0.855,0.0,0.813,0.602,110.204
I Ellada Sta Karvouna - Pot-Pouri (Live),Tzimis Panousis,Douleies Tou Kefaliou / The Greatest Kitsch Live! / O Rompen Ton Xazon (Rodon Live),0.317,0.834,-4.942,0.247,0.139,0.000317,0.316,0.415,65.506
USA For Marketing - Live,Tzimis Panousis,Douleies Tou Kefaliou / The Greatest Kitsch Live! / O Rompen Ton Xazon (Rodon Live),0.494,0.808,-5.668,0.415,0.515,0.0,0.788,0.416,73.472
O Papoutsomenos Logos - Live,Tzimis Panousis,Douleies Tou Kefaliou / The Greatest Kitsch Live! / O Rompen Ton Xazon (Rodon Live),0.536,0.407,-13.474,0.921,0.806,2.36e-06,0.171,0.308,173.665
I Authentiki Lampanta - Live,Tzimis Panousis,Douleies Tou Kefaliou / The Greatest Kitsch Live! / O Rompen Ton Xazon (Rodon Live),0.621,0.974,-4.985,0.361,0.293,8.93e-05,0.334,0.825,121.079
Kagkela Pantou - Live,Tzimis Panousis,Douleies Tou Kefaliou / The Greatest Kitsch Live! / O Rompen Ton Xazon (Rodon Live),0.394,0.749,-7.945,0.0451,0.588,0.0,0.676,0.609,152.012
San To Samouil Sto Kougki - Live,Tzimis Panousis,Douleies Tou Kefaliou / The Greatest Kitsch Live! / O Rompen Ton Xazon (Rodon Live),0.352,0.806,-7.501,0.155,0.662,0.0,0.883,0.555,157.925
Anakohi - Live,Tzimis Panousis,Douleies Tou Kefaliou / The Greatest Kitsch Live! / O Rompen Ton Xazon (Rodon Live),0.713,0.89,-7.884,0.0763,0.255,7.09e-06,0.844,0.817,104.342
Ime Giftaki,Tzimis Panousis,Prosehos Voulgares,0.413,0.794,-3.679,0.0682,0.902,0.000301,0.747,0.355,109.877
Se Thelo,Vaggelis Germanos,Ta Mparakia,0.559,0.353,-7.751,0.0282,0.894,2.05e-06,0.103,0.215,106.933
To Gramma,Vaggelis Germanos,Ta Mparakia,0.445,0.494,-5.654,0.03,0.925,0.0314,0.145,0.713,104.6
Trohia,Vaggelis Germanos,Ta Mparakia,0.603,0.415,-9.881,0.0288,0.814,0.239,0.187,0.688,130.475
Anoixiatiki Vrohoula,Vaggelis Germanos,Ta Mparakia,0.407,0.318,-11.582,0.0364,0.91,8.8e-05,0.118,0.43,130.903
Mikro,Vaggelis Germanos,Ta Mparakia,0.55,0.274,-13.26,0.0299,0.901,0.0552,0.0807,0.275,95.614
O Apokliros,Vaggelis Germanos,Ta Mparakia,0.71,0.425,-7.43,0.0293,0.796,2.65e-06,0.0867,0.661,105.844
I Simadoura,Vaggelis Germanos,Ta Mparakia,0.535,0.306,-7.898,0.0249,0.886,0.0,0.0923,0.395,93.919
Eis' Enas Diavolos,Vaggelis Germanos,Ta Mparakia,0.442,0.298,-10.588,0.0342,0.883,1.41e-05,0.132,0.549,86.695
Maskes,Vaggelis Germanos,Ta Mparakia,0.58,0.445,-9.595,0.0243,0.916,7.5e-05,0.0961,0.383,93.833
O Kipouros,Vaggelis Germanos,Ta Mparakia,0.546,0.44,-9.962,0.0302,0.93,4.73e-06,0.173,0.875,98.107
I Mpaniera,Vaggelis Germanos,Ta Mparakia,0.631,0.281,-8.645,0.0368,0.903,0.0,0.0903,0.416,99.288
Mourmourismata,Vaggelis Germanos,Ta Mparakia,0.574,0.248,-9.186,0.0461,0.897,0.00165,0.154,0.37,100.165
An Isoun Aggelos,Vasilis Kazoulis,Kati Na Gializi,0.57,0.31,-15.254,0.0374,0.805,0.000102,0.0966,0.621,93.443
Afou Den Thelis,Vasilis Kazoulis,Kati Na Gializi,0.589,0.0945,-17.087,0.0339,0.432,0.0,0.361,0.31,125.724
Kati Na Gializi,Vasilis Kazoulis,Kati Na Gializi,0.441,0.147,-16.452,0.0315,0.738,0.000328,0.131,0.179,138.017
Feggarenia,Vasilis Kazoulis,Kati Na Gializi,0.553,0.313,-13.28,0.0275,0.259,0.0,0.128,0.614,99.992
Dimosio Hrima,Vasilis Kazoulis,Kati Na Gializi,0.668,0.641,-12.476,0.0286,0.443,0.0,0.267,0.858,139.659
Aeroplana,Vasilis Kazoulis,Kati Na Gializi,0.674,0.557,-13.769,0.027,0.206,0.000492,0.0763,0.898,133.039
Oti Eho,Vasilis Kazoulis,Kati Na Gializi,0.895,0.294,-17.117,0.0367,0.14,0.000159,0.132,0.961,89.797
Den Me Niazi,Vasilis Kazoulis,Kati Na Gializi,0.778,0.423,-14.021,0.0362,0.399,2.94e-06,0.054,0.784,123.691
Mazi Sou Os Tin Akri,Vasilis Kazoulis,Kati Na Gializi,0.651,0.166,-16.352,0.0338,0.631,8.22e-06,0.0989,0.242,120.047
Notes Psihofthores,Vasilis Kazoulis,Kati Na Gializi,0.675,0.187,-18.205,0.0706,0.518,0.0,0.143,0.484,134.584
33 Strofes (I Melodia Den Xehnai),Vasilis Kazoulis,Tripia Kapela,0.596,0.233,-15.557,0.0315,0.0272,0.0,0.26,0.377,106.111
6os Orofos,Vasilis Kazoulis,Tripia Kapela,0.785,0.47,-15.958,0.0356,0.186,3.99e-05,0.144,0.796,124.078
I Trelli,Vasilis Kazoulis,Tripia Kapela,0.634,0.236,-16.987,0.0341,0.313,0.0,0.149,0.335,129.866
Grammata Sti Skoni,Vasilis Kazoulis,Tripia Kapela,0.54,0.123,-22.3,0.0357,0.116,8.26e-06,0.135,0.425,90.336
Periplanisi,Vasilis Kazoulis,Tripia Kapela,0.426,0.124,-17.945,0.0344,0.905,0.00151,0.114,0.217,92.956
Gitonia,Vasilis Kazoulis,Tripia Kapela,0.633,0.313,-17.7,0.0282,0.0254,1.43e-05,0.0717,0.529,101.68
Anti Na Onirefto,Vasilis Kazoulis,Tripia Kapela,0.734,0.158,-17.273,0.0811,0.386,6.92e-06,0.263,0.599,126.695
Paramithi,Vasilis Kazoulis,Tripia Kapela,0.714,0.222,-17.529,0.0472,0.152,2.32e-05,0.104,0.475,87.622
Mera Mera,Vasilis Kazoulis,Tripia Kapela,0.589,0.258,-19.054,0.0371,0.442,1.4e-05,0.211,0.585,99.592
Mama Lindos,Vasilis Kazoulis,Tripia Kapela,0.487,0.211,-19.472,0.0455,0.71,0.0,0.289,0.687,124.025
An Isoun Aggelos - Live,Vasilis Kazoulis,An Isoun Aggelos,0.448,0.487,-9.267,0.0316,0.708,6.73e-05,0.951,0.706,91.892
Gia To Dimitri,Vasilis Kazoulis,An Isoun Aggelos,0.564,0.385,-9.525,0.0323,0.59,0.000763,0.0985,0.315,139.172
Mono Na Mou Gelas,Vasilis Kazoulis,An Isoun Aggelos,0.659,0.682,-6.775,0.028,0.0354,0.00216,0.088,0.5,117.988
Karpasia,Vasilis Kazoulis,An Isoun Aggelos,0.367,0.434,-8.535,0.0265,0.491,0.000781,0.148,0.414,104.125
O Archaeos,Vasilis Kazoulis,An Isoun Aggelos,0.745,0.548,-7.724,0.0574,0.559,0.000785,0.0866,0.893,153.582
Eisai Panta Edo,Vasilis Kazoulis,An Isoun Aggelos,0.706,0.474,-9.425,0.0326,0.843,0.0,0.0967,0.611,126.0
Politikies,Vasilis Kazoulis,An Isoun Aggelos,0.827,0.792,-7.77,0.0348,0.213,0.0665,0.136,0.968,131.281
Ta Dora,Vasilis Kazoulis,An Isoun Aggelos,0.667,0.492,-8.889,0.0266,0.495,0.0,0.109,0.746,103.263
Efhes - Live,Vasilis Kazoulis,An Isoun Aggelos,0.487,0.789,-6.781,0.0328,0.0316,2.87e-05,0.488,0.806,133.19
Evropaiko,Vasilis Kazoulis,An Isoun Aggelos,0.645,0.636,-6.106,0.0278,0.331,0.0,0.277,0.626,95.24
Rendez-Vous Stin Ethniki,Vasilis Kazoulis,An Isoun Aggelos,0.693,0.771,-5.792,0.035,0.0976,0.0,0.267,0.847,119.993
Anergos,Vasilis Kazoulis,An Isoun Aggelos,0.648,0.402,-7.154,0.0309,0.436,0.0,0.0752,0.564,99.794
Parta Liza,Vasilis Kazoulis,An Isoun Aggelos,0.522,0.497,-7.812,0.0431,0.755,0.0202,0.0644,0.529,183.125
Thalassino,Vasilis Kazoulis,An Isoun Aggelos,0.386,0.399,-7.383,0.0383,0.526,0.0,0.972,0.405,123.605
I Fani - Live,Vasilis Kazoulis,An Isoun Aggelos,0.607,0.66,-10.237,0.0242,0.056,1.35e-06,0.947,0.883,96.979
Mple Moro,Vasilis Kazoulis,An Isoun Aggelos,0.599,0.617,-6.539,0.0285,0.644,1.42e-05,0.144,0.389,142.24
O Pygmahos,Vasilis Kazoulis,An Isoun Aggelos,0.617,0.689,-9.225,0.0466,0.316,0.00028,0.11,0.749,97.169
Stin Agnosti,Vasilis Kazoulis,An Isoun Aggelos,0.625,0.787,-6.225,0.0267,0.0171,0.000136,0.345,0.838,143.965
Tou Iouliou I Vrohi,Vasilis Kazoulis,An Isoun Aggelos,0.507,0.264,-12.029,0.0306,0.895,0.000791,0.118,0.615,173.801
Tsakismata,Vasilis Kazoulis,An Isoun Aggelos,0.601,0.366,-9.912,0.031,0.641,0.00102,0.269,0.506,137.892
To Teleftaio,Vasilis Kazoulis,An Isoun Aggelos,0.563,0.683,-6.286,0.034,0.0893,0.00315,0.301,0.48,145.969
Gia Ton Erota - Live,Vasilis Kazoulis,An Isoun Aggelos,0.295,0.468,-10.417,0.0405,0.684,8.16e-05,0.975,0.31,91.352
Glyko Pikro,Vasilis Kazoulis,An Isoun Aggelos,0.641,0.394,-7.734,0.0265,0.894,0.000206,0.131,0.607,88.995
Toses Apostaseis,Vasilis Kazoulis,An Isoun Aggelos,0.453,0.851,-6.459,0.036,0.0265,0.109,0.298,0.899,153.715
To Bar,Vasilis Kazoulis,An Isoun Aggelos,0.782,0.821,-6.086,0.041,0.0953,0.000797,0.246,0.964,121.676
Horis Refren,Vasilis Kazoulis,An Isoun Aggelos,0.536,0.458,-8.401,0.0302,0.144,1.93e-06,0.305,0.469,157.324
Vorino Limani - Live,Vasilis Kazoulis,An Isoun Aggelos,0.423,0.536,-8.722,0.0276,0.249,1.08e-06,0.668,0.614,91.738
California Dreamin',Vasilis Kazoulis,An Isoun Aggelos,0.502,0.747,-6.109,0.053,0.00117,0.0,0.931,0.699,119.259
Tis Agonis Grammis,Vasilis Kazoulis,An Isoun Aggelos,0.425,0.372,-10.411,0.0326,0.177,0.0,0.816,0.356,62.577
Mi Figis,Vasilis Papakonstadinou,Thalassa Sti Skala,0.543,0.256,-13.12,0.034,0.577,6.12e-06,0.116,0.143,133.18
Mikres Nothies,Vasilis Papakonstadinou,Thalassa Sti Skala,0.354,0.393,-11.032,0.0526,0.425,3.17e-05,0.55,0.54,179.199
Efiva Gerakia,Vasilis Papakonstadinou,Thalassa Sti Skala,0.704,0.591,-9.059,0.0574,0.0289,0.0,0.297,0.539,129.349
I Zoi Ton Allon,Vasilis Papakonstadinou,Thalassa Sti Skala,0.372,0.256,-12.818,0.0329,0.708,0.000128,0.103,0.13,84.985
Pitsirikas,Vasilis Papakonstadinou,Thalassa Sti Skala,0.505,0.536,-9.156,0.051,0.208,6.84e-06,0.119,0.613,136.84
Krata Ligo Akoma,Vasilis Papakonstadinou,Thalassa Sti Skala,0.629,0.458,-10.556,0.0389,0.0286,0.0,0.0951,0.16,97.53
Giati Na Min Keraso,Vasilis Papakonstadinou,Thalassa Sti Skala,0.795,0.5,-10.7,0.0572,0.059,0.0,0.0624,0.674,127.336
To Treno (G '96),Vasilis Papakonstadinou,Thalassa Sti Skala,0.473,0.336,-11.406,0.121,0.742,1.41e-06,0.0791,0.246,100.394
Vasilissa,Vasilis Papakonstadinou,Thalassa Sti Skala,0.393,0.228,-17.078,0.0349,0.862,0.000297,0.0884,0.0732,87.868
Dose Mou Mia Agalia,Vasilis Papakonstadinou,Thalassa Sti Skala,0.667,0.374,-9.864,0.0394,0.0927,0.000325,0.189,0.519,153.161
Anixi Beni,Vasilis Papakonstadinou,Thalassa Sti Skala,0.642,0.334,-13.334,0.0353,0.637,4.95e-05,0.101,0.205,127.506
Skliro Galazio,Vasilis Papakonstadinou,Thalassa Sti Skala,0.499,0.262,-11.719,0.088,0.394,1.67e-06,0.0942,0.156,121.375
Ta Pio Kala Tragoudia Mas,Vasilis Papakonstadinou,Thalassa Sti Skala,0.177,0.21,-15.99,0.0366,0.708,3.65e-05,0.108,0.0688,85.443
Katadotes,Vasilis Papakonstadinou,Thalassa Sti Skala,0.511,0.204,-14.938,0.0699,0.538,0.0,0.106,0.103,146.288
O Koursaros,Vasilis Papakonstadinou,Fovame,0.452,0.538,-11.808,0.0447,0.386,0.000238,0.8,0.591,143.972
Proti Maiou,Vasilis Papakonstadinou,Fovame,0.457,0.258,-14.137,0.034,0.738,0.000142,0.102,0.214,101.663
Tha Figis Monahi,Vasilis Papakonstadinou,Fovame,0.457,0.419,-12.493,0.0446,0.654,0.0,0.106,0.591,112.202
Tsifteteli Aftonomon,Vasilis Papakonstadinou,Fovame,0.542,0.754,-11.49,0.0727,0.563,0.0,0.16,0.901,125.445
Haramata Omonia,Vasilis Papakonstadinou,Fovame,0.386,0.208,-17.18,0.0389,0.879,0.000142,0.111,0.316,93.046
Stella,Vasilis Papakonstadinou,Fovame,0.532,0.399,-12.977,0.0431,0.503,0.0,0.242,0.544,119.576
Sebastian,Vasilis Papakonstadinou,Fovame,0.208,0.347,-15.215,0.0427,0.547,0.0,0.0823,0.197,50.329
O Trelos,Vasilis Papakonstadinou,Fovame,0.558,0.682,-11.548,0.0985,0.175,0.0,0.088,0.76,142.832
S' Akoloutho,Vasilis Papakonstadinou,Fovame,0.429,0.202,-19.055,0.044,0.925,0.000109,0.145,0.26,121.882
Preveza,Vasilis Papakonstadinou,Fovame,0.415,0.796,-11.82,0.0554,0.307,0.0,0.272,0.579,82.827
Fovame,Vasilis Papakonstadinou,Fovame,0.523,0.405,-15.482,0.0518,0.355,0.0,0.0877,0.421,139.301
Sfedona,Vasilis Papakonstadinou,Sfedona,0.404,0.211,-18.886,0.0534,0.775,0.0,0.0898,0.205,102.15
Ego Ime Ego,Vasilis Papakonstadinou,Sfedona,0.653,0.516,-16.482,0.0332,0.446,0.0,0.317,0.854,138.209
Se Thelo,Vasilis Papakonstadinou,Sfedona,0.313,0.126,-20.0,0.0362,0.759,0.0002,0.0908,0.146,135.989
Sto Gipedo Afto,Vasilis Papakonstadinou,Sfedona,0.607,0.478,-15.445,0.0386,0.421,2.67e-05,0.537,0.194,125.617
Apo Mena Ton Vasili,Vasilis Papakonstadinou,Sfedona,0.291,0.246,-19.347,0.0699,0.773,0.0,0.171,0.212,84.463
Ta Halia Mou,Vasilis Papakonstadinou,Sfedona,0.634,0.681,-16.643,0.0574,0.421,0.0,0.606,0.264,101.442
Vradi Savvatou,Vasilis Papakonstadinou,Sfedona,0.567,0.195,-21.133,0.0333,0.675,0.0,0.317,0.286,106.178
Spane I Hordes Mou,Vasilis Papakonstadinou,Sfedona,0.758,0.668,-17.973,0.0481,0.534,3.91e-06,0.0621,0.539,113.018
Taftotita,Vasilis Papakonstadinou,Sfedona,0.58,0.277,-20.176,0.0587,0.604,3.06e-06,0.334,0.335,132.156
Onira Glika,Vasilis Papakonstadinou,Sfedona,0.24,0.105,-22.474,0.0355,0.808,0.15,0.233,0.073,129.644
Na Kimithoume Agalia,Vasilis Papakonstadinou,Metopiki,0.529,0.357,-8.881,0.0276,0.784,0.0,0.382,0.177,102.94
Gorgona,Vasilis Papakonstadinou,Metopiki,0.628,0.935,-4.458,0.0409,0.0531,0.0,0.119,0.566,104.966
Metopiki,Vasilis Papakonstadinou,Metopiki,0.56,0.851,-6.379,0.0558,0.0136,0.0,0.11,0.387,97.01
Apogevma Tis Kiriakis,Vasilis Papakonstadinou,Metopiki,0.526,0.682,-5.877,0.0608,0.217,0.0,0.0781,0.19,74.077
Kitharistas Tou Theou,Vasilis Papakonstadinou,Metopiki,0.861,0.69,-5.494,0.0602,0.136,0.0,0.0532,0.85,106.005
Eho Gennithi Savvato,Vasilis Papakonstadinou,Metopiki,0.427,0.571,-7.754,0.036,0.252,0.0,0.14,0.288,135.845
Pede Lepta,Vasilis Papakonstadinou,Metopiki,0.535,0.799,-5.111,0.0451,0.00969,0.0,0.157,0.47,165.036
Kapse Me,Vasilis Papakonstadinou,Metopiki,0.528,0.562,-7.945,0.0326,0.19,3.59e-05,0.253,0.194,135.959
Keo T' Onoma Mou,Vasilis Papakonstadinou,Metopiki,0.553,0.645,-7.014,0.0362,0.00183,0.0,0.467,0.325,132.967
To Tango Tis Elenis,Vasilis Papakonstadinou,Metopiki,0.73,0.371,-10.015,0.141,0.475,2.32e-05,0.563,0.824,69.968
Xenos,Vasilis Papakonstadinou,Metopiki,0.795,0.604,-9.213,0.0705,0.0387,0.0,0.376,0.766,104.984
Kokkinos Magnitis,Vasilis Papakonstadinou,Metopiki,0.579,0.513,-9.551,0.0817,0.591,0.000127,0.11,0.303,87.05
Signomi,Vasilis Papakonstadinou,Metopiki,0.461,0.749,-5.533,0.0344,0.265,0.0,0.169,0.651,172.048
Alkool I Vrohi,Vasilis Papakonstadinou,Metopiki,0.482,0.722,-8.068,0.0769,0.355,0.0,0.109,0.246,167.946
Ftes,Vasilis Papakonstadinou,Metopiki,0.53,0.528,-9.967,0.0379,0.147,0.0,0.116,0.265,127.998
Ellas,Vasilis Papakonstadinou,Horevo,0.469,0.797,-12.003,0.0501,0.243,1.37e-06,0.14,0.3,168.353
Viktoria,Vasilis Papakonstadinou,Horevo,0.485,0.577,-12.885,0.094,0.456,2.61e-05,0.133,0.268,159.211
Stile Mou Minima,Vasilis Papakonstadinou,Horevo,0.633,0.254,-15.016,0.033,0.56,1.92e-06,0.0971,0.241,120.115
Horevo,Vasilis Papakonstadinou,Horevo,0.649,0.896,-11.04,0.051,0.321,1.27e-05,0.0398,0.696,128.44
Gia Mena Tragoudo (Crusader),Vasilis Papakonstadinou,Horevo,0.581,0.411,-14.745,0.0438,0.435,4.7e-06,0.133,0.165,74.528
Na Grafis Na Tilefonis,Vasilis Papakonstadinou,Horevo,0.624,0.251,-15.929,0.0399,0.432,0.0,0.106,0.353,84.613
Poses Fores,Vasilis Papakonstadinou,Horevo,0.396,0.193,-19.492,0.0441,0.642,0.0356,0.0904,0.157,115.164
Ohi Se Ola,Vasilis Papakonstadinou,Horevo,0.445,0.761,-13.307,0.0567,0.162,1.03e-05,0.245,0.515,171.864
Aftous Tous Eho Varethi,Vasilis Papakonstadinou,Ef' Olis Tis Ilis,0.392,0.721,-7.741,0.0861,0.487,0.0,0.155,0.882,90.805
Ola Apo Heri Kammena,Vasilis Papakonstadinou,Ef' Olis Tis Ilis,0.581,0.908,-6.939,0.11,0.301,0.0,0.133,0.748,106.398
Ena Blouz,Vasilis Papakonstadinou,Ef' Olis Tis Ilis,0.391,0.369,-10.611,0.0568,0.402,0.000111,0.134,0.203,166.168
Boum,Vasilis Papakonstadinou,Ef' Olis Tis Ilis,0.461,0.46,-10.88,0.0273,0.652,5.42e-05,0.0896,0.245,93.109
Kadilak,Vasilis Papakonstadinou,Ef' Olis Tis Ilis,0.599,0.792,-8.945,0.0683,0.0681,0.0,0.0567,0.737,137.471
Gouilli - Live,Vasilis Papakonstadinou,Ef' Olis Tis Ilis,0.359,0.932,-8.445,0.288,0.0162,0.0214,0.828,0.198,89.427
To Maheri - Live,Vasilis Papakonstadinou,Ef' Olis Tis Ilis,0.375,0.549,-7.85,0.0785,0.722,0.0,0.507,0.428,128.523
Tritos Pagosmios,Vasilis Papakonstadinou,Ef' Olis Tis Ilis,0.739,0.684,-6.851,0.0299,0.462,2.26e-06,0.0605,0.922,130.034
Tse - Live,Vasilis Papakonstadinou,Ef' Olis Tis Ilis,0.269,0.52,-8.862,0.0386,0.76,0.000395,0.106,0.186,73.869
O Stratiotis,Vasilis Papakonstadinou,Ef' Olis Tis Ilis,0.571,0.614,-7.46,0.0343,0.466,0.0,0.0927,0.937,133.595
Ki An Ime Rock,Vasilis Papakonstadinou,Ef' Olis Tis Ilis,0.502,0.593,-8.873,0.0478,0.769,3.91e-05,0.139,0.648,152.527
Kabardina,Vasilis Papakonstadinou,Ef' Olis Tis Ilis,0.731,0.554,-11.805,0.0996,0.373,0.00234,0.114,0.317,100.219
Porto Riko,Vasilis Papakonstadinou,Ef' Olis Tis Ilis,0.483,0.485,-11.02,0.0942,0.644,0.0,0.513,0.297,160.902
Heretismata,Vasilis Papakonstadinou,Ef' Olis Tis Ilis,0.417,0.832,-8.601,0.104,0.0315,7.06e-06,0.128,0.379,165.456
Hronia Polla,Vasilis Papakonstadinou,Ef' Olis Tis Ilis,0.718,0.826,-3.491,0.0354,0.432,0.0,0.109,0.641,121.753
S' Agapao Akoma (Certe Cose Si Fanno),Vasilis Papakonstadinou,Ef' Olis Tis Ilis,0.641,0.485,-8.388,0.0416,0.0264,0.0,0.572,0.69,143.951
Eho Anagi - Live,Vasilis Papakonstadinou,Ef' Olis Tis Ilis,0.394,0.634,-10.541,0.0521,0.0883,0.0,0.958,0.245,137.901
Ase Me Na Kano Lathos,Vasilis Papakonstadinou,Ef' Olis Tis Ilis,0.508,0.915,-7.249,0.0774,0.287,4.43e-06,0.108,0.681,174.957
Den Iparho,Vasilis Papakonstadinou,Ef' Olis Tis Ilis,0.409,0.635,-9.572,0.079,0.438,0.0,0.07,0.155,125.885
Prin To Telos,Vasilis Papakonstadinou,Ef' Olis Tis Ilis,0.414,0.199,-16.059,0.0356,0.675,0.0,0.0727,0.183,129.398
Adeho,Vasilis Papakonstadinou,Ef' Olis Tis Ilis,0.64,0.341,-10.706,0.0393,0.617,4.59e-05,0.447,0.378,96.396
Me Ton Bob Dylan,Vasilis Papakonstadinou,Ef' Olis Tis Ilis,0.49,0.616,-10.345,0.0288,0.361,1.63e-06,0.0812,0.443,148.16
Fevgoun Karavia,Vasilis Papakonstadinou,Ef' Olis Tis Ilis,0.429,0.632,-8.583,0.051,0.533,0.0,0.0911,0.714,119.992
O Mavros Gatos,Vasilis Papakonstadinou,Ef' Olis Tis Ilis,0.839,0.396,-10.791,0.138,0.54,0.0,0.64,0.728,124.517
Bagasas,Vasilis Papakonstadinou,Ef' Olis Tis Ilis,0.52,0.387,-13.278,0.0336,0.748,0.0,0.168,0.191,131.805
Lina,Vasilis Papakonstadinou,Ef' Olis Tis Ilis,0.329,0.369,-13.043,0.0351,0.648,2.43e-06,0.107,0.383,108.634
I Psihes Ke I Agapes,Vasilis Papakonstadinou,Ef' Olis Tis Ilis,0.727,0.689,-13.467,0.0931,0.237,0.00161,0.186,0.454,109.896
Agapao Ke Adiaforo,Vasilis Papakonstadinou,Ef' Olis Tis Ilis,0.372,0.151,-17.417,0.089,0.788,4.72e-06,0.121,0.414,201.997
Pare Me,Vasilis Papakonstadinou,Ef' Olis Tis Ilis,0.467,0.0846,-22.124,0.0379,0.27,0.0,0.0862,0.251,97.349
Tha Nikisoume,Vasilis Papakonstadinou,Ef' Olis Tis Ilis,0.339,0.32,-15.774,0.0671,0.144,0.0,0.358,0.404,94.892
Den Eho Alli Ipomoni,Vasilis Papakonstadinou,Ef' Olis Tis Ilis,0.678,0.422,-10.212,0.0319,0.0977,0.0,0.23,0.193,122.975
Ena Karavi,Vasilis Papakonstadinou,Ef' Olis Tis Ilis,0.81,0.826,-10.101,0.0748,0.74,0.0,0.114,0.549,127.883
S' Agapo Na Prosehis,Vasilis Papakonstadinou,Ef' Olis Tis Ilis,0.367,0.393,-10.798,0.0451,0.81,0.0,0.163,0.542,108.546
Sto Limani Tou Amsterdam,Vasilis Papakonstadinou,Ef' Olis Tis Ilis,0.501,0.547,-7.41,0.0594,0.313,0.0,0.0947,0.082,129.153
Alla Ta Vradia,Vasilis Papakonstadinou,Ef' Olis Tis Ilis,0.299,0.316,-14.049,0.0482,0.464,4.06e-06,0.122,0.319,169.564
Parapona Stin Lina,Vasilis Papakonstadinou,Ef' Olis Tis Ilis,0.53,0.343,-12.561,0.0328,0.613,1.6e-05,0.0971,0.161,132.923
Fisai,Vasilis Papakonstadinou,Ef' Olis Tis Ilis,0.391,0.589,-7.176,0.0559,0.224,0.0,0.331,0.116,138.113
God Bless America,Vasilis Papakonstadinou,Ef' Olis Tis Ilis,0.61,0.343,-8.873,0.0511,0.574,1.06e-06,0.211,0.119,117.84
Oulaloum,Vasilis Papakonstadinou,Ef' Olis Tis Ilis,0.266,0.321,-10.908,0.0433,0.833,0.000127,0.101,0.173,170.827
I Meres Pou Dikazoun,Vasilis Papakonstadinou,Ef' Olis Tis Ilis,0.436,0.27,-12.715,0.0427,0.943,8.39e-05,0.113,0.174,99.435
Sto Pazari Tou Listi,Vasilis Papakonstadinou,Ef' Olis Tis Ilis,0.358,0.27,-10.514,0.0391,0.935,3.97e-06,0.0944,0.294,66.19
Ta Poulia Tis Distihias,Vasilis Papakonstadinou,Ef' Olis Tis Ilis,0.379,0.362,-12.742,0.033,0.908,0.00664,0.202,0.42,105.114
Tora Tora,Vasilis Papakonstadinou,Ef' Olis Tis Ilis,0.474,0.618,-6.808,0.0458,0.738,0.0,0.106,0.667,96.159
San Na Min S' Ehasa,Vasilis Papakonstadinou,Ef' Olis Tis Ilis,0.604,0.48,-8.126,0.034,0.772,1.2e-06,0.129,0.424,142.907
Balada Gia Ton Gianni K.,Vasilis Papakonstadinou,Ef' Olis Tis Ilis,0.418,0.295,-13.778,0.164,0.401,1.19e-06,0.105,0.382,163.462
Gia Sena,Vasilis Papakonstadinou,Dieresi,0.486,0.0342,-26.708,0.0488,0.933,0.00142,0.0744,0.256,131.157
Legeonarios,Vasilis Papakonstadinou,Dieresi,0.624,0.676,-14.118,0.333,0.669,0.0,0.592,0.588,154.638
Ela Na Me Vris,Vasilis Papakonstadinou,Dieresi,0.35,0.0995,-22.473,0.0328,0.865,7.62e-06,0.062,0.311,94.168
Bros Gremos Ke Piso Gomenes,Vasilis Papakonstadinou,Dieresi,0.711,0.62,-14.365,0.0331,0.038,2.38e-06,0.0705,0.619,102.052
Pou 'N' O Kairos Pou Kaname,Vasilis Skoulas,Zontani Ihografisi,0.363,0.791,-4.709,0.0644,0.773,3.87e-06,0.509,0.803,140.659
Ma 'Go Mikri Mou S' Agapo,Vasilis Skoulas,Zontani Ihografisi,0.443,0.635,-6.947,0.0301,0.786,0.000348,0.549,0.502,109.971
Trefetai O Pefkos Sta Vouna,Vasilis Skoulas,Zontani Ihografisi,0.361,0.808,-4.786,0.0527,0.826,9.94e-05,0.547,0.887,155.865
Siteiakes Kontylies,Vasilis Skoulas,Zontani Ihografisi,0.637,0.712,-7.261,0.0316,0.371,0.000751,0.702,0.91,98.786
Stafidianos,Vasilis Skoulas,Zontani Ihografisi,0.369,0.521,-6.753,0.0288,0.855,0.00383,0.524,0.383,95.783
Tin Tyhi Mou Dokimasa,Vasilis Skoulas,Zontani Ihografisi,0.33,0.81,-3.873,0.0419,0.696,0.0,0.661,0.91,152.132
Polles Fores Feggari Mou,Vasilis Skoulas,Zontani Ihografisi,0.474,0.676,-5.716,0.0409,0.38,0.000302,0.842,0.723,127.622
Gianta O Anastenagmos,Vasilis Skoulas,Zontani Ihografisi,0.381,0.82,-5.14,0.0413,0.832,0.00142,0.59,0.868,150.789
Ta Trena Pou 'Figan,Vicky Mosholiou,14 Megala Tragoudia - Viki Mosholiou,0.416,0.44,-8.464,0.0326,0.913,1.29e-05,0.114,0.457,106.888
Ximeromata,Vicky Mosholiou,14 Megala Tragoudia - Viki Mosholiou,0.721,0.411,-8.144,0.0383,0.609,0.0,0.188,0.818,124.148
Ton Agapo - Ton Agapo,Vicky Mosholiou,14 Megala Tragoudia - Viki Mosholiou,0.397,0.288,-10.336,0.0399,0.893,1.86e-05,0.0889,0.31,134.361
O Lefteris,Vicky Mosholiou,14 Megala Tragoudia - Viki Mosholiou,0.65,0.624,-6.837,0.0341,0.694,0.00021,0.0756,0.962,141.109
Pai Pai,Vicky Mosholiou,14 Megala Tragoudia - Viki Mosholiou,0.736,0.578,-6.71,0.0293,0.674,0.00608,0.114,0.801,130.832
Min Ta Filas Ta Matia Mou,Vicky Mosholiou,14 Megala Tragoudia - Viki Mosholiou,0.558,0.342,-7.388,0.0342,0.896,0.0,0.158,0.583,126.507
Den Ine Oniro I Zoi,Vicky Mosholiou,14 Megala Tragoudia - Viki Mosholiou,0.491,0.363,-10.161,0.0311,0.756,7.12e-05,0.113,0.521,122.244
Porta Klisti Ta Hili Sou,Vicky Mosholiou,14 Megala Tragoudia - Viki Mosholiou,0.784,0.661,-5.618,0.0332,0.579,0.000573,0.0919,0.942,114.866
Asteri Sto Parathiro,Vicky Mosholiou,14 Megala Tragoudia - Viki Mosholiou,0.374,0.721,-7.44,0.0515,0.445,2.72e-05,0.477,0.342,102.778
Adio To Limani,Vicky Mosholiou,14 Megala Tragoudia - Viki Mosholiou,0.623,0.397,-8.249,0.0371,0.552,0.000138,0.123,0.626,114.064
Den Kleo Gia Tora,Vicky Mosholiou,14 Megala Tragoudia - Viki Mosholiou,0.291,0.563,-6.837,0.0408,0.833,0.0,0.226,0.518,167.811
Pira Ap' Ti Nioti Hromata,Vicky Mosholiou,Pira Ap' Ti Nioti Hromata,0.584,0.374,-8.339,0.0327,0.816,0.0,0.484,0.706,119.511
Ipa Na Sviso Ta Palia,Vicky Mosholiou,Pira Ap' Ti Nioti Hromata,0.663,0.358,-7.489,0.0352,0.663,1.17e-06,0.517,0.79,128.484
Agapi Mou Agapi Mou,Vicky Mosholiou,Pira Ap' Ti Nioti Hromata,0.536,0.446,-9.768,0.0319,0.695,0.000134,0.283,0.489,131.571
Si Mou Haraxes Poria,Vicky Mosholiou,Pira Ap' Ti Nioti Hromata,0.642,0.38,-8.591,0.0464,0.881,0.0,0.311,0.67,88.49
Na 'Xeres Poso Ponesa,Vicky Mosholiou,Pira Ap' Ti Nioti Hromata,0.516,0.278,-8.572,0.0289,0.83,0.0,0.461,0.453,74.124
Den Xero Poso S' Agapo,Vicky Mosholiou,Pira Ap' Ti Nioti Hromata,0.617,0.382,-9.259,0.0312,0.866,0.0,0.361,0.774,124.252
Hathike To Feggari,Vicky Mosholiou,Pira Ap' Ti Nioti Hromata,0.356,0.316,-11.322,0.0306,0.93,0.00294,0.0961,0.303,107.187
Vale Ki Allo Piato Sto Trapezi,Vicky Mosholiou,Pira Ap' Ti Nioti Hromata,0.304,0.271,-11.438,0.029,0.751,1.36e-05,0.107,0.171,95.874
I Nihta,Vicky Mosholiou,Pira Ap' Ti Nioti Hromata,0.373,0.323,-9.042,0.028,0.753,0.0,0.107,0.435,94.728
Palikari Dipsasmeno,Vicky Mosholiou,Pira Ap' Ti Nioti Hromata,0.235,0.509,-11.404,0.0477,0.657,1.57e-05,0.319,0.375,73.404
Kimisou Pallikari (TH' Allaxi To Feggari),Vicky Mosholiou,Pira Ap' Ti Nioti Hromata,0.25,0.413,-8.709,0.0339,0.714,0.000474,0.154,0.354,92.593
Nihta Dihos Akri,Vicky Mosholiou,Pira Ap' Ti Nioti Hromata,0.819,0.664,-7.607,0.0286,0.815,0.00073,0.131,0.947,103.474
Milo Gia Ta Pedia Mou,Vicky Mosholiou,Pira Ap' Ti Nioti Hromata,0.444,0.287,-9.772,0.0305,0.879,3.44e-05,0.304,0.53,83.638
I Roza I Naziara,Vicky Mosholiou,Pira Ap' Ti Nioti Hromata,0.636,0.266,-11.801,0.0363,0.957,0.0,0.155,0.396,94.354
To Perama,Vicky Mosholiou,Pira Ap' Ti Nioti Hromata,0.518,0.218,-12.275,0.0306,0.946,0.0,0.0997,0.331,114.818
Alexandria,Vicky Mosholiou,Pira Ap' Ti Nioti Hromata,0.401,0.33,-13.117,0.038,0.821,0.000435,0.0933,0.38,93.018
Emis Pou Miname,Vicky Mosholiou,Pira Ap' Ti Nioti Hromata,0.484,0.507,-8.152,0.031,0.743,5.17e-06,0.242,0.744,126.397
Nin Ke Ai,Vicky Mosholiou,Pira Ap' Ti Nioti Hromata,0.363,0.318,-11.447,0.0314,0.932,4.49e-06,0.0763,0.286,105.893
Imaste Emis,Vicky Mosholiou,Pira Ap' Ti Nioti Hromata,0.331,0.416,-10.139,0.0283,0.742,0.0,0.36,0.262,93.851
Ti Ehi Ke Klei To Pedi,Vicky Mosholiou,Vicky Mosholiou,0.462,0.279,-15.543,0.04,0.502,1.77e-06,0.123,0.279,115.075
Pera Apo Ti Thalassa,Vicky Mosholiou,Vicky Mosholiou,0.429,0.224,-16.848,0.0351,0.836,0.00424,0.107,0.508,122.388
Ta Heria,Vicky Mosholiou,Vicky Mosholiou,0.441,0.294,-15.274,0.0328,0.698,0.00172,0.178,0.584,116.588
Kokkino Koumpi,Vicky Mosholiou,Skouriasmena Cheili,0.407,0.402,-9.449,0.034,0.813,8.15e-05,0.0824,0.294,87.825
Pos Efyges,Vicky Mosholiou,Skouriasmena Cheili,0.583,0.384,-9.378,0.0311,0.866,1.07e-06,0.095,0.588,120.741
Na Sou Lerono To Fili,Vicky Mosholiou,Skouriasmena Cheili,0.701,0.405,-7.279,0.0331,0.857,0.000279,0.0868,0.719,117.866
Pou Na Vro Tahidromo,Vicky Mosholiou,Pira Ap' Ti Nioti Hromata,0.523,0.436,-8.642,0.03,0.532,1.44e-06,0.482,0.7,113.083
Liomeno Pagoto,Xilina Spathia,Pera Apo Tis Polis Tis Asfaltou,0.64,0.535,-12.51,0.0332,0.00923,6.36e-06,0.274,0.88,121.928
Rita,Xilina Spathia,Pera Apo Tis Polis Tis Asfaltou,0.514,0.729,-12.136,0.0354,0.000321,8.85e-06,0.0467,0.76,96.111
O Exorkistis,Xilina Spathia,Pera Apo Tis Polis Tis Asfaltou,0.622,0.531,-11.794,0.0321,0.0104,0.00955,0.506,0.473,107.972
"O,Ti Thes Esi",Xilina Spathia,Pera Apo Tis Polis Tis Asfaltou,0.498,0.647,-10.716,0.0341,0.0169,0.000515,0.375,0.589,107.081
Fotia Sto Limani,Xilina Spathia,Pera Apo Tis Polis Tis Asfaltou,0.532,0.259,-14.975,0.0288,0.0252,0.000154,0.305,0.035,100.04
Atladis,Xilina Spathia,Pera Apo Tis Polis Tis Asfaltou,0.529,0.425,-15.726,0.0303,0.00657,0.293,0.133,0.219,117.065
O Kain,Xilina Spathia,Pera Apo Tis Polis Tis Asfaltou,0.567,0.657,-12.84,0.0472,0.00108,7.05e-05,0.0718,0.367,125.049
Mi Rotas,Xilina Spathia,Pera Apo Tis Polis Tis Asfaltou,0.656,0.571,-13.154,0.0497,0.018,0.000943,0.21,0.442,89.991
I Simmories Tis Asfaltou,Xilina Spathia,Pera Apo Tis Polis Tis Asfaltou,0.551,0.7,-15.398,0.0324,8.76e-05,0.00277,0.0761,0.227,99.806
Mi Rotas - Remix 2,Xilina Spathia,Pera Apo Tis Polis Tis Asfaltou,0.718,0.524,-15.045,0.0793,0.000243,0.0357,0.353,0.525,90.097
Afou Sou'to Pa,Xilina Spathia,Ta Xilina Spathia (Songs from the 1st Album),0.603,0.748,-14.145,0.0404,0.084,0.000994,0.111,0.814,100.095
To Nero Pou Kilai (Edit),Xilina Spathia,Ta Xilina Spathia (Songs from the 1st Album),0.593,0.269,-17.428,0.0328,0.0703,0.682,0.108,0.0883,127.753
Poulia 1,Xilina Spathia,Ta Xilina Spathia (Songs from the 1st Album),0.55,0.616,-13.852,0.0432,0.0626,0.00866,0.261,0.802,117.932
O Vasilias Tis Skonis,Xilina Spathia,Ta Xilina Spathia (Songs from the 1st Album),0.608,0.626,-12.326,0.0273,0.0539,0.00863,0.29,0.574,132.349
Treno Fantasma,Xilina Spathia,Ta Xilina Spathia (Songs from the 1st Album),0.508,0.769,-12.628,0.0327,0.0546,0.368,0.336,0.751,128.99
Siopi,Xilina Spathia,Ta Xilina Spathia (Songs from the 1st Album),0.449,0.108,-19.316,0.0372,0.87,0.77,0.0997,0.0564,98.792
Poulia 2,Xilina Spathia,Ta Xilina Spathia (Songs from the 1st Album),0.67,0.645,-17.047,0.0381,0.00025,0.302,0.145,0.869,112.781
Rodes,Xilina Spathia,Ta Xilina Spathia (Songs from the 1st Album),0.44,0.557,-11.417,0.0306,0.311,0.0509,0.168,0.77,162.024
Lola,Xilina Spathia,Ta Xilina Spathia (Songs from the 1st Album),0.624,0.697,-10.841,0.0265,0.0426,0.0465,0.0789,0.841,125.726
Robot,Xilina Spathia,Mia Matia San Vrohi,0.529,0.884,-6.638,0.0307,0.000538,0.123,0.442,0.842,99.723
To Karavi,Xilina Spathia,Mia Matia San Vrohi,0.447,0.704,-9.284,0.0377,0.00174,0.258,0.327,0.471,93.343
Zestos Aeras,Xilina Spathia,Mia Matia San Vrohi,0.431,0.875,-7.77,0.0437,0.00165,0.192,0.118,0.569,134.868
Ehis Xanarthi Edo,Xilina Spathia,Mia Matia San Vrohi,0.423,0.282,-23.903,0.067,0.199,0.872,0.113,0.155,110.984
Vrohopios,Xilina Spathia,Mia Matia San Vrohi,0.333,0.555,-11.446,0.0259,0.00044,0.227,0.103,0.229,103.743
Den Ehi Telos,Xilina Spathia,Mia Matia San Vrohi,0.448,0.812,-7.663,0.0423,0.00177,0.000417,0.106,0.573,125.694
Ena Paraxeno Tragoudi,Xilina Spathia,Mia Matia San Vrohi,0.603,0.693,-11.552,0.039,0.0263,0.197,0.0688,0.601,111.632
Sto Vraho,Xilina Spathia,Mia Matia San Vrohi,0.365,0.607,-8.696,0.0288,0.018,0.00221,0.13,0.336,127.402
Mono Afto,Xilina Spathia,Mia Matia San Vrohi,0.456,0.82,-9.616,0.036,0.000136,0.136,0.165,0.461,112.281
Allazi Prosopa I Thlipsi,Xilina Spathia,Mia Matia San Vrohi,0.361,0.621,-9.304,0.0342,0.00297,0.0812,0.0773,0.62,127.112
Allazi Prosopa I Thlipsi - Instrumental,Xilina Spathia,Mia Matia San Vrohi,0.571,0.114,-23.173,0.0387,0.855,0.79,0.109,0.216,107.525
I Teleftea Fora,Xilina Spathia,Enas Kiklos Ston Aera,0.54,0.572,-6.419,0.0252,0.086,0.0197,0.127,0.456,82.515
Pare Me Mazi Sou,Xilina Spathia,Enas Kiklos Ston Aera,0.429,0.886,-5.646,0.0426,0.00239,0.145,0.335,0.391,140.156
Sto Noto,Xilina Spathia,Enas Kiklos Ston Aera,0.661,0.294,-15.45,0.0283,0.943,0.0159,0.113,0.0853,102.083
Ti Perimenoun,Xilina Spathia,Enas Kiklos Ston Aera,0.675,0.671,-6.876,0.0307,0.000364,0.659,0.406,0.164,128.037
O Navagos,Xilina Spathia,Enas Kiklos Ston Aera,0.656,0.213,-15.475,0.0286,0.125,0.000409,0.051,0.0363,107.02
Kitazo Ta Spitia,Xilina Spathia,Enas Kiklos Ston Aera,0.721,0.35,-15.921,0.0296,0.789,0.276,0.313,0.289,108.014
San Esena,Xilina Spathia,Enas Kiklos Ston Aera,0.44,0.569,-7.211,0.0298,0.466,0.000499,0.116,0.199,170.364
Prepi Na Erthis,Xilina Spathia,Enas Kiklos Ston Aera,0.543,0.37,-9.4,0.0248,0.142,0.000175,0.229,0.184,103.975
Hartinos Ouranos,Xilina Spathia,Enas Kiklos Ston Aera,0.595,0.633,-7.997,0.0249,0.0459,0.248,0.36,0.0849,114.066
I Demones,Xilina Spathia,Enas Kiklos Ston Aera,0.575,0.545,-10.821,0.0256,0.396,0.0117,0.176,0.0681,97.038
Oi prigkipes tou tragoudiou,Yorgos Kazantzis,Ta paidia tis allis oxthis,0.504,0.124,-19.24,0.0348,0.766,1.45e-06,0.0682,0.154,120.235
Aggelos i magissa,Yorgos Kazantzis,Ta paidia tis allis oxthis,0.28,0.302,-15.447,0.0407,0.729,3.75e-06,0.1,0.188,119.936
Fterougismata,Yorgos Kazantzis,Ta paidia tis allis oxthis,0.54,0.241,-14.67,0.0263,0.251,0.0,0.204,0.341,144.024
Ti xereis gia ta oneira,Yorgos Kazantzis,Ta paidia tis allis oxthis,0.299,0.233,-16.062,0.0325,0.754,2.18e-06,0.104,0.19,76.577
Melisses,Yorgos Kazantzis,Ta paidia tis allis oxthis,0.441,0.431,-8.664,0.0306,0.504,0.0,0.154,0.248,150.294
Mystiko,Yorgos Kazantzis,Ta paidia tis allis oxthis,0.437,0.125,-17.2,0.032,0.889,0.00239,0.0566,0.223,94.164
Ena vradi sto Plato,Yorgos Kazantzis,Ta paidia tis allis oxthis,0.655,0.32,-15.562,0.0328,0.247,0.0,0.166,0.382,119.954
I kyra tis Lemonias,Yorgos Kazantzis,Ta paidia tis allis oxthis,0.254,0.178,-19.749,0.0439,0.934,0.118,0.121,0.325,83.531
Smaragdina,Yorgos Kazantzis,Ta paidia tis allis oxthis,0.561,0.272,-12.317,0.0311,0.494,0.0,0.0872,0.467,130.121
Ta paidia tis allis oxthis,Yorgos Kazantzis,Ta paidia tis allis oxthis,0.633,0.301,-14.181,0.0329,0.562,0.0,0.141,0.363,127.122
Ayti i thalassa,Yorgos Kazantzis,Ta paidia tis allis oxthis,0.631,0.256,-16.603,0.0349,0.582,0.0,0.263,0.564,133.993
Elegeia,Yorgos Kazantzis,Ta paidia tis allis oxthis,0.15,0.149,-18.308,0.0379,0.957,0.167,0.124,0.0828,190.391
Thessaloniki poli tis aiwnias ivis,Yorgos Kazantzis,Ta paidia tis allis oxthis,0.62,0.237,-13.785,0.0296,0.753,0.0,0.115,0.381,131.487
To vals tis siopis,Yorgos Kazantzis,Ta paidia tis allis oxthis,0.28,0.245,-12.607,0.0323,0.772,0.00147,0.196,0.184,134.993
Fotia ston Nerona,Yorgos Kazantzis,Ta paidia tis allis oxthis,0.62,0.262,-17.895,0.0377,0.525,0.0,0.126,0.546,138.503
Anna Min Klais,Thanos Mikroutsikos,Tous Eho Varethei,0.596,0.321,-11.233,0.0308,0.913,0.000204,0.19,0.187,106.017
Ki Ithele Akomi,Thanos Mikroutsikos,Tous Eho Varethei,0.711,0.52,-10.201,0.0287,0.821,0.0455,0.13,0.71,137.964
I Roza,Thanos Mikroutsikos,Tous Eho Varethei,0.651,0.358,-14.514,0.0334,0.938,0.00298,0.594,0.309,130.013
Spleen,Thanos Mikroutsikos,Tous Eho Varethei,0.597,0.519,-9.185,0.0266,0.581,0.000153,0.0853,0.468,137.091
Monaxia.... Hiliades Fylla,Thanos Mikroutsikos,Tous Eho Varethei,0.649,0.427,-12.171,0.0302,0.839,0.000807,0.132,0.215,109.958
Gammagrafia Salvador Vo,Thanos Mikroutsikos,Tous Eho Varethei,0.432,0.306,-13.031,0.0355,0.905,0.0652,0.085,0.139,129.909
Anemologio,Thanos Mikroutsikos,Tous Eho Varethei,0.341,0.262,-16.271,0.0558,0.951,0.0487,0.0819,0.0854,72.95
O Chronos,Thanos Mikroutsikos,Tous Eho Varethei,0.666,0.57,-10.173,0.0328,0.772,0.0346,0.114,0.232,100.025
Stithaghi - An I Misi Mou Kardia,Thanos Mikroutsikos,Tous Eho Varethei,0.549,0.613,-8.069,0.0308,0.446,0.0,0.236,0.29,105.042
Aftous Tous Eho Varethei - Die Hab Ich Satt Gat,Thanos Mikroutsikos,Tous Eho Varethei,0.48,0.491,-10.083,0.0369,0.447,3.18e-05,0.0844,0.286,159.629
M' Aresei Na Mi Leo Polla,Ypogia Revmata,O Magos Koitazei Tin Poli,0.339,0.611,-8.846,0.0402,0.478,0.00098,0.131,0.363,160.335
Eironikon,Ypogia Revmata,O Magos Koitazei Tin Poli,0.601,0.798,-5.536,0.0446,0.154,8.1e-05,0.0428,0.662,138.058
Koitas Makria,Ypogia Revmata,O Magos Koitazei Tin Poli,0.356,0.311,-8.798,0.03,0.798,0.0105,0.0918,0.0527,111.064
San Fos,Ypogia Revmata,O Magos Koitazei Tin Poli,0.295,0.925,-3.667,0.178,0.54,0.0,0.0975,0.407,68.026
Andreikela,Ypogia Revmata,O Magos Koitazei Tin Poli,0.336,0.734,-6.894,0.0524,0.251,0.0997,0.0952,0.0571,129.232
Kineziko Portraito,Ypogia Revmata,O Magos Koitazei Tin Poli,0.381,0.608,-6.78,0.135,0.484,0.737,0.089,0.28,210.264
Vrohi,Ypogia Revmata,O Magos Koitazei Tin Poli,0.354,0.607,-6.876,0.0388,0.0176,0.619,0.106,0.227,117.542
Politevesai,Ypogia Revmata,O Magos Koitazei Tin Poli,0.669,0.7,-5.158,0.0396,0.0264,0.00245,0.351,0.942,127.251
Nychta,Ypogia Revmata,O Magos Koitazei Tin Poli,0.303,0.66,-6.924,0.0426,0.458,0.4,0.0971,0.249,139.034
Oneira Silikonis,Ypogia Revmata,O Magos Koitazei Tin Poli,0.444,0.763,-7.074,0.0393,0.534,0.769,0.19,0.422,120.92
Mesimeri,Ypogia Revmata,O Magos Koitazei Tin Poli,0.576,0.853,-5.11,0.0463,0.0396,0.168,0.094,0.823,116.23
Natasa,Ypogia Revmata,O Magos Koitazei Tin Poli,0.69,0.446,-10.418,0.0364,0.466,0.109,0.224,0.534,118.983
M' Aresei Na Mi Leo Polla - Live,Ypogia Revmata,M' Aresei Na Mi Leo Polla (Live Sto Theatro Vrahon),0.224,0.372,-15.776,0.0336,0.38,1.31e-05,0.87,0.263,80.127
Ble - Live,Ypogia Revmata,M' Aresei Na Mi Leo Polla (Live Sto Theatro Vrahon),0.762,0.352,-14.928,0.0353,0.637,0.298,0.66,0.367,101.302
Hartines Lexis - Live,Ypogia Revmata,M' Aresei Na Mi Leo Polla (Live Sto Theatro Vrahon),0.62,0.624,-12.927,0.0329,0.326,0.00162,0.939,0.941,95.135
Vrohi - Live,Ypogia Revmata,M' Aresei Na Mi Leo Polla (Live Sto Theatro Vrahon),0.354,0.628,-12.099,0.0376,0.0814,0.0199,0.661,0.124,114.912
San Fos - Live,Ypogia Revmata,M' Aresei Na Mi Leo Polla (Live Sto Theatro Vrahon),0.419,0.747,-11.438,0.0568,0.205,0.000117,0.163,0.455,138.336
Koitas Makria - Live,Ypogia Revmata,M' Aresei Na Mi Leo Polla (Live Sto Theatro Vrahon),0.707,0.418,-16.149,0.0898,0.485,8.82e-05,0.85,0.847,126.278
San Erima Karavia - Live,Ypogia Revmata,M' Aresei Na Mi Leo Polla (Live Sto Theatro Vrahon),0.432,0.322,-16.982,0.0348,0.493,0.000123,0.678,0.66,138.995
Asimenia Sfika - Live,Ypogia Revmata,M' Aresei Na Mi Leo Polla (Live Sto Theatro Vrahon),0.54,0.658,-12.494,0.0283,0.0668,0.0121,0.632,0.962,127.919
Nichta - Live,Ypogia Revmata,M' Aresei Na Mi Leo Polla (Live Sto Theatro Vrahon),0.397,0.55,-14.67,0.0327,0.00576,0.0289,0.271,0.477,134.257
Feta - Live,Ypogia Revmata,M' Aresei Na Mi Leo Polla (Live Sto Theatro Vrahon),0.581,0.507,-13.653,0.0298,0.118,7.09e-05,0.521,0.898,117.272
Politevese - Live,Ypogia Revmata,M' Aresei Na Mi Leo Polla (Live Sto Theatro Vrahon),0.627,0.58,-10.571,0.0319,0.0151,1.84e-05,0.718,0.935,125.876
Nanourisma - Live,Ypogia Revmata,M' Aresei Na Mi Leo Polla (Live Sto Theatro Vrahon),0.65,0.534,-12.954,0.0274,0.146,0.042,0.8,0.918,102.457
414... - Live,Ypogia Revmata,M' Aresei Na Mi Leo Polla (Live Sto Theatro Vrahon),0.421,0.464,-14.655,0.0523,0.202,0.0,0.695,0.783,142.333
Mesimeri - Live,Ypogia Revmata,M' Aresei Na Mi Leo Polla (Live Sto Theatro Vrahon),0.715,0.657,-11.698,0.043,0.209,0.00126,0.687,0.928,114.117
Polikos - Live,Ypogia Revmata,M' Aresei Na Mi Leo Polla (Live Sto Theatro Vrahon),0.759,0.465,-15.743,0.0309,0.138,6.15e-06,0.0874,0.932,126.89
Moro Mou Stasou Na Sou Po - Live,Ypogia Revmata,M' Aresei Na Mi Leo Polla (Live Sto Theatro Vrahon),0.793,0.573,-12.992,0.0342,0.107,0.00501,0.0737,0.953,119.742
Kenouria Selini,Ypogia Revmata,Tsalakomenes Meres,0.602,0.83,-8.773,0.0301,0.06,0.232,0.126,0.647,103.054
Stigmi,Ypogia Revmata,Tsalakomenes Meres,0.557,0.409,-9.671,0.0319,0.106,0.545,0.29,0.21,95.032
Pos Ponai Ena Hadi,Ypogia Revmata,Tsalakomenes Meres,0.507,0.285,-13.277,0.0369,0.713,0.00552,0.113,0.185,160.139
Bori Na Miazis,Ypogia Revmata,Tsalakomenes Meres,0.682,0.505,-10.955,0.0347,0.515,0.0237,0.268,0.643,124.116
Tsalakomenes Meres,Ypogia Revmata,Tsalakomenes Meres,0.605,0.759,-8.936,0.0902,0.179,0.00498,0.401,0.538,117.111
Adio Mystiko,Ypogia Revmata,Tsalakomenes Meres,0.635,0.298,-13.172,0.0403,0.809,0.000423,0.0909,0.12,124.962
Mia Fylaki,Ypogia Revmata,Tsalakomenes Meres,0.553,0.507,-13.662,0.0329,0.6,0.324,0.1,0.298,93.039
I Kilia Tis Siopis,Ypogia Revmata,Tsalakomenes Meres,0.501,0.289,-13.509,0.0292,0.742,0.0604,0.109,0.0646,90.068
Fones,Ypogia Revmata,Tsalakomenes Meres,0.333,0.814,-8.412,0.0929,0.452,0.0623,0.127,0.394,99.993
Ageras Drapetis,Ypogia Revmata,Tsalakomenes Meres,0.454,0.143,-14.228,0.0379,0.884,0.0195,0.191,0.147,114.977
Kyriaki,Ypogia Revmata,Paraloges,0.447,0.545,-13.793,0.0452,0.287,0.00213,0.094,0.827,123.531
San Erima Karavia,Ypogia Revmata,Paraloges,0.468,0.236,-16.714,0.0381,0.409,0.000514,0.107,0.579,144.871
Asimenia Sfika,Ypogia Revmata,Paraloges,0.552,0.678,-11.515,0.0337,0.0904,2.16e-06,0.157,0.884,128.743
O Orthos Ton Psihon,Ypogia Revmata,Paraloges,0.421,0.462,-14.274,0.0391,0.038,0.00219,0.15,0.699,104.82
Ymnos 414,Ypogia Revmata,Paraloges,0.554,0.23,-13.671,0.0616,0.0647,0.0,0.122,0.403,109.231
Chartines Lexis,Ypogia Revmata,Paraloges,0.677,0.497,-12.175,0.0773,0.275,6.45e-05,0.062,0.903,84.826
Nanourisma,Ypogia Revmata,Paraloges,0.705,0.627,-12.174,0.0384,0.176,0.00397,0.103,0.906,95.113
Septemvris,Ypogia Revmata,Paraloges,0.477,0.435,-13.158,0.0386,0.245,0.000291,0.0669,0.471,128.192
Sto Ipsos Ton Mation Mou,Ypogia Revmata,Paraloges,0.406,0.553,-12.859,0.0429,0.137,0.00311,0.0505,0.499,136.72
O Magos Kitazi Tin Poli,Ypogia Revmata,Paraloges,0.588,0.412,-13.66,0.0335,0.0585,0.643,0.275,0.563,125.359
Είμαι Μια Σκέψη,Ypogia Revmata,Μικρά Που Είν' Τα Όνειρα...,0.67,0.8,-4.454,0.046,0.0374,0.000141,0.069,0.715,110.112
Πάντα Θα Είμαι,Ypogia Revmata,Μικρά Που Είν' Τα Όνειρα...,0.65,0.697,-5.467,0.0281,0.00232,0.00172,0.279,0.346,122.05
Άγνωστοι Δρόμοι (Χωρίς Γυρισμό),Ypogia Revmata,Μικρά Που Είν' Τα Όνειρα...,0.727,0.654,-5.753,0.0284,0.522,0.00175,0.108,0.236,120.094
Μαύρες Γραμμές,Ypogia Revmata,Μικρά Που Είν' Τα Όνειρα...,0.653,0.598,-7.357,0.0271,0.0889,0.00378,0.0695,0.64,129.986
Για Μια Περήφανη Στιγμή,Ypogia Revmata,Μικρά Που Είν' Τα Όνειρα...,0.616,0.88,-6.205,0.029,0.0264,0.0249,0.162,0.678,93.016
Κακή Φωτιά,Ypogia Revmata,Μικρά Που Είν' Τα Όνειρα...,0.653,0.62,-5.368,0.0266,0.135,0.000124,0.0765,0.326,82.465
Ένα Φεγγάρι Του Χειμώνα,Ypogia Revmata,Μικρά Που Είν' Τα Όνειρα...,0.745,0.737,-4.722,0.0273,0.00535,0.001,0.099,0.692,127.986
Μικρά Που Είν' Τα Όνειρα,Ypogia Revmata,Μικρά Που Είν' Τα Όνειρα...,0.658,0.899,-5.103,0.0468,0.00138,2.02e-05,0.107,0.793,122.041
Το Παράσιτο,Ypogia Revmata,Μικρά Που Είν' Τα Όνειρα...,0.593,0.902,-4.898,0.0406,0.0318,0.0216,0.0972,0.733,95.113
Τι Να'ναι Αυτό,Ypogia Revmata,Μικρά Που Είν' Τα Όνειρα...,0.601,0.549,-7.486,0.027,0.00637,0.00198,0.0733,0.641,102.064
Ανάμεσα Στον Καιρό,Ypogia Revmata,Μικρά Που Είν' Τα Όνειρα...,0.632,0.75,-6.364,0.0577,0.0593,0.0224,0.0545,0.97,80.028
Σε Περιμένω,Ypogia Revmata,Μικρά Που Είν' Τα Όνειρα...,0.455,0.539,-7.554,0.0414,0.259,4.37e-05,0.108,0.237,173.997
Anemi,Ypogia Revmata,Ikones Sta Sinnefa,0.593,0.54,-6.867,0.0287,0.607,0.0003,0.113,0.518,140.026
Mikres Hamenes Meres,Ypogia Revmata,Ikones Sta Sinnefa,0.638,0.691,-7.121,0.0263,0.796,0.00981,0.178,0.367,135.04
Den me niazi,Ypogia Revmata,Ikones Sta Sinnefa,0.275,0.671,-6.48,0.0345,0.422,0.716,0.196,0.114,103.163
Na gelas,Ypogia Revmata,Ikones Sta Sinnefa,0.57,0.597,-6.028,0.0329,0.176,0.0,0.0959,0.304,73.015
Fevgis Makria,Ypogia Revmata,Ikones Sta Sinnefa,0.54,0.837,-4.783,0.0458,0.141,0.000375,0.101,0.478,143.753
Mikra Mistika,Ypogia Revmata,Ikones Sta Sinnefa,0.468,0.522,-8.636,0.0287,0.44,0.000171,0.121,0.224,75.052
Ikones sta sinnefa,Ypogia Revmata,Ikones Sta Sinnefa,0.501,0.751,-5.222,0.0322,0.0279,0.0799,0.0872,0.225,139.947
Polymnia,Ypogia Revmata,Ikones Sta Sinnefa,0.576,0.946,-5.42,0.098,0.267,0.0154,0.0851,0.458,124.944
Maria,Ypogia Revmata,Ikones Sta Sinnefa,0.389,0.791,-4.517,0.0596,0.0671,2.24e-06,0.0778,0.687,127.627
Alli mia fora,Ypogia Revmata,Ikones Sta Sinnefa,0.549,0.612,-6.536,0.0309,0.548,0.00511,0.0918,0.102,142.211
Tha me vris edo ksana,Ypogia Revmata,Ikones Sta Sinnefa,0.636,0.958,-4.905,0.0789,0.373,0.00355,0.0698,0.439,111.948
Pediko,Ypogia Revmata,Ikones Sta Sinnefa,0.607,0.496,-7.989,0.0349,0.813,1.56e-05,0.109,0.274,122.052
Tha m'agapao,Ypogia Revmata,Ikones Sta Sinnefa,0.507,0.833,-5.836,0.157,0.127,0.00281,0.654,0.296,157.08
Anasa pou svini,Ypogia Revmata,Ikones Sta Sinnefa,0.529,0.421,-8.11,0.0282,0.707,0.00362,0.0978,0.15,67.656
To Mono Eglima,Κόρε. Ύδρο.,Oli I Alithia Gia Ta Pedia Tou 78,0.4,0.155,-17.276,0.0499,0.78,0.00759,0.369,0.202,139.718
P + M = K - M,Κόρε. Ύδρο.,Oli I Alithia Gia Ta Pedia Tou 78,0.483,0.289,-13.055,0.0365,0.458,0.0125,0.278,0.314,148.095
To Telefteo (Mas) Kalokeri,Κόρε. Ύδρο.,Oli I Alithia Gia Ta Pedia Tou 78,0.379,0.398,-12.177,0.0365,0.245,0.342,0.197,0.294,147.973
Pikri Gefsi,Κόρε. Ύδρο.,Oli I Alithia Gia Ta Pedia Tou 78,0.379,0.314,-12.516,0.0379,0.101,0.0001,0.12,0.231,123.658
Edo Milane Gia Latria,Κόρε. Ύδρο.,Oli I Alithia Gia Ta Pedia Tou 78,0.334,0.319,-12.503,0.0331,0.617,0.000476,0.0729,0.253,135.111
Otan Ime Mazi Sou/Otan Ise Mazi Mou,Κόρε. Ύδρο.,Oli I Alithia Gia Ta Pedia Tou 78,0.488,0.31,-11.793,0.0331,0.477,8.06e-05,0.1,0.302,129.098
Proini Dierotisi (Gia Na Min Kathome Anergos),Κόρε. Ύδρο.,Oli I Alithia Gia Ta Pedia Tou 78,0.306,0.539,-9.888,0.0407,0.229,0.00452,0.126,0.325,123.588
(Atitlo),Κόρε. Ύδρο.,Oli I Alithia Gia Ta Pedia Tou 78,0.618,0.744,-23.478,0.0711,0.341,0.0809,0.133,0.0351,128.0
Pasha Sto Psihiatrio,Κόρε. Ύδρο.,Oli I Alithia Gia Ta Pedia Tou 78,0.479,0.15,-17.09,0.0343,0.662,0.104,0.113,0.128,119.83
Horis Epiklisi,Κόρε. Ύδρο.,Oli I Alithia Gia Ta Pedia Tou 78,0.348,0.491,-11.979,0.0392,0.0979,2.98e-05,0.197,0.164,122.21
Eki Pou Agapithikan,Κόρε. Ύδρο.,Oli I Alithia Gia Ta Pedia Tou 78,0.352,0.445,-10.488,0.0331,0.027,0.000257,0.079,0.308,119.714
1.000.000 Himones (Enilikiosi),Κόρε. Ύδρο.,Oli I Alithia Gia Ta Pedia Tou 78,0.452,0.422,-10.886,0.0285,0.00883,0.714,0.177,0.285,140.061
13 Mines Se 3 Lepta,Κόρε. Ύδρο.,Oli I Alithia Gia Ta Pedia Tou 78,0.429,0.294,-13.687,0.038,0.63,0.0754,0.257,0.0903,136.099
Itan Ola Apofasismena,Κόρε. Ύδρο.,Oli I Alithia Gia Ta Pedia Tou 78,0.487,0.387,-10.634,0.0317,0.331,0.0455,0.0826,0.249,144.001
Apologismi,Κόρε. Ύδρο.,Oli I Alithia Gia Ta Pedia Tou 78,0.397,0.365,-11.92,0.033,0.706,0.00144,0.0847,0.355,131.699
To Spiti,Κόρε. Ύδρο.,Ftini Pop Gia Tin Elit,0.392,0.468,-4.977,0.0349,0.614,0.546,0.0761,0.111,75.983
Hirapsia / Gay Anthem For The New Millennium,Κόρε. Ύδρο.,Ftini Pop Gia Tin Elit,0.265,0.51,-6.867,0.0305,0.177,0.0145,0.0671,0.116,133.053
I Erastes Tou Tipota,Κόρε. Ύδρο.,Ftini Pop Gia Tin Elit,0.437,0.746,-7.003,0.0318,0.00632,0.000112,0.308,0.36,147.995
Radar,Κόρε. Ύδρο.,Ftini Pop Gia Tin Elit,0.422,0.328,-10.477,0.0325,0.525,0.00947,0.113,0.078,123.712
Ohi Pia Erotes,Κόρε. Ύδρο.,Ftini Pop Gia Tin Elit,0.449,0.492,-7.381,0.0331,0.641,0.00118,0.134,0.144,70.959
Peri Pathous '05,Κόρε. Ύδρο.,Ftini Pop Gia Tin Elit,0.455,0.65,-6.434,0.0308,0.306,3.16e-05,0.24,0.212,122.069
Tora Pou Den Eho Kanenan,Κόρε. Ύδρο.,Ftini Pop Gia Tin Elit,0.254,0.878,-5.625,0.0759,0.0488,0.000672,0.0823,0.275,149.239
Xana Me Tous Kakous,Κόρε. Ύδρο.,Ftini Pop Gia Tin Elit,0.366,0.097,-20.21,0.0377,0.974,0.00795,0.0867,0.0392,115.372
Kamia Hristina,Κόρε. Ύδρο.,Ftini Pop Gia Tin Elit,0.385,0.601,-6.42,0.0322,0.195,0.000572,0.047,0.137,146.1
Alli Mia Nihta Sighisis Ke Geliou,Κόρε. Ύδρο.,Ftini Pop Gia Tin Elit,0.283,0.707,-5.884,0.036,0.0263,8.86e-05,0.387,0.132,153.407
Enas Efialtis,Κόρε. Ύδρο.,Ftini Pop Gia Tin Elit,0.261,0.192,-12.578,0.0357,0.802,0.0491,0.304,0.0519,135.808
Deftero Programma,Κόρε. Ύδρο.,Ftini Pop Gia Tin Elit,0.451,0.312,-8.58,0.0279,0.92,9.42e-05,0.0681,0.0808,136.217
